INFO - 2024-12-30 00:02:12 --> Session: Class initialized using 'CodeIgniter\Session\Handlers\DatabaseHandler' driver.
INFO - 2024-12-30 00:02:15 --> Session: Class initialized using 'CodeIgniter\Session\Handlers\DatabaseHandler' driver.
INFO - 2024-12-30 00:02:15 --> CSRF token verified.
INFO - 2024-12-30 00:08:08 --> Session: Class initialized using 'CodeIgniter\Session\Handlers\DatabaseHandler' driver.
INFO - 2024-12-30 00:14:39 --> Session: Class initialized using 'CodeIgniter\Session\Handlers\DatabaseHandler' driver.
INFO - 2024-12-30 00:15:10 --> Session: Class initialized using 'CodeIgniter\Session\Handlers\DatabaseHandler' driver.
INFO - 2024-12-30 00:15:14 --> Session: Class initialized using 'CodeIgniter\Session\Handlers\DatabaseHandler' driver.
INFO - 2024-12-30 00:16:10 --> Session: Class initialized using 'CodeIgniter\Session\Handlers\DatabaseHandler' driver.
INFO - 2024-12-30 00:17:40 --> Session: Class initialized using 'CodeIgniter\Session\Handlers\DatabaseHandler' driver.
INFO - 2024-12-30 00:24:00 --> Session: Class initialized using 'CodeIgniter\Session\Handlers\DatabaseHandler' driver.
INFO - 2024-12-30 00:37:12 --> Session: Class initialized using 'CodeIgniter\Session\Handlers\DatabaseHandler' driver.
INFO - 2024-12-30 00:46:34 --> Session: Class initialized using 'CodeIgniter\Session\Handlers\DatabaseHandler' driver.
INFO - 2024-12-30 00:53:35 --> Session: Class initialized using 'CodeIgniter\Session\Handlers\DatabaseHandler' driver.
INFO - 2024-12-30 00:54:53 --> Session: Class initialized using 'CodeIgniter\Session\Handlers\DatabaseHandler' driver.
INFO - 2024-12-30 00:56:31 --> Session: Class initialized using 'CodeIgniter\Session\Handlers\DatabaseHandler' driver.
INFO - 2024-12-30 01:03:00 --> Session: Class initialized using 'CodeIgniter\Session\Handlers\DatabaseHandler' driver.
INFO - 2024-12-30 01:05:40 --> Session: Class initialized using 'CodeIgniter\Session\Handlers\DatabaseHandler' driver.
INFO - 2024-12-30 01:12:51 --> Session: Class initialized using 'CodeIgniter\Session\Handlers\DatabaseHandler' driver.
INFO - 2024-12-30 01:15:28 --> Session: Class initialized using 'CodeIgniter\Session\Handlers\DatabaseHandler' driver.
INFO - 2024-12-30 01:19:25 --> Session: Class initialized using 'CodeIgniter\Session\Handlers\DatabaseHandler' driver.
INFO - 2024-12-30 01:19:26 --> Session: Class initialized using 'CodeIgniter\Session\Handlers\DatabaseHandler' driver.
INFO - 2024-12-30 01:19:27 --> Session: Class initialized using 'CodeIgniter\Session\Handlers\DatabaseHandler' driver.
INFO - 2024-12-30 01:22:24 --> Session: Class initialized using 'CodeIgniter\Session\Handlers\DatabaseHandler' driver.
INFO - 2024-12-30 01:23:34 --> Session: Class initialized using 'CodeIgniter\Session\Handlers\DatabaseHandler' driver.
INFO - 2024-12-30 01:23:35 --> Session: Class initialized using 'CodeIgniter\Session\Handlers\DatabaseHandler' driver.
INFO - 2024-12-30 01:23:35 --> CSRF token verified.
INFO - 2024-12-30 01:23:51 --> Session: Class initialized using 'CodeIgniter\Session\Handlers\DatabaseHandler' driver.
CRITICAL - 2024-12-30 01:23:51 --> ErrorException: Undefined variable $mainCategories
[Method: GET, Route: products]
in APPPATH/Views/product/products.php on line 123.
 1 APPPATH/Views/product/products.php(123): CodeIgniter\Debug\Exceptions->errorHandler(2, 'Undefined variable $mainCategories', '/home/carttalog/public_html/app/Views/product/products.php', 123)
 2 SYSTEMPATH/View/View.php(234): include('/home/carttalog/public_html/app/Views/product/products.php')
 3 SYSTEMPATH/View/View.php(237): CodeIgniter\View\View->CodeIgniter\View\{closure}()
 4 SYSTEMPATH/Common.php(1195): CodeIgniter\View\View->render('product/products', [], true)
 5 APPPATH/Controllers/HomeController.php(139): view('product/products', [...])
 6 SYSTEMPATH/CodeIgniter.php(933): App\Controllers\HomeController->products()
 7 SYSTEMPATH/CodeIgniter.php(509): CodeIgniter\CodeIgniter->runController(Object(App\Controllers\HomeController))
 8 SYSTEMPATH/CodeIgniter.php(355): CodeIgniter\CodeIgniter->handleRequest(null, Object(Config\Cache), false)
 9 SYSTEMPATH/Boot.php(325): CodeIgniter\CodeIgniter->run()
10 SYSTEMPATH/Boot.php(67): CodeIgniter\Boot::runCodeIgniter(Object(CodeIgniter\CodeIgniter))
11 FCPATH/index.php(56): CodeIgniter\Boot::bootWeb(Object(Config\Paths))
CRITICAL - 2024-12-30 01:23:51 --> ErrorException: Uncaught Error: Class "Locale" not found in /home/carttalog/public_html/system/Helpers/number_helper.php:140
Stack trace:
#0 /home/carttalog/public_html/system/Helpers/number_helper.php(58): format_number(17.11, 2, NULL, Array)
#1 /home/carttalog/public_html/system/Debug/BaseExceptionHandler.php(154): number_to_size(17.11, 2)
#2 /home/carttalog/public_html/app/Views/errors/html/error_exception.php(365): CodeIgniter\Debug\BaseExceptionHandler::describeMemory(17940480)
#3 /home/carttalog/public_html/system/Debug/BaseExceptionHandler.php(266): include('/home/carttalog...')
#4 /home/carttalog/public_html/system/Debug/BaseExceptionHandler.php(269): CodeIgniter\Debug\BaseExceptionHandler->CodeIgniter\Debug\{closure}()
#5 /home/carttalog/public_html/system/Debug/ExceptionHandler.php(114): CodeIgniter\Debug\BaseExceptionHandler->render(Object(ErrorException), 500, '/home/carttalog...')
#6 /home/carttalog/public_html/system/Debug/Exceptions.php(164): CodeIgniter\Debug\ExceptionHandler->handle(Object(ErrorException), Object(CodeIgniter\HTTP\IncomingRequest), Object(CodeIgniter\HTTP\Response), 500, 1)
#7 [internal function]: CodeIgniter\Debug\Exceptions->exceptionHandler(Object(ErrorException))
#8 {main}
  thrown
【Previous Exception】
ErrorException
Undefined variable $mainCategories
#0 /home/carttalog/public_html/app/Views/product/products.php(123): CodeIgniter\Debug\Exceptions->errorHandler(2, 'Undefined varia...', '/home/carttalog...', 123)
#1 /home/carttalog/public_html/system/View/View.php(234): include('/home/carttalog...')
#2 /home/carttalog/public_html/system/View/View.php(237): CodeIgniter\View\View->CodeIgniter\View\{closure}()
#3 /home/carttalog/public_html/system/Common.php(1195): CodeIgniter\View\View->render('product/product...', Array, true)
#4 /home/carttalog/public_html/app/Controllers/HomeController.php(139): view('product/product...', Array)
#5 /home/carttalog/public_html/system/CodeIgniter.php(933): App\Controllers\HomeController->products()
#6 /home/carttalog/public_html/system/CodeIgniter.php(509): CodeIgniter\CodeIgniter->runController(Object(App\Controllers\HomeController))
#7 /home/carttalog/public_html/system/CodeIgniter.php(355): CodeIgniter\CodeIgniter->handleRequest(NULL, Object(Config\Cache), false)
#8 /home/carttalog/public_html/system/Boot.php(325): CodeIgniter\CodeIgniter->run()
#9 /home/carttalog/public_html/system/Boot.php(67): CodeIgniter\Boot::runCodeIgniter(Object(CodeIgniter\CodeIgniter))
#10 /home/carttalog/public_html/index.php(56): CodeIgniter\Boot::bootWeb(Object(Config\Paths))
#11 {main}
[Method: GET, Route: products]
in SYSTEMPATH/Helpers/number_helper.php on line 140.
 1 [internal function]: CodeIgniter\Debug\Exceptions->shutdownHandler()
INFO - 2024-12-30 01:23:52 --> Session: Class initialized using 'CodeIgniter\Session\Handlers\DatabaseHandler' driver.
INFO - 2024-12-30 01:25:29 --> Session: Class initialized using 'CodeIgniter\Session\Handlers\DatabaseHandler' driver.
INFO - 2024-12-30 01:28:47 --> Session: Class initialized using 'CodeIgniter\Session\Handlers\DatabaseHandler' driver.
INFO - 2024-12-30 01:46:52 --> Session: Class initialized using 'CodeIgniter\Session\Handlers\DatabaseHandler' driver.
INFO - 2024-12-30 01:53:05 --> Session: Class initialized using 'CodeIgniter\Session\Handlers\DatabaseHandler' driver.
INFO - 2024-12-30 01:54:53 --> Session: Class initialized using 'CodeIgniter\Session\Handlers\DatabaseHandler' driver.
INFO - 2024-12-30 02:07:56 --> Session: Class initialized using 'CodeIgniter\Session\Handlers\DatabaseHandler' driver.
INFO - 2024-12-30 02:13:24 --> Session: Class initialized using 'CodeIgniter\Session\Handlers\DatabaseHandler' driver.
INFO - 2024-12-30 02:13:26 --> Session: Class initialized using 'CodeIgniter\Session\Handlers\DatabaseHandler' driver.
INFO - 2024-12-30 02:14:22 --> Session: Class initialized using 'CodeIgniter\Session\Handlers\DatabaseHandler' driver.
INFO - 2024-12-30 02:15:09 --> Session: Class initialized using 'CodeIgniter\Session\Handlers\DatabaseHandler' driver.
INFO - 2024-12-30 02:16:11 --> Session: Class initialized using 'CodeIgniter\Session\Handlers\DatabaseHandler' driver.
INFO - 2024-12-30 02:17:12 --> Session: Class initialized using 'CodeIgniter\Session\Handlers\DatabaseHandler' driver.
INFO - 2024-12-30 02:17:54 --> Session: Class initialized using 'CodeIgniter\Session\Handlers\DatabaseHandler' driver.
INFO - 2024-12-30 02:19:21 --> Session: Class initialized using 'CodeIgniter\Session\Handlers\DatabaseHandler' driver.
INFO - 2024-12-30 02:20:00 --> Session: Class initialized using 'CodeIgniter\Session\Handlers\DatabaseHandler' driver.
INFO - 2024-12-30 02:27:17 --> Session: Class initialized using 'CodeIgniter\Session\Handlers\DatabaseHandler' driver.
INFO - 2024-12-30 02:28:00 --> Session: Class initialized using 'CodeIgniter\Session\Handlers\DatabaseHandler' driver.
INFO - 2024-12-30 02:28:24 --> Session: Class initialized using 'CodeIgniter\Session\Handlers\DatabaseHandler' driver.
INFO - 2024-12-30 02:35:23 --> Session: Class initialized using 'CodeIgniter\Session\Handlers\DatabaseHandler' driver.
INFO - 2024-12-30 03:05:18 --> Session: Class initialized using 'CodeIgniter\Session\Handlers\DatabaseHandler' driver.
CRITICAL - 2024-12-30 03:05:18 --> CodeIgniter\HTTP\Exceptions\BadRequestException: The URI you submitted has disallowed characters: "اعمال"
[Method: GET, Route: ar/blog/%D8%A7%D8%B9%D9%85%D8%A7%D9%84]
in SYSTEMPATH/Router/Router.php on line 737.
 1 SYSTEMPATH/Router/Router.php(204): CodeIgniter\Router\Router->checkDisallowedChars('ar/blog/اعمال')
 2 SYSTEMPATH/CodeIgniter.php(834): CodeIgniter\Router\Router->handle('ar/blog/اعمال')
 3 SYSTEMPATH/CodeIgniter.php(457): CodeIgniter\CodeIgniter->tryToRouteIt(Object(CodeIgniter\Router\RouteCollection))
 4 SYSTEMPATH/CodeIgniter.php(355): CodeIgniter\CodeIgniter->handleRequest(null, Object(Config\Cache), false)
 5 SYSTEMPATH/Boot.php(325): CodeIgniter\CodeIgniter->run()
 6 SYSTEMPATH/Boot.php(67): CodeIgniter\Boot::runCodeIgniter(Object(CodeIgniter\CodeIgniter))
 7 FCPATH/index.php(56): CodeIgniter\Boot::bootWeb(Object(Config\Paths))
CRITICAL - 2024-12-30 03:05:18 --> ErrorException: Uncaught Error: Class "Locale" not found in /home/carttalog/public_html/system/Helpers/number_helper.php:140
Stack trace:
#0 /home/carttalog/public_html/system/Helpers/number_helper.php(58): format_number(10.0, 2, NULL, Array)
#1 /home/carttalog/public_html/system/Debug/BaseExceptionHandler.php(154): number_to_size(10.0, 2)
#2 /home/carttalog/public_html/app/Views/errors/html/error_exception.php(365): CodeIgniter\Debug\BaseExceptionHandler::describeMemory(10485760)
#3 /home/carttalog/public_html/system/Debug/BaseExceptionHandler.php(266): include('/home/carttalog...')
#4 /home/carttalog/public_html/system/Debug/BaseExceptionHandler.php(269): CodeIgniter\Debug\BaseExceptionHandler->CodeIgniter\Debug\{closure}()
#5 /home/carttalog/public_html/system/Debug/ExceptionHandler.php(114): CodeIgniter\Debug\BaseExceptionHandler->render(Object(CodeIgniter\HTTP\Exceptions\BadRequestException), 400, '/home/carttalog...')
#6 /home/carttalog/public_html/system/Debug/Exceptions.php(164): CodeIgniter\Debug\ExceptionHandler->handle(Object(CodeIgniter\HTTP\Exceptions\BadRequestException), Object(CodeIgniter\HTTP\IncomingRequest), Object(CodeIgniter\HTTP\Response), 400, 1)
#7 [internal function]: CodeIgniter\Debug\Exceptions->exceptionHandler(Object(CodeIgniter\HTTP\Exceptions\BadRequestException))
#8 {main}
  thrown
【Previous Exception】
CodeIgniter\HTTP\Exceptions\BadRequestException
The URI you submitted has disallowed characters: "اعمال"
#0 /home/carttalog/public_html/system/Router/Router.php(204): CodeIgniter\Router\Router->checkDisallowedChars('ar/blog/\xD8\xA7\xD8\xB9\xD9\x85\xD8...')
#1 /home/carttalog/public_html/system/CodeIgniter.php(834): CodeIgniter\Router\Router->handle('ar/blog/\xD8\xA7\xD8\xB9\xD9\x85\xD8...')
#2 /home/carttalog/public_html/system/CodeIgniter.php(457): CodeIgniter\CodeIgniter->tryToRouteIt(Object(CodeIgniter\Router\RouteCollection))
#3 /home/carttalog/public_html/system/CodeIgniter.php(355): CodeIgniter\CodeIgniter->handleRequest(NULL, Object(Config\Cache), false)
#4 /home/carttalog/public_html/system/Boot.php(325): CodeIgniter\CodeIgniter->run()
#5 /home/carttalog/public_html/system/Boot.php(67): CodeIgniter\Boot::runCodeIgniter(Object(CodeIgniter\CodeIgniter))
#6 /home/carttalog/public_html/index.php(56): CodeIgniter\Boot::bootWeb(Object(Config\Paths))
#7 {main}
[Method: GET, Route: ar/blog/%D8%A7%D8%B9%D9%85%D8%A7%D9%84]
in SYSTEMPATH/Helpers/number_helper.php on line 140.
 1 [internal function]: CodeIgniter\Debug\Exceptions->shutdownHandler()
INFO - 2024-12-30 03:05:21 --> Session: Class initialized using 'CodeIgniter\Session\Handlers\DatabaseHandler' driver.
CRITICAL - 2024-12-30 03:05:21 --> CodeIgniter\HTTP\Exceptions\BadRequestException: The URI you submitted has disallowed characters: "اعمال"
[Method: GET, Route: ar/blog/%D8%A7%D8%B9%D9%85%D8%A7%D9%84/%D8%A7%D9%84%D8%B9%D8%AF%D9%8A%D8%AF-%D9%85%D9%86-%D8%AD%D8%B2%D9%85-%D8%A7%D9%84%D9%86%D8%B4%D8%B1-%D8%A7%D9%84%D9%85%D9%83%D8%AA%D8%A8%D9%8A]
in SYSTEMPATH/Router/Router.php on line 737.
 1 SYSTEMPATH/Router/Router.php(204): CodeIgniter\Router\Router->checkDisallowedChars('ar/blog/اعمال/العديد-من-حزم-النشر-المكتبي')
 2 SYSTEMPATH/CodeIgniter.php(834): CodeIgniter\Router\Router->handle('ar/blog/اعمال/العديد-من-حزم-النشر-المكتبي')
 3 SYSTEMPATH/CodeIgniter.php(457): CodeIgniter\CodeIgniter->tryToRouteIt(Object(CodeIgniter\Router\RouteCollection))
 4 SYSTEMPATH/CodeIgniter.php(355): CodeIgniter\CodeIgniter->handleRequest(null, Object(Config\Cache), false)
 5 SYSTEMPATH/Boot.php(325): CodeIgniter\CodeIgniter->run()
 6 SYSTEMPATH/Boot.php(67): CodeIgniter\Boot::runCodeIgniter(Object(CodeIgniter\CodeIgniter))
 7 FCPATH/index.php(56): CodeIgniter\Boot::bootWeb(Object(Config\Paths))
CRITICAL - 2024-12-30 03:05:21 --> ErrorException: Uncaught Error: Class "Locale" not found in /home/carttalog/public_html/system/Helpers/number_helper.php:140
Stack trace:
#0 /home/carttalog/public_html/system/Helpers/number_helper.php(58): format_number(12.0, 2, NULL, Array)
#1 /home/carttalog/public_html/system/Debug/BaseExceptionHandler.php(154): number_to_size(12.0, 2)
#2 /home/carttalog/public_html/app/Views/errors/html/error_exception.php(365): CodeIgniter\Debug\BaseExceptionHandler::describeMemory(12582912)
#3 /home/carttalog/public_html/system/Debug/BaseExceptionHandler.php(266): include('/home/carttalog...')
#4 /home/carttalog/public_html/system/Debug/BaseExceptionHandler.php(269): CodeIgniter\Debug\BaseExceptionHandler->CodeIgniter\Debug\{closure}()
#5 /home/carttalog/public_html/system/Debug/ExceptionHandler.php(114): CodeIgniter\Debug\BaseExceptionHandler->render(Object(CodeIgniter\HTTP\Exceptions\BadRequestException), 400, '/home/carttalog...')
#6 /home/carttalog/public_html/system/Debug/Exceptions.php(164): CodeIgniter\Debug\ExceptionHandler->handle(Object(CodeIgniter\HTTP\Exceptions\BadRequestException), Object(CodeIgniter\HTTP\IncomingRequest), Object(CodeIgniter\HTTP\Response), 400, 1)
#7 [internal function]: CodeIgniter\Debug\Exceptions->exceptionHandler(Object(CodeIgniter\HTTP\Exceptions\BadRequestException))
#8 {main}
  thrown
【Previous Exception】
CodeIgniter\HTTP\Exceptions\BadRequestException
The URI you submitted has disallowed characters: "اعمال"
#0 /home/carttalog/public_html/system/Router/Router.php(204): CodeIgniter\Router\Router->checkDisallowedChars('ar/blog/\xD8\xA7\xD8\xB9\xD9\x85\xD8...')
#1 /home/carttalog/public_html/system/CodeIgniter.php(834): CodeIgniter\Router\Router->handle('ar/blog/\xD8\xA7\xD8\xB9\xD9\x85\xD8...')
#2 /home/carttalog/public_html/system/CodeIgniter.php(457): CodeIgniter\CodeIgniter->tryToRouteIt(Object(CodeIgniter\Router\RouteCollection))
#3 /home/carttalog/public_html/system/CodeIgniter.php(355): CodeIgniter\CodeIgniter->handleRequest(NULL, Object(Config\Cache), false)
#4 /home/carttalog/public_html/system/Boot.php(325): CodeIgniter\CodeIgniter->run()
#5 /home/carttalog/public_html/system/Boot.php(67): CodeIgniter\Boot::runCodeIgniter(Object(CodeIgniter\CodeIgniter))
#6 /home/carttalog/public_html/index.php(56): CodeIgniter\Boot::bootWeb(Object(Config\Paths))
#7 {main}
[Method: GET, Route: ar/blog/%D8%A7%D8%B9%D9%85%D8%A7%D9%84/%D8%A7%D9%84%D8%B9%D8%AF%D9%8A%D8%AF-%D9%85%D9%86-%D8%AD%D8%B2%D9%85-%D8%A7%D9%84%D9%86%D8%B4%D8%B1-%D8%A7%D9%84%D9%85%D9%83%D8%AA%D8%A8%D9%8A]
in SYSTEMPATH/Helpers/number_helper.php on line 140.
 1 [internal function]: CodeIgniter\Debug\Exceptions->shutdownHandler()
INFO - 2024-12-30 03:05:23 --> Session: Class initialized using 'CodeIgniter\Session\Handlers\DatabaseHandler' driver.
CRITICAL - 2024-12-30 03:05:23 --> CodeIgniter\HTTP\Exceptions\BadRequestException: The URI you submitted has disallowed characters: "اعمال"
[Method: GET, Route: ar/blog/%D8%A7%D8%B9%D9%85%D8%A7%D9%84/%D8%AE%D9%84%D8%A7%D9%81%D8%A7-%D9%84%D9%84%D8%A7%D8%B9%D8%AA%D9%82%D8%A7%D8%AF-%D8%A7%D9%84%D8%B4%D8%A7%D8%A6%D8%B9-%D9%84%D9%8A%D8%B3-%D9%85%D8%AC%D8%B1%D8%AF-%D9%86%D8%B5-%D8%B9%D8%B4%D9%88%D8%A7%D8%A6%D9%8A]
in SYSTEMPATH/Router/Router.php on line 737.
 1 SYSTEMPATH/Router/Router.php(204): CodeIgniter\Router\Router->checkDisallowedChars('ar/blog/اعمال/خلافا-للاعتقاد-الشائع-ليس-مجرد-نص-عشوائي')
 2 SYSTEMPATH/CodeIgniter.php(834): CodeIgniter\Router\Router->handle('ar/blog/اعمال/خلافا-للاعتقاد-الشائع-ليس-مجرد-نص-عشوائي')
 3 SYSTEMPATH/CodeIgniter.php(457): CodeIgniter\CodeIgniter->tryToRouteIt(Object(CodeIgniter\Router\RouteCollection))
 4 SYSTEMPATH/CodeIgniter.php(355): CodeIgniter\CodeIgniter->handleRequest(null, Object(Config\Cache), false)
 5 SYSTEMPATH/Boot.php(325): CodeIgniter\CodeIgniter->run()
 6 SYSTEMPATH/Boot.php(67): CodeIgniter\Boot::runCodeIgniter(Object(CodeIgniter\CodeIgniter))
 7 FCPATH/index.php(56): CodeIgniter\Boot::bootWeb(Object(Config\Paths))
CRITICAL - 2024-12-30 03:05:23 --> ErrorException: Uncaught Error: Class "Locale" not found in /home/carttalog/public_html/system/Helpers/number_helper.php:140
Stack trace:
#0 /home/carttalog/public_html/system/Helpers/number_helper.php(58): format_number(10.0, 2, NULL, Array)
#1 /home/carttalog/public_html/system/Debug/BaseExceptionHandler.php(154): number_to_size(10.0, 2)
#2 /home/carttalog/public_html/app/Views/errors/html/error_exception.php(365): CodeIgniter\Debug\BaseExceptionHandler::describeMemory(10485760)
#3 /home/carttalog/public_html/system/Debug/BaseExceptionHandler.php(266): include('/home/carttalog...')
#4 /home/carttalog/public_html/system/Debug/BaseExceptionHandler.php(269): CodeIgniter\Debug\BaseExceptionHandler->CodeIgniter\Debug\{closure}()
#5 /home/carttalog/public_html/system/Debug/ExceptionHandler.php(114): CodeIgniter\Debug\BaseExceptionHandler->render(Object(CodeIgniter\HTTP\Exceptions\BadRequestException), 400, '/home/carttalog...')
#6 /home/carttalog/public_html/system/Debug/Exceptions.php(164): CodeIgniter\Debug\ExceptionHandler->handle(Object(CodeIgniter\HTTP\Exceptions\BadRequestException), Object(CodeIgniter\HTTP\IncomingRequest), Object(CodeIgniter\HTTP\Response), 400, 1)
#7 [internal function]: CodeIgniter\Debug\Exceptions->exceptionHandler(Object(CodeIgniter\HTTP\Exceptions\BadRequestException))
#8 {main}
  thrown
【Previous Exception】
CodeIgniter\HTTP\Exceptions\BadRequestException
The URI you submitted has disallowed characters: "اعمال"
#0 /home/carttalog/public_html/system/Router/Router.php(204): CodeIgniter\Router\Router->checkDisallowedChars('ar/blog/\xD8\xA7\xD8\xB9\xD9\x85\xD8...')
#1 /home/carttalog/public_html/system/CodeIgniter.php(834): CodeIgniter\Router\Router->handle('ar/blog/\xD8\xA7\xD8\xB9\xD9\x85\xD8...')
#2 /home/carttalog/public_html/system/CodeIgniter.php(457): CodeIgniter\CodeIgniter->tryToRouteIt(Object(CodeIgniter\Router\RouteCollection))
#3 /home/carttalog/public_html/system/CodeIgniter.php(355): CodeIgniter\CodeIgniter->handleRequest(NULL, Object(Config\Cache), false)
#4 /home/carttalog/public_html/system/Boot.php(325): CodeIgniter\CodeIgniter->run()
#5 /home/carttalog/public_html/system/Boot.php(67): CodeIgniter\Boot::runCodeIgniter(Object(CodeIgniter\CodeIgniter))
#6 /home/carttalog/public_html/index.php(56): CodeIgniter\Boot::bootWeb(Object(Config\Paths))
#7 {main}
[Method: GET, Route: ar/blog/%D8%A7%D8%B9%D9%85%D8%A7%D9%84/%D8%AE%D9%84%D8%A7%D9%81%D8%A7-%D9%84%D9%84%D8%A7%D8%B9%D8%AA%D9%82%D8%A7%D8%AF-%D8%A7%D9%84%D8%B4%D8%A7%D8%A6%D8%B9-%D9%84%D9%8A%D8%B3-%D9%85%D8%AC%D8%B1%D8%AF-%D9%86%D8%B5-%D8%B9%D8%B4%D9%88%D8%A7%D8%A6%D9%8A]
in SYSTEMPATH/Helpers/number_helper.php on line 140.
 1 [internal function]: CodeIgniter\Debug\Exceptions->shutdownHandler()
INFO - 2024-12-30 03:05:26 --> Session: Class initialized using 'CodeIgniter\Session\Handlers\DatabaseHandler' driver.
CRITICAL - 2024-12-30 03:05:26 --> CodeIgniter\HTTP\Exceptions\BadRequestException: The URI you submitted has disallowed characters: "اعمال"
[Method: GET, Route: ar/blog/%D8%A7%D8%B9%D9%85%D8%A7%D9%84/%D8%B8%D8%B1%D9%88%D9%81-%D9%85%D8%B9%D9%8A%D9%86%D8%A9-%D9%88%D8%A8%D8%B3%D8%A8%D8%A8-%D8%A7%D9%84%D9%85%D8%B7%D8%A7%D9%84%D8%A8%D8%A7%D8%AA]
in SYSTEMPATH/Router/Router.php on line 737.
 1 SYSTEMPATH/Router/Router.php(204): CodeIgniter\Router\Router->checkDisallowedChars('ar/blog/اعمال/ظروف-معينة-وبسبب-المطالبات')
 2 SYSTEMPATH/CodeIgniter.php(834): CodeIgniter\Router\Router->handle('ar/blog/اعمال/ظروف-معينة-وبسبب-المطالبات')
 3 SYSTEMPATH/CodeIgniter.php(457): CodeIgniter\CodeIgniter->tryToRouteIt(Object(CodeIgniter\Router\RouteCollection))
 4 SYSTEMPATH/CodeIgniter.php(355): CodeIgniter\CodeIgniter->handleRequest(null, Object(Config\Cache), false)
 5 SYSTEMPATH/Boot.php(325): CodeIgniter\CodeIgniter->run()
 6 SYSTEMPATH/Boot.php(67): CodeIgniter\Boot::runCodeIgniter(Object(CodeIgniter\CodeIgniter))
 7 FCPATH/index.php(56): CodeIgniter\Boot::bootWeb(Object(Config\Paths))
CRITICAL - 2024-12-30 03:05:26 --> ErrorException: Uncaught Error: Class "Locale" not found in /home/carttalog/public_html/system/Helpers/number_helper.php:140
Stack trace:
#0 /home/carttalog/public_html/system/Helpers/number_helper.php(58): format_number(12.0, 2, NULL, Array)
#1 /home/carttalog/public_html/system/Debug/BaseExceptionHandler.php(154): number_to_size(12.0, 2)
#2 /home/carttalog/public_html/app/Views/errors/html/error_exception.php(365): CodeIgniter\Debug\BaseExceptionHandler::describeMemory(12582912)
#3 /home/carttalog/public_html/system/Debug/BaseExceptionHandler.php(266): include('/home/carttalog...')
#4 /home/carttalog/public_html/system/Debug/BaseExceptionHandler.php(269): CodeIgniter\Debug\BaseExceptionHandler->CodeIgniter\Debug\{closure}()
#5 /home/carttalog/public_html/system/Debug/ExceptionHandler.php(114): CodeIgniter\Debug\BaseExceptionHandler->render(Object(CodeIgniter\HTTP\Exceptions\BadRequestException), 400, '/home/carttalog...')
#6 /home/carttalog/public_html/system/Debug/Exceptions.php(164): CodeIgniter\Debug\ExceptionHandler->handle(Object(CodeIgniter\HTTP\Exceptions\BadRequestException), Object(CodeIgniter\HTTP\IncomingRequest), Object(CodeIgniter\HTTP\Response), 400, 1)
#7 [internal function]: CodeIgniter\Debug\Exceptions->exceptionHandler(Object(CodeIgniter\HTTP\Exceptions\BadRequestException))
#8 {main}
  thrown
【Previous Exception】
CodeIgniter\HTTP\Exceptions\BadRequestException
The URI you submitted has disallowed characters: "اعمال"
#0 /home/carttalog/public_html/system/Router/Router.php(204): CodeIgniter\Router\Router->checkDisallowedChars('ar/blog/\xD8\xA7\xD8\xB9\xD9\x85\xD8...')
#1 /home/carttalog/public_html/system/CodeIgniter.php(834): CodeIgniter\Router\Router->handle('ar/blog/\xD8\xA7\xD8\xB9\xD9\x85\xD8...')
#2 /home/carttalog/public_html/system/CodeIgniter.php(457): CodeIgniter\CodeIgniter->tryToRouteIt(Object(CodeIgniter\Router\RouteCollection))
#3 /home/carttalog/public_html/system/CodeIgniter.php(355): CodeIgniter\CodeIgniter->handleRequest(NULL, Object(Config\Cache), false)
#4 /home/carttalog/public_html/system/Boot.php(325): CodeIgniter\CodeIgniter->run()
#5 /home/carttalog/public_html/system/Boot.php(67): CodeIgniter\Boot::runCodeIgniter(Object(CodeIgniter\CodeIgniter))
#6 /home/carttalog/public_html/index.php(56): CodeIgniter\Boot::bootWeb(Object(Config\Paths))
#7 {main}
[Method: GET, Route: ar/blog/%D8%A7%D8%B9%D9%85%D8%A7%D9%84/%D8%B8%D8%B1%D9%88%D9%81-%D9%85%D8%B9%D9%8A%D9%86%D8%A9-%D9%88%D8%A8%D8%B3%D8%A8%D8%A8-%D8%A7%D9%84%D9%85%D8%B7%D8%A7%D9%84%D8%A8%D8%A7%D8%AA]
in SYSTEMPATH/Helpers/number_helper.php on line 140.
 1 [internal function]: CodeIgniter\Debug\Exceptions->shutdownHandler()
INFO - 2024-12-30 03:05:29 --> Session: Class initialized using 'CodeIgniter\Session\Handlers\DatabaseHandler' driver.
CRITICAL - 2024-12-30 03:05:29 --> CodeIgniter\HTTP\Exceptions\BadRequestException: The URI you submitted has disallowed characters: "لايف-ستايل"
[Method: GET, Route: ar/blog/%D9%84%D8%A7%D9%8A%D9%81-%D8%B3%D8%AA%D8%A7%D9%8A%D9%84]
in SYSTEMPATH/Router/Router.php on line 737.
 1 SYSTEMPATH/Router/Router.php(204): CodeIgniter\Router\Router->checkDisallowedChars('ar/blog/لايف-ستايل')
 2 SYSTEMPATH/CodeIgniter.php(834): CodeIgniter\Router\Router->handle('ar/blog/لايف-ستايل')
 3 SYSTEMPATH/CodeIgniter.php(457): CodeIgniter\CodeIgniter->tryToRouteIt(Object(CodeIgniter\Router\RouteCollection))
 4 SYSTEMPATH/CodeIgniter.php(355): CodeIgniter\CodeIgniter->handleRequest(null, Object(Config\Cache), false)
 5 SYSTEMPATH/Boot.php(325): CodeIgniter\CodeIgniter->run()
 6 SYSTEMPATH/Boot.php(67): CodeIgniter\Boot::runCodeIgniter(Object(CodeIgniter\CodeIgniter))
 7 FCPATH/index.php(56): CodeIgniter\Boot::bootWeb(Object(Config\Paths))
CRITICAL - 2024-12-30 03:05:29 --> ErrorException: Uncaught Error: Class "Locale" not found in /home/carttalog/public_html/system/Helpers/number_helper.php:140
Stack trace:
#0 /home/carttalog/public_html/system/Helpers/number_helper.php(58): format_number(10.0, 2, NULL, Array)
#1 /home/carttalog/public_html/system/Debug/BaseExceptionHandler.php(154): number_to_size(10.0, 2)
#2 /home/carttalog/public_html/app/Views/errors/html/error_exception.php(365): CodeIgniter\Debug\BaseExceptionHandler::describeMemory(10485760)
#3 /home/carttalog/public_html/system/Debug/BaseExceptionHandler.php(266): include('/home/carttalog...')
#4 /home/carttalog/public_html/system/Debug/BaseExceptionHandler.php(269): CodeIgniter\Debug\BaseExceptionHandler->CodeIgniter\Debug\{closure}()
#5 /home/carttalog/public_html/system/Debug/ExceptionHandler.php(114): CodeIgniter\Debug\BaseExceptionHandler->render(Object(CodeIgniter\HTTP\Exceptions\BadRequestException), 400, '/home/carttalog...')
#6 /home/carttalog/public_html/system/Debug/Exceptions.php(164): CodeIgniter\Debug\ExceptionHandler->handle(Object(CodeIgniter\HTTP\Exceptions\BadRequestException), Object(CodeIgniter\HTTP\IncomingRequest), Object(CodeIgniter\HTTP\Response), 400, 1)
#7 [internal function]: CodeIgniter\Debug\Exceptions->exceptionHandler(Object(CodeIgniter\HTTP\Exceptions\BadRequestException))
#8 {main}
  thrown
【Previous Exception】
CodeIgniter\HTTP\Exceptions\BadRequestException
The URI you submitted has disallowed characters: "لايف-ستايل"
#0 /home/carttalog/public_html/system/Router/Router.php(204): CodeIgniter\Router\Router->checkDisallowedChars('ar/blog/\xD9\x84\xD8\xA7\xD9\x8A\xD9...')
#1 /home/carttalog/public_html/system/CodeIgniter.php(834): CodeIgniter\Router\Router->handle('ar/blog/\xD9\x84\xD8\xA7\xD9\x8A\xD9...')
#2 /home/carttalog/public_html/system/CodeIgniter.php(457): CodeIgniter\CodeIgniter->tryToRouteIt(Object(CodeIgniter\Router\RouteCollection))
#3 /home/carttalog/public_html/system/CodeIgniter.php(355): CodeIgniter\CodeIgniter->handleRequest(NULL, Object(Config\Cache), false)
#4 /home/carttalog/public_html/system/Boot.php(325): CodeIgniter\CodeIgniter->run()
#5 /home/carttalog/public_html/system/Boot.php(67): CodeIgniter\Boot::runCodeIgniter(Object(CodeIgniter\CodeIgniter))
#6 /home/carttalog/public_html/index.php(56): CodeIgniter\Boot::bootWeb(Object(Config\Paths))
#7 {main}
[Method: GET, Route: ar/blog/%D9%84%D8%A7%D9%8A%D9%81-%D8%B3%D8%AA%D8%A7%D9%8A%D9%84]
in SYSTEMPATH/Helpers/number_helper.php on line 140.
 1 [internal function]: CodeIgniter\Debug\Exceptions->shutdownHandler()
INFO - 2024-12-30 03:05:31 --> Session: Class initialized using 'CodeIgniter\Session\Handlers\DatabaseHandler' driver.
CRITICAL - 2024-12-30 03:05:31 --> CodeIgniter\HTTP\Exceptions\BadRequestException: The URI you submitted has disallowed characters: "لايف-ستايل"
[Method: GET, Route: ar/blog/%D9%84%D8%A7%D9%8A%D9%81-%D8%B3%D8%AA%D8%A7%D9%8A%D9%84/%D8%AA%D8%B7%D9%88%D8%B1%D8%AA-%D8%A5%D8%B5%D8%AF%D8%A7%D8%B1%D8%A7%D8%AA-%D9%85%D8%AE%D8%AA%D9%84%D9%81%D8%A9-%D8%B9%D9%84%D9%89-%D9%85%D8%B1-%D8%A7%D9%84%D8%B3%D9%86%D9%8A%D9%86]
in SYSTEMPATH/Router/Router.php on line 737.
 1 SYSTEMPATH/Router/Router.php(204): CodeIgniter\Router\Router->checkDisallowedChars('ar/blog/لايف-ستايل/تطورت-إصدارات-مختلفة-على-مر-السنين')
 2 SYSTEMPATH/CodeIgniter.php(834): CodeIgniter\Router\Router->handle('ar/blog/لايف-ستايل/تطورت-إصدارات-مختلفة-على-مر-السنين')
 3 SYSTEMPATH/CodeIgniter.php(457): CodeIgniter\CodeIgniter->tryToRouteIt(Object(CodeIgniter\Router\RouteCollection))
 4 SYSTEMPATH/CodeIgniter.php(355): CodeIgniter\CodeIgniter->handleRequest(null, Object(Config\Cache), false)
 5 SYSTEMPATH/Boot.php(325): CodeIgniter\CodeIgniter->run()
 6 SYSTEMPATH/Boot.php(67): CodeIgniter\Boot::runCodeIgniter(Object(CodeIgniter\CodeIgniter))
 7 FCPATH/index.php(56): CodeIgniter\Boot::bootWeb(Object(Config\Paths))
CRITICAL - 2024-12-30 03:05:31 --> ErrorException: Uncaught Error: Class "Locale" not found in /home/carttalog/public_html/system/Helpers/number_helper.php:140
Stack trace:
#0 /home/carttalog/public_html/system/Helpers/number_helper.php(58): format_number(10.0, 2, NULL, Array)
#1 /home/carttalog/public_html/system/Debug/BaseExceptionHandler.php(154): number_to_size(10.0, 2)
#2 /home/carttalog/public_html/app/Views/errors/html/error_exception.php(365): CodeIgniter\Debug\BaseExceptionHandler::describeMemory(10485760)
#3 /home/carttalog/public_html/system/Debug/BaseExceptionHandler.php(266): include('/home/carttalog...')
#4 /home/carttalog/public_html/system/Debug/BaseExceptionHandler.php(269): CodeIgniter\Debug\BaseExceptionHandler->CodeIgniter\Debug\{closure}()
#5 /home/carttalog/public_html/system/Debug/ExceptionHandler.php(114): CodeIgniter\Debug\BaseExceptionHandler->render(Object(CodeIgniter\HTTP\Exceptions\BadRequestException), 400, '/home/carttalog...')
#6 /home/carttalog/public_html/system/Debug/Exceptions.php(164): CodeIgniter\Debug\ExceptionHandler->handle(Object(CodeIgniter\HTTP\Exceptions\BadRequestException), Object(CodeIgniter\HTTP\IncomingRequest), Object(CodeIgniter\HTTP\Response), 400, 1)
#7 [internal function]: CodeIgniter\Debug\Exceptions->exceptionHandler(Object(CodeIgniter\HTTP\Exceptions\BadRequestException))
#8 {main}
  thrown
【Previous Exception】
CodeIgniter\HTTP\Exceptions\BadRequestException
The URI you submitted has disallowed characters: "لايف-ستايل"
#0 /home/carttalog/public_html/system/Router/Router.php(204): CodeIgniter\Router\Router->checkDisallowedChars('ar/blog/\xD9\x84\xD8\xA7\xD9\x8A\xD9...')
#1 /home/carttalog/public_html/system/CodeIgniter.php(834): CodeIgniter\Router\Router->handle('ar/blog/\xD9\x84\xD8\xA7\xD9\x8A\xD9...')
#2 /home/carttalog/public_html/system/CodeIgniter.php(457): CodeIgniter\CodeIgniter->tryToRouteIt(Object(CodeIgniter\Router\RouteCollection))
#3 /home/carttalog/public_html/system/CodeIgniter.php(355): CodeIgniter\CodeIgniter->handleRequest(NULL, Object(Config\Cache), false)
#4 /home/carttalog/public_html/system/Boot.php(325): CodeIgniter\CodeIgniter->run()
#5 /home/carttalog/public_html/system/Boot.php(67): CodeIgniter\Boot::runCodeIgniter(Object(CodeIgniter\CodeIgniter))
#6 /home/carttalog/public_html/index.php(56): CodeIgniter\Boot::bootWeb(Object(Config\Paths))
#7 {main}
[Method: GET, Route: ar/blog/%D9%84%D8%A7%D9%8A%D9%81-%D8%B3%D8%AA%D8%A7%D9%8A%D9%84/%D8%AA%D8%B7%D9%88%D8%B1%D8%AA-%D8%A5%D8%B5%D8%AF%D8%A7%D8%B1%D8%A7%D8%AA-%D9%85%D8%AE%D8%AA%D9%84%D9%81%D8%A9-%D8%B9%D9%84%D9%89-%D9%85%D8%B1-%D8%A7%D9%84%D8%B3%D9%86%D9%8A%D9%86]
in SYSTEMPATH/Helpers/number_helper.php on line 140.
 1 [internal function]: CodeIgniter\Debug\Exceptions->shutdownHandler()
INFO - 2024-12-30 03:05:34 --> Session: Class initialized using 'CodeIgniter\Session\Handlers\DatabaseHandler' driver.
CRITICAL - 2024-12-30 03:05:34 --> CodeIgniter\HTTP\Exceptions\BadRequestException: The URI you submitted has disallowed characters: "لايف-ستايل"
[Method: GET, Route: ar/blog/%D9%84%D8%A7%D9%8A%D9%81-%D8%B3%D8%AA%D8%A7%D9%8A%D9%84/%D9%87%D9%86%D8%A7%D9%83-%D8%A7%D9%84%D8%B9%D8%AF%D9%8A%D8%AF-%D9%85%D9%86-%D8%A7%D9%84%D8%A7%D8%AE%D8%AA%D9%84%D8%A7%D9%81%D8%A7%D8%AA-%D9%81%D9%8A-%D8%A7%D9%84%D9%81%D9%82%D8%B1%D8%A7%D8%AA]
in SYSTEMPATH/Router/Router.php on line 737.
 1 SYSTEMPATH/Router/Router.php(204): CodeIgniter\Router\Router->checkDisallowedChars('ar/blog/لايف-ستايل/هناك-العديد-من-الاختلافات-في-الفقرات')
 2 SYSTEMPATH/CodeIgniter.php(834): CodeIgniter\Router\Router->handle('ar/blog/لايف-ستايل/هناك-العديد-من-الاختلافات-في-الفقرات')
 3 SYSTEMPATH/CodeIgniter.php(457): CodeIgniter\CodeIgniter->tryToRouteIt(Object(CodeIgniter\Router\RouteCollection))
 4 SYSTEMPATH/CodeIgniter.php(355): CodeIgniter\CodeIgniter->handleRequest(null, Object(Config\Cache), false)
 5 SYSTEMPATH/Boot.php(325): CodeIgniter\CodeIgniter->run()
 6 SYSTEMPATH/Boot.php(67): CodeIgniter\Boot::runCodeIgniter(Object(CodeIgniter\CodeIgniter))
 7 FCPATH/index.php(56): CodeIgniter\Boot::bootWeb(Object(Config\Paths))
CRITICAL - 2024-12-30 03:05:34 --> ErrorException: Uncaught Error: Class "Locale" not found in /home/carttalog/public_html/system/Helpers/number_helper.php:140
Stack trace:
#0 /home/carttalog/public_html/system/Helpers/number_helper.php(58): format_number(10.0, 2, NULL, Array)
#1 /home/carttalog/public_html/system/Debug/BaseExceptionHandler.php(154): number_to_size(10.0, 2)
#2 /home/carttalog/public_html/app/Views/errors/html/error_exception.php(365): CodeIgniter\Debug\BaseExceptionHandler::describeMemory(10485760)
#3 /home/carttalog/public_html/system/Debug/BaseExceptionHandler.php(266): include('/home/carttalog...')
#4 /home/carttalog/public_html/system/Debug/BaseExceptionHandler.php(269): CodeIgniter\Debug\BaseExceptionHandler->CodeIgniter\Debug\{closure}()
#5 /home/carttalog/public_html/system/Debug/ExceptionHandler.php(114): CodeIgniter\Debug\BaseExceptionHandler->render(Object(CodeIgniter\HTTP\Exceptions\BadRequestException), 400, '/home/carttalog...')
#6 /home/carttalog/public_html/system/Debug/Exceptions.php(164): CodeIgniter\Debug\ExceptionHandler->handle(Object(CodeIgniter\HTTP\Exceptions\BadRequestException), Object(CodeIgniter\HTTP\IncomingRequest), Object(CodeIgniter\HTTP\Response), 400, 1)
#7 [internal function]: CodeIgniter\Debug\Exceptions->exceptionHandler(Object(CodeIgniter\HTTP\Exceptions\BadRequestException))
#8 {main}
  thrown
【Previous Exception】
CodeIgniter\HTTP\Exceptions\BadRequestException
The URI you submitted has disallowed characters: "لايف-ستايل"
#0 /home/carttalog/public_html/system/Router/Router.php(204): CodeIgniter\Router\Router->checkDisallowedChars('ar/blog/\xD9\x84\xD8\xA7\xD9\x8A\xD9...')
#1 /home/carttalog/public_html/system/CodeIgniter.php(834): CodeIgniter\Router\Router->handle('ar/blog/\xD9\x84\xD8\xA7\xD9\x8A\xD9...')
#2 /home/carttalog/public_html/system/CodeIgniter.php(457): CodeIgniter\CodeIgniter->tryToRouteIt(Object(CodeIgniter\Router\RouteCollection))
#3 /home/carttalog/public_html/system/CodeIgniter.php(355): CodeIgniter\CodeIgniter->handleRequest(NULL, Object(Config\Cache), false)
#4 /home/carttalog/public_html/system/Boot.php(325): CodeIgniter\CodeIgniter->run()
#5 /home/carttalog/public_html/system/Boot.php(67): CodeIgniter\Boot::runCodeIgniter(Object(CodeIgniter\CodeIgniter))
#6 /home/carttalog/public_html/index.php(56): CodeIgniter\Boot::bootWeb(Object(Config\Paths))
#7 {main}
[Method: GET, Route: ar/blog/%D9%84%D8%A7%D9%8A%D9%81-%D8%B3%D8%AA%D8%A7%D9%8A%D9%84/%D9%87%D9%86%D8%A7%D9%83-%D8%A7%D9%84%D8%B9%D8%AF%D9%8A%D8%AF-%D9%85%D9%86-%D8%A7%D9%84%D8%A7%D8%AE%D8%AA%D9%84%D8%A7%D9%81%D8%A7%D8%AA-%D9%81%D9%8A-%D8%A7%D9%84%D9%81%D9%82%D8%B1%D8%A7%D8%AA]
in SYSTEMPATH/Helpers/number_helper.php on line 140.
 1 [internal function]: CodeIgniter\Debug\Exceptions->shutdownHandler()
INFO - 2024-12-30 03:05:36 --> Session: Class initialized using 'CodeIgniter\Session\Handlers\DatabaseHandler' driver.
CRITICAL - 2024-12-30 03:05:36 --> CodeIgniter\HTTP\Exceptions\BadRequestException: The URI you submitted has disallowed characters: "موضه"
[Method: GET, Route: ar/blog/%D9%85%D9%88%D8%B6%D9%87]
in SYSTEMPATH/Router/Router.php on line 737.
 1 SYSTEMPATH/Router/Router.php(204): CodeIgniter\Router\Router->checkDisallowedChars('ar/blog/موضه')
 2 SYSTEMPATH/CodeIgniter.php(834): CodeIgniter\Router\Router->handle('ar/blog/موضه')
 3 SYSTEMPATH/CodeIgniter.php(457): CodeIgniter\CodeIgniter->tryToRouteIt(Object(CodeIgniter\Router\RouteCollection))
 4 SYSTEMPATH/CodeIgniter.php(355): CodeIgniter\CodeIgniter->handleRequest(null, Object(Config\Cache), false)
 5 SYSTEMPATH/Boot.php(325): CodeIgniter\CodeIgniter->run()
 6 SYSTEMPATH/Boot.php(67): CodeIgniter\Boot::runCodeIgniter(Object(CodeIgniter\CodeIgniter))
 7 FCPATH/index.php(56): CodeIgniter\Boot::bootWeb(Object(Config\Paths))
CRITICAL - 2024-12-30 03:05:36 --> ErrorException: Uncaught Error: Class "Locale" not found in /home/carttalog/public_html/system/Helpers/number_helper.php:140
Stack trace:
#0 /home/carttalog/public_html/system/Helpers/number_helper.php(58): format_number(12.0, 2, NULL, Array)
#1 /home/carttalog/public_html/system/Debug/BaseExceptionHandler.php(154): number_to_size(12.0, 2)
#2 /home/carttalog/public_html/app/Views/errors/html/error_exception.php(365): CodeIgniter\Debug\BaseExceptionHandler::describeMemory(12582912)
#3 /home/carttalog/public_html/system/Debug/BaseExceptionHandler.php(266): include('/home/carttalog...')
#4 /home/carttalog/public_html/system/Debug/BaseExceptionHandler.php(269): CodeIgniter\Debug\BaseExceptionHandler->CodeIgniter\Debug\{closure}()
#5 /home/carttalog/public_html/system/Debug/ExceptionHandler.php(114): CodeIgniter\Debug\BaseExceptionHandler->render(Object(CodeIgniter\HTTP\Exceptions\BadRequestException), 400, '/home/carttalog...')
#6 /home/carttalog/public_html/system/Debug/Exceptions.php(164): CodeIgniter\Debug\ExceptionHandler->handle(Object(CodeIgniter\HTTP\Exceptions\BadRequestException), Object(CodeIgniter\HTTP\IncomingRequest), Object(CodeIgniter\HTTP\Response), 400, 1)
#7 [internal function]: CodeIgniter\Debug\Exceptions->exceptionHandler(Object(CodeIgniter\HTTP\Exceptions\BadRequestException))
#8 {main}
  thrown
【Previous Exception】
CodeIgniter\HTTP\Exceptions\BadRequestException
The URI you submitted has disallowed characters: "موضه"
#0 /home/carttalog/public_html/system/Router/Router.php(204): CodeIgniter\Router\Router->checkDisallowedChars('ar/blog/\xD9\x85\xD9\x88\xD8\xB6\xD9...')
#1 /home/carttalog/public_html/system/CodeIgniter.php(834): CodeIgniter\Router\Router->handle('ar/blog/\xD9\x85\xD9\x88\xD8\xB6\xD9...')
#2 /home/carttalog/public_html/system/CodeIgniter.php(457): CodeIgniter\CodeIgniter->tryToRouteIt(Object(CodeIgniter\Router\RouteCollection))
#3 /home/carttalog/public_html/system/CodeIgniter.php(355): CodeIgniter\CodeIgniter->handleRequest(NULL, Object(Config\Cache), false)
#4 /home/carttalog/public_html/system/Boot.php(325): CodeIgniter\CodeIgniter->run()
#5 /home/carttalog/public_html/system/Boot.php(67): CodeIgniter\Boot::runCodeIgniter(Object(CodeIgniter\CodeIgniter))
#6 /home/carttalog/public_html/index.php(56): CodeIgniter\Boot::bootWeb(Object(Config\Paths))
#7 {main}
[Method: GET, Route: ar/blog/%D9%85%D9%88%D8%B6%D9%87]
in SYSTEMPATH/Helpers/number_helper.php on line 140.
 1 [internal function]: CodeIgniter\Debug\Exceptions->shutdownHandler()
INFO - 2024-12-30 03:05:39 --> Session: Class initialized using 'CodeIgniter\Session\Handlers\DatabaseHandler' driver.
CRITICAL - 2024-12-30 03:05:39 --> CodeIgniter\HTTP\Exceptions\BadRequestException: The URI you submitted has disallowed characters: "موضه"
[Method: GET, Route: ar/blog/%D9%85%D9%88%D8%B6%D9%87/%D8%AA%D8%B6%D9%8A%D8%B9-%D9%84%D9%85%D8%A7%D8%B0%D8%A7-%D9%86%D8%B5%D9%81-%D9%82%D8%AF-%D8%A7%D9%82%D8%AA%D8%B1%D8%A8%D8%AA]
in SYSTEMPATH/Router/Router.php on line 737.
 1 SYSTEMPATH/Router/Router.php(204): CodeIgniter\Router\Router->checkDisallowedChars('ar/blog/موضه/تضيع-لماذا-نصف-قد-اقتربت')
 2 SYSTEMPATH/CodeIgniter.php(834): CodeIgniter\Router\Router->handle('ar/blog/موضه/تضيع-لماذا-نصف-قد-اقتربت')
 3 SYSTEMPATH/CodeIgniter.php(457): CodeIgniter\CodeIgniter->tryToRouteIt(Object(CodeIgniter\Router\RouteCollection))
 4 SYSTEMPATH/CodeIgniter.php(355): CodeIgniter\CodeIgniter->handleRequest(null, Object(Config\Cache), false)
 5 SYSTEMPATH/Boot.php(325): CodeIgniter\CodeIgniter->run()
 6 SYSTEMPATH/Boot.php(67): CodeIgniter\Boot::runCodeIgniter(Object(CodeIgniter\CodeIgniter))
 7 FCPATH/index.php(56): CodeIgniter\Boot::bootWeb(Object(Config\Paths))
CRITICAL - 2024-12-30 03:05:39 --> ErrorException: Uncaught Error: Class "Locale" not found in /home/carttalog/public_html/system/Helpers/number_helper.php:140
Stack trace:
#0 /home/carttalog/public_html/system/Helpers/number_helper.php(58): format_number(12.0, 2, NULL, Array)
#1 /home/carttalog/public_html/system/Debug/BaseExceptionHandler.php(154): number_to_size(12.0, 2)
#2 /home/carttalog/public_html/app/Views/errors/html/error_exception.php(365): CodeIgniter\Debug\BaseExceptionHandler::describeMemory(12582912)
#3 /home/carttalog/public_html/system/Debug/BaseExceptionHandler.php(266): include('/home/carttalog...')
#4 /home/carttalog/public_html/system/Debug/BaseExceptionHandler.php(269): CodeIgniter\Debug\BaseExceptionHandler->CodeIgniter\Debug\{closure}()
#5 /home/carttalog/public_html/system/Debug/ExceptionHandler.php(114): CodeIgniter\Debug\BaseExceptionHandler->render(Object(CodeIgniter\HTTP\Exceptions\BadRequestException), 400, '/home/carttalog...')
#6 /home/carttalog/public_html/system/Debug/Exceptions.php(164): CodeIgniter\Debug\ExceptionHandler->handle(Object(CodeIgniter\HTTP\Exceptions\BadRequestException), Object(CodeIgniter\HTTP\IncomingRequest), Object(CodeIgniter\HTTP\Response), 400, 1)
#7 [internal function]: CodeIgniter\Debug\Exceptions->exceptionHandler(Object(CodeIgniter\HTTP\Exceptions\BadRequestException))
#8 {main}
  thrown
【Previous Exception】
CodeIgniter\HTTP\Exceptions\BadRequestException
The URI you submitted has disallowed characters: "موضه"
#0 /home/carttalog/public_html/system/Router/Router.php(204): CodeIgniter\Router\Router->checkDisallowedChars('ar/blog/\xD9\x85\xD9\x88\xD8\xB6\xD9...')
#1 /home/carttalog/public_html/system/CodeIgniter.php(834): CodeIgniter\Router\Router->handle('ar/blog/\xD9\x85\xD9\x88\xD8\xB6\xD9...')
#2 /home/carttalog/public_html/system/CodeIgniter.php(457): CodeIgniter\CodeIgniter->tryToRouteIt(Object(CodeIgniter\Router\RouteCollection))
#3 /home/carttalog/public_html/system/CodeIgniter.php(355): CodeIgniter\CodeIgniter->handleRequest(NULL, Object(Config\Cache), false)
#4 /home/carttalog/public_html/system/Boot.php(325): CodeIgniter\CodeIgniter->run()
#5 /home/carttalog/public_html/system/Boot.php(67): CodeIgniter\Boot::runCodeIgniter(Object(CodeIgniter\CodeIgniter))
#6 /home/carttalog/public_html/index.php(56): CodeIgniter\Boot::bootWeb(Object(Config\Paths))
#7 {main}
[Method: GET, Route: ar/blog/%D9%85%D9%88%D8%B6%D9%87/%D8%AA%D8%B6%D9%8A%D8%B9-%D9%84%D9%85%D8%A7%D8%B0%D8%A7-%D9%86%D8%B5%D9%81-%D9%82%D8%AF-%D8%A7%D9%82%D8%AA%D8%B1%D8%A8%D8%AA]
in SYSTEMPATH/Helpers/number_helper.php on line 140.
 1 [internal function]: CodeIgniter\Debug\Exceptions->shutdownHandler()
INFO - 2024-12-30 03:05:41 --> Session: Class initialized using 'CodeIgniter\Session\Handlers\DatabaseHandler' driver.
CRITICAL - 2024-12-30 03:05:41 --> CodeIgniter\HTTP\Exceptions\BadRequestException: The URI you submitted has disallowed characters: "موضه"
[Method: GET, Route: ar/blog/%D9%85%D9%88%D8%B6%D9%87/%D8%AC%D9%85%D9%8A%D8%B9-%D8%A7%D9%84%D9%85%D9%88%D9%84%D8%AF%D8%A7%D8%AA-%D8%B9%D9%84%D9%89-%D8%A7%D9%84%D8%A5%D9%86%D8%AA%D8%B1%D9%86%D8%AA]
in SYSTEMPATH/Router/Router.php on line 737.
 1 SYSTEMPATH/Router/Router.php(204): CodeIgniter\Router\Router->checkDisallowedChars('ar/blog/موضه/جميع-المولدات-على-الإنترنت')
 2 SYSTEMPATH/CodeIgniter.php(834): CodeIgniter\Router\Router->handle('ar/blog/موضه/جميع-المولدات-على-الإنترنت')
 3 SYSTEMPATH/CodeIgniter.php(457): CodeIgniter\CodeIgniter->tryToRouteIt(Object(CodeIgniter\Router\RouteCollection))
 4 SYSTEMPATH/CodeIgniter.php(355): CodeIgniter\CodeIgniter->handleRequest(null, Object(Config\Cache), false)
 5 SYSTEMPATH/Boot.php(325): CodeIgniter\CodeIgniter->run()
 6 SYSTEMPATH/Boot.php(67): CodeIgniter\Boot::runCodeIgniter(Object(CodeIgniter\CodeIgniter))
 7 FCPATH/index.php(56): CodeIgniter\Boot::bootWeb(Object(Config\Paths))
CRITICAL - 2024-12-30 03:05:41 --> ErrorException: Uncaught Error: Class "Locale" not found in /home/carttalog/public_html/system/Helpers/number_helper.php:140
Stack trace:
#0 /home/carttalog/public_html/system/Helpers/number_helper.php(58): format_number(12.0, 2, NULL, Array)
#1 /home/carttalog/public_html/system/Debug/BaseExceptionHandler.php(154): number_to_size(12.0, 2)
#2 /home/carttalog/public_html/app/Views/errors/html/error_exception.php(365): CodeIgniter\Debug\BaseExceptionHandler::describeMemory(12582912)
#3 /home/carttalog/public_html/system/Debug/BaseExceptionHandler.php(266): include('/home/carttalog...')
#4 /home/carttalog/public_html/system/Debug/BaseExceptionHandler.php(269): CodeIgniter\Debug\BaseExceptionHandler->CodeIgniter\Debug\{closure}()
#5 /home/carttalog/public_html/system/Debug/ExceptionHandler.php(114): CodeIgniter\Debug\BaseExceptionHandler->render(Object(CodeIgniter\HTTP\Exceptions\BadRequestException), 400, '/home/carttalog...')
#6 /home/carttalog/public_html/system/Debug/Exceptions.php(164): CodeIgniter\Debug\ExceptionHandler->handle(Object(CodeIgniter\HTTP\Exceptions\BadRequestException), Object(CodeIgniter\HTTP\IncomingRequest), Object(CodeIgniter\HTTP\Response), 400, 1)
#7 [internal function]: CodeIgniter\Debug\Exceptions->exceptionHandler(Object(CodeIgniter\HTTP\Exceptions\BadRequestException))
#8 {main}
  thrown
【Previous Exception】
CodeIgniter\HTTP\Exceptions\BadRequestException
The URI you submitted has disallowed characters: "موضه"
#0 /home/carttalog/public_html/system/Router/Router.php(204): CodeIgniter\Router\Router->checkDisallowedChars('ar/blog/\xD9\x85\xD9\x88\xD8\xB6\xD9...')
#1 /home/carttalog/public_html/system/CodeIgniter.php(834): CodeIgniter\Router\Router->handle('ar/blog/\xD9\x85\xD9\x88\xD8\xB6\xD9...')
#2 /home/carttalog/public_html/system/CodeIgniter.php(457): CodeIgniter\CodeIgniter->tryToRouteIt(Object(CodeIgniter\Router\RouteCollection))
#3 /home/carttalog/public_html/system/CodeIgniter.php(355): CodeIgniter\CodeIgniter->handleRequest(NULL, Object(Config\Cache), false)
#4 /home/carttalog/public_html/system/Boot.php(325): CodeIgniter\CodeIgniter->run()
#5 /home/carttalog/public_html/system/Boot.php(67): CodeIgniter\Boot::runCodeIgniter(Object(CodeIgniter\CodeIgniter))
#6 /home/carttalog/public_html/index.php(56): CodeIgniter\Boot::bootWeb(Object(Config\Paths))
#7 {main}
[Method: GET, Route: ar/blog/%D9%85%D9%88%D8%B6%D9%87/%D8%AC%D9%85%D9%8A%D8%B9-%D8%A7%D9%84%D9%85%D9%88%D9%84%D8%AF%D8%A7%D8%AA-%D8%B9%D9%84%D9%89-%D8%A7%D9%84%D8%A5%D9%86%D8%AA%D8%B1%D9%86%D8%AA]
in SYSTEMPATH/Helpers/number_helper.php on line 140.
 1 [internal function]: CodeIgniter\Debug\Exceptions->shutdownHandler()
INFO - 2024-12-30 03:05:43 --> Session: Class initialized using 'CodeIgniter\Session\Handlers\DatabaseHandler' driver.
CRITICAL - 2024-12-30 03:05:43 --> CodeIgniter\HTTP\Exceptions\BadRequestException: The URI you submitted has disallowed characters: "موضه"
[Method: GET, Route: ar/blog/%D9%85%D9%88%D8%B6%D9%87/%D9%85%D8%B2%D8%A7%D9%8A%D8%A7-%D8%AD%D8%A7%D8%B3%D9%85%D8%A9-%D9%88%D9%84%D8%A7-%D8%AA%D8%B9%D8%A8%D9%8A%D8%B1]
in SYSTEMPATH/Router/Router.php on line 737.
 1 SYSTEMPATH/Router/Router.php(204): CodeIgniter\Router\Router->checkDisallowedChars('ar/blog/موضه/مزايا-حاسمة-ولا-تعبير')
 2 SYSTEMPATH/CodeIgniter.php(834): CodeIgniter\Router\Router->handle('ar/blog/موضه/مزايا-حاسمة-ولا-تعبير')
 3 SYSTEMPATH/CodeIgniter.php(457): CodeIgniter\CodeIgniter->tryToRouteIt(Object(CodeIgniter\Router\RouteCollection))
 4 SYSTEMPATH/CodeIgniter.php(355): CodeIgniter\CodeIgniter->handleRequest(null, Object(Config\Cache), false)
 5 SYSTEMPATH/Boot.php(325): CodeIgniter\CodeIgniter->run()
 6 SYSTEMPATH/Boot.php(67): CodeIgniter\Boot::runCodeIgniter(Object(CodeIgniter\CodeIgniter))
 7 FCPATH/index.php(56): CodeIgniter\Boot::bootWeb(Object(Config\Paths))
CRITICAL - 2024-12-30 03:05:43 --> ErrorException: Uncaught Error: Class "Locale" not found in /home/carttalog/public_html/system/Helpers/number_helper.php:140
Stack trace:
#0 /home/carttalog/public_html/system/Helpers/number_helper.php(58): format_number(12.0, 2, NULL, Array)
#1 /home/carttalog/public_html/system/Debug/BaseExceptionHandler.php(154): number_to_size(12.0, 2)
#2 /home/carttalog/public_html/app/Views/errors/html/error_exception.php(365): CodeIgniter\Debug\BaseExceptionHandler::describeMemory(12582912)
#3 /home/carttalog/public_html/system/Debug/BaseExceptionHandler.php(266): include('/home/carttalog...')
#4 /home/carttalog/public_html/system/Debug/BaseExceptionHandler.php(269): CodeIgniter\Debug\BaseExceptionHandler->CodeIgniter\Debug\{closure}()
#5 /home/carttalog/public_html/system/Debug/ExceptionHandler.php(114): CodeIgniter\Debug\BaseExceptionHandler->render(Object(CodeIgniter\HTTP\Exceptions\BadRequestException), 400, '/home/carttalog...')
#6 /home/carttalog/public_html/system/Debug/Exceptions.php(164): CodeIgniter\Debug\ExceptionHandler->handle(Object(CodeIgniter\HTTP\Exceptions\BadRequestException), Object(CodeIgniter\HTTP\IncomingRequest), Object(CodeIgniter\HTTP\Response), 400, 1)
#7 [internal function]: CodeIgniter\Debug\Exceptions->exceptionHandler(Object(CodeIgniter\HTTP\Exceptions\BadRequestException))
#8 {main}
  thrown
【Previous Exception】
CodeIgniter\HTTP\Exceptions\BadRequestException
The URI you submitted has disallowed characters: "موضه"
#0 /home/carttalog/public_html/system/Router/Router.php(204): CodeIgniter\Router\Router->checkDisallowedChars('ar/blog/\xD9\x85\xD9\x88\xD8\xB6\xD9...')
#1 /home/carttalog/public_html/system/CodeIgniter.php(834): CodeIgniter\Router\Router->handle('ar/blog/\xD9\x85\xD9\x88\xD8\xB6\xD9...')
#2 /home/carttalog/public_html/system/CodeIgniter.php(457): CodeIgniter\CodeIgniter->tryToRouteIt(Object(CodeIgniter\Router\RouteCollection))
#3 /home/carttalog/public_html/system/CodeIgniter.php(355): CodeIgniter\CodeIgniter->handleRequest(NULL, Object(Config\Cache), false)
#4 /home/carttalog/public_html/system/Boot.php(325): CodeIgniter\CodeIgniter->run()
#5 /home/carttalog/public_html/system/Boot.php(67): CodeIgniter\Boot::runCodeIgniter(Object(CodeIgniter\CodeIgniter))
#6 /home/carttalog/public_html/index.php(56): CodeIgniter\Boot::bootWeb(Object(Config\Paths))
#7 {main}
[Method: GET, Route: ar/blog/%D9%85%D9%88%D8%B6%D9%87/%D9%85%D8%B2%D8%A7%D9%8A%D8%A7-%D8%AD%D8%A7%D8%B3%D9%85%D8%A9-%D9%88%D9%84%D8%A7-%D8%AA%D8%B9%D8%A8%D9%8A%D8%B1]
in SYSTEMPATH/Helpers/number_helper.php on line 140.
 1 [internal function]: CodeIgniter\Debug\Exceptions->shutdownHandler()
INFO - 2024-12-30 03:05:46 --> Session: Class initialized using 'CodeIgniter\Session\Handlers\DatabaseHandler' driver.
CRITICAL - 2024-12-30 03:05:46 --> CodeIgniter\HTTP\Exceptions\BadRequestException: The URI you submitted has disallowed characters: "حساب"
[Method: GET, Route: ar/help-center/%D8%AD%D8%B3%D8%A7%D8%A8]
in SYSTEMPATH/Router/Router.php on line 737.
 1 SYSTEMPATH/Router/Router.php(204): CodeIgniter\Router\Router->checkDisallowedChars('ar/help-center/حساب')
 2 SYSTEMPATH/CodeIgniter.php(834): CodeIgniter\Router\Router->handle('ar/help-center/حساب')
 3 SYSTEMPATH/CodeIgniter.php(457): CodeIgniter\CodeIgniter->tryToRouteIt(Object(CodeIgniter\Router\RouteCollection))
 4 SYSTEMPATH/CodeIgniter.php(355): CodeIgniter\CodeIgniter->handleRequest(null, Object(Config\Cache), false)
 5 SYSTEMPATH/Boot.php(325): CodeIgniter\CodeIgniter->run()
 6 SYSTEMPATH/Boot.php(67): CodeIgniter\Boot::runCodeIgniter(Object(CodeIgniter\CodeIgniter))
 7 FCPATH/index.php(56): CodeIgniter\Boot::bootWeb(Object(Config\Paths))
CRITICAL - 2024-12-30 03:05:46 --> ErrorException: Uncaught Error: Class "Locale" not found in /home/carttalog/public_html/system/Helpers/number_helper.php:140
Stack trace:
#0 /home/carttalog/public_html/system/Helpers/number_helper.php(58): format_number(12.0, 2, NULL, Array)
#1 /home/carttalog/public_html/system/Debug/BaseExceptionHandler.php(154): number_to_size(12.0, 2)
#2 /home/carttalog/public_html/app/Views/errors/html/error_exception.php(365): CodeIgniter\Debug\BaseExceptionHandler::describeMemory(12582912)
#3 /home/carttalog/public_html/system/Debug/BaseExceptionHandler.php(266): include('/home/carttalog...')
#4 /home/carttalog/public_html/system/Debug/BaseExceptionHandler.php(269): CodeIgniter\Debug\BaseExceptionHandler->CodeIgniter\Debug\{closure}()
#5 /home/carttalog/public_html/system/Debug/ExceptionHandler.php(114): CodeIgniter\Debug\BaseExceptionHandler->render(Object(CodeIgniter\HTTP\Exceptions\BadRequestException), 400, '/home/carttalog...')
#6 /home/carttalog/public_html/system/Debug/Exceptions.php(164): CodeIgniter\Debug\ExceptionHandler->handle(Object(CodeIgniter\HTTP\Exceptions\BadRequestException), Object(CodeIgniter\HTTP\IncomingRequest), Object(CodeIgniter\HTTP\Response), 400, 1)
#7 [internal function]: CodeIgniter\Debug\Exceptions->exceptionHandler(Object(CodeIgniter\HTTP\Exceptions\BadRequestException))
#8 {main}
  thrown
【Previous Exception】
CodeIgniter\HTTP\Exceptions\BadRequestException
The URI you submitted has disallowed characters: "حساب"
#0 /home/carttalog/public_html/system/Router/Router.php(204): CodeIgniter\Router\Router->checkDisallowedChars('ar/help-center/...')
#1 /home/carttalog/public_html/system/CodeIgniter.php(834): CodeIgniter\Router\Router->handle('ar/help-center/...')
#2 /home/carttalog/public_html/system/CodeIgniter.php(457): CodeIgniter\CodeIgniter->tryToRouteIt(Object(CodeIgniter\Router\RouteCollection))
#3 /home/carttalog/public_html/system/CodeIgniter.php(355): CodeIgniter\CodeIgniter->handleRequest(NULL, Object(Config\Cache), false)
#4 /home/carttalog/public_html/system/Boot.php(325): CodeIgniter\CodeIgniter->run()
#5 /home/carttalog/public_html/system/Boot.php(67): CodeIgniter\Boot::runCodeIgniter(Object(CodeIgniter\CodeIgniter))
#6 /home/carttalog/public_html/index.php(56): CodeIgniter\Boot::bootWeb(Object(Config\Paths))
#7 {main}
[Method: GET, Route: ar/help-center/%D8%AD%D8%B3%D8%A7%D8%A8]
in SYSTEMPATH/Helpers/number_helper.php on line 140.
 1 [internal function]: CodeIgniter\Debug\Exceptions->shutdownHandler()
INFO - 2024-12-30 03:05:51 --> Session: Class initialized using 'CodeIgniter\Session\Handlers\DatabaseHandler' driver.
CRITICAL - 2024-12-30 03:05:51 --> CodeIgniter\HTTP\Exceptions\BadRequestException: The URI you submitted has disallowed characters: "حساب"
[Method: GET, Route: ar/help-center/%D8%AD%D8%B3%D8%A7%D8%A8/%D9%83%D9%8A%D9%81-%D8%AA%D8%BA%D9%8A%D8%B1-%D9%83%D9%84%D9%85%D8%A9-%D8%A7%D9%84%D8%B3%D8%B1-%D8%A7%D9%84%D8%AE%D8%A7%D8%B5%D8%A9-%D8%A8%D9%83]
in SYSTEMPATH/Router/Router.php on line 737.
 1 SYSTEMPATH/Router/Router.php(204): CodeIgniter\Router\Router->checkDisallowedChars('ar/help-center/حساب/كيف-تغير-كلمة-السر-الخاصة-بك')
 2 SYSTEMPATH/CodeIgniter.php(834): CodeIgniter\Router\Router->handle('ar/help-center/حساب/كيف-تغير-كلمة-السر-الخاصة-بك')
 3 SYSTEMPATH/CodeIgniter.php(457): CodeIgniter\CodeIgniter->tryToRouteIt(Object(CodeIgniter\Router\RouteCollection))
 4 SYSTEMPATH/CodeIgniter.php(355): CodeIgniter\CodeIgniter->handleRequest(null, Object(Config\Cache), false)
 5 SYSTEMPATH/Boot.php(325): CodeIgniter\CodeIgniter->run()
 6 SYSTEMPATH/Boot.php(67): CodeIgniter\Boot::runCodeIgniter(Object(CodeIgniter\CodeIgniter))
 7 FCPATH/index.php(56): CodeIgniter\Boot::bootWeb(Object(Config\Paths))
CRITICAL - 2024-12-30 03:05:51 --> ErrorException: Uncaught Error: Class "Locale" not found in /home/carttalog/public_html/system/Helpers/number_helper.php:140
Stack trace:
#0 /home/carttalog/public_html/system/Helpers/number_helper.php(58): format_number(12.0, 2, NULL, Array)
#1 /home/carttalog/public_html/system/Debug/BaseExceptionHandler.php(154): number_to_size(12.0, 2)
#2 /home/carttalog/public_html/app/Views/errors/html/error_exception.php(365): CodeIgniter\Debug\BaseExceptionHandler::describeMemory(12582912)
#3 /home/carttalog/public_html/system/Debug/BaseExceptionHandler.php(266): include('/home/carttalog...')
#4 /home/carttalog/public_html/system/Debug/BaseExceptionHandler.php(269): CodeIgniter\Debug\BaseExceptionHandler->CodeIgniter\Debug\{closure}()
#5 /home/carttalog/public_html/system/Debug/ExceptionHandler.php(114): CodeIgniter\Debug\BaseExceptionHandler->render(Object(CodeIgniter\HTTP\Exceptions\BadRequestException), 400, '/home/carttalog...')
#6 /home/carttalog/public_html/system/Debug/Exceptions.php(164): CodeIgniter\Debug\ExceptionHandler->handle(Object(CodeIgniter\HTTP\Exceptions\BadRequestException), Object(CodeIgniter\HTTP\IncomingRequest), Object(CodeIgniter\HTTP\Response), 400, 1)
#7 [internal function]: CodeIgniter\Debug\Exceptions->exceptionHandler(Object(CodeIgniter\HTTP\Exceptions\BadRequestException))
#8 {main}
  thrown
【Previous Exception】
CodeIgniter\HTTP\Exceptions\BadRequestException
The URI you submitted has disallowed characters: "حساب"
#0 /home/carttalog/public_html/system/Router/Router.php(204): CodeIgniter\Router\Router->checkDisallowedChars('ar/help-center/...')
#1 /home/carttalog/public_html/system/CodeIgniter.php(834): CodeIgniter\Router\Router->handle('ar/help-center/...')
#2 /home/carttalog/public_html/system/CodeIgniter.php(457): CodeIgniter\CodeIgniter->tryToRouteIt(Object(CodeIgniter\Router\RouteCollection))
#3 /home/carttalog/public_html/system/CodeIgniter.php(355): CodeIgniter\CodeIgniter->handleRequest(NULL, Object(Config\Cache), false)
#4 /home/carttalog/public_html/system/Boot.php(325): CodeIgniter\CodeIgniter->run()
#5 /home/carttalog/public_html/system/Boot.php(67): CodeIgniter\Boot::runCodeIgniter(Object(CodeIgniter\CodeIgniter))
#6 /home/carttalog/public_html/index.php(56): CodeIgniter\Boot::bootWeb(Object(Config\Paths))
#7 {main}
[Method: GET, Route: ar/help-center/%D8%AD%D8%B3%D8%A7%D8%A8/%D9%83%D9%8A%D9%81-%D8%AA%D8%BA%D9%8A%D8%B1-%D9%83%D9%84%D9%85%D8%A9-%D8%A7%D9%84%D8%B3%D8%B1-%D8%A7%D9%84%D8%AE%D8%A7%D8%B5%D8%A9-%D8%A8%D9%83]
in SYSTEMPATH/Helpers/number_helper.php on line 140.
 1 [internal function]: CodeIgniter\Debug\Exceptions->shutdownHandler()
INFO - 2024-12-30 03:05:54 --> Session: Class initialized using 'CodeIgniter\Session\Handlers\DatabaseHandler' driver.
CRITICAL - 2024-12-30 03:05:54 --> CodeIgniter\HTTP\Exceptions\BadRequestException: The URI you submitted has disallowed characters: "الظروف"
[Method: GET, Route: blog/tag/%D8%A7%D9%84%D8%B8%D8%B1%D9%88%D9%81]
in SYSTEMPATH/Router/Router.php on line 737.
 1 SYSTEMPATH/Router/Router.php(204): CodeIgniter\Router\Router->checkDisallowedChars('blog/tag/الظروف')
 2 SYSTEMPATH/CodeIgniter.php(834): CodeIgniter\Router\Router->handle('blog/tag/الظروف')
 3 SYSTEMPATH/CodeIgniter.php(457): CodeIgniter\CodeIgniter->tryToRouteIt(Object(CodeIgniter\Router\RouteCollection))
 4 SYSTEMPATH/CodeIgniter.php(355): CodeIgniter\CodeIgniter->handleRequest(null, Object(Config\Cache), false)
 5 SYSTEMPATH/Boot.php(325): CodeIgniter\CodeIgniter->run()
 6 SYSTEMPATH/Boot.php(67): CodeIgniter\Boot::runCodeIgniter(Object(CodeIgniter\CodeIgniter))
 7 FCPATH/index.php(56): CodeIgniter\Boot::bootWeb(Object(Config\Paths))
CRITICAL - 2024-12-30 03:05:54 --> ErrorException: Uncaught Error: Class "Locale" not found in /home/carttalog/public_html/system/Helpers/number_helper.php:140
Stack trace:
#0 /home/carttalog/public_html/system/Helpers/number_helper.php(58): format_number(12.0, 2, NULL, Array)
#1 /home/carttalog/public_html/system/Debug/BaseExceptionHandler.php(154): number_to_size(12.0, 2)
#2 /home/carttalog/public_html/app/Views/errors/html/error_exception.php(365): CodeIgniter\Debug\BaseExceptionHandler::describeMemory(12582912)
#3 /home/carttalog/public_html/system/Debug/BaseExceptionHandler.php(266): include('/home/carttalog...')
#4 /home/carttalog/public_html/system/Debug/BaseExceptionHandler.php(269): CodeIgniter\Debug\BaseExceptionHandler->CodeIgniter\Debug\{closure}()
#5 /home/carttalog/public_html/system/Debug/ExceptionHandler.php(114): CodeIgniter\Debug\BaseExceptionHandler->render(Object(CodeIgniter\HTTP\Exceptions\BadRequestException), 400, '/home/carttalog...')
#6 /home/carttalog/public_html/system/Debug/Exceptions.php(164): CodeIgniter\Debug\ExceptionHandler->handle(Object(CodeIgniter\HTTP\Exceptions\BadRequestException), Object(CodeIgniter\HTTP\IncomingRequest), Object(CodeIgniter\HTTP\Response), 400, 1)
#7 [internal function]: CodeIgniter\Debug\Exceptions->exceptionHandler(Object(CodeIgniter\HTTP\Exceptions\BadRequestException))
#8 {main}
  thrown
【Previous Exception】
CodeIgniter\HTTP\Exceptions\BadRequestException
The URI you submitted has disallowed characters: "الظروف"
#0 /home/carttalog/public_html/system/Router/Router.php(204): CodeIgniter\Router\Router->checkDisallowedChars('blog/tag/\xD8\xA7\xD9\x84\xD8\xB8...')
#1 /home/carttalog/public_html/system/CodeIgniter.php(834): CodeIgniter\Router\Router->handle('blog/tag/\xD8\xA7\xD9\x84\xD8\xB8...')
#2 /home/carttalog/public_html/system/CodeIgniter.php(457): CodeIgniter\CodeIgniter->tryToRouteIt(Object(CodeIgniter\Router\RouteCollection))
#3 /home/carttalog/public_html/system/CodeIgniter.php(355): CodeIgniter\CodeIgniter->handleRequest(NULL, Object(Config\Cache), false)
#4 /home/carttalog/public_html/system/Boot.php(325): CodeIgniter\CodeIgniter->run()
#5 /home/carttalog/public_html/system/Boot.php(67): CodeIgniter\Boot::runCodeIgniter(Object(CodeIgniter\CodeIgniter))
#6 /home/carttalog/public_html/index.php(56): CodeIgniter\Boot::bootWeb(Object(Config\Paths))
#7 {main}
[Method: GET, Route: blog/tag/%D8%A7%D9%84%D8%B8%D8%B1%D9%88%D9%81]
in SYSTEMPATH/Helpers/number_helper.php on line 140.
 1 [internal function]: CodeIgniter\Debug\Exceptions->shutdownHandler()
INFO - 2024-12-30 03:05:58 --> Session: Class initialized using 'CodeIgniter\Session\Handlers\DatabaseHandler' driver.
CRITICAL - 2024-12-30 03:05:58 --> CodeIgniter\HTTP\Exceptions\BadRequestException: The URI you submitted has disallowed characters: "حاسمة"
[Method: GET, Route: blog/tag/%D8%AD%D8%A7%D8%B3%D9%85%D8%A9]
in SYSTEMPATH/Router/Router.php on line 737.
 1 SYSTEMPATH/Router/Router.php(204): CodeIgniter\Router\Router->checkDisallowedChars('blog/tag/حاسمة')
 2 SYSTEMPATH/CodeIgniter.php(834): CodeIgniter\Router\Router->handle('blog/tag/حاسمة')
 3 SYSTEMPATH/CodeIgniter.php(457): CodeIgniter\CodeIgniter->tryToRouteIt(Object(CodeIgniter\Router\RouteCollection))
 4 SYSTEMPATH/CodeIgniter.php(355): CodeIgniter\CodeIgniter->handleRequest(null, Object(Config\Cache), false)
 5 SYSTEMPATH/Boot.php(325): CodeIgniter\CodeIgniter->run()
 6 SYSTEMPATH/Boot.php(67): CodeIgniter\Boot::runCodeIgniter(Object(CodeIgniter\CodeIgniter))
 7 FCPATH/index.php(56): CodeIgniter\Boot::bootWeb(Object(Config\Paths))
CRITICAL - 2024-12-30 03:05:58 --> ErrorException: Uncaught Error: Class "Locale" not found in /home/carttalog/public_html/system/Helpers/number_helper.php:140
Stack trace:
#0 /home/carttalog/public_html/system/Helpers/number_helper.php(58): format_number(12.0, 2, NULL, Array)
#1 /home/carttalog/public_html/system/Debug/BaseExceptionHandler.php(154): number_to_size(12.0, 2)
#2 /home/carttalog/public_html/app/Views/errors/html/error_exception.php(365): CodeIgniter\Debug\BaseExceptionHandler::describeMemory(12582912)
#3 /home/carttalog/public_html/system/Debug/BaseExceptionHandler.php(266): include('/home/carttalog...')
#4 /home/carttalog/public_html/system/Debug/BaseExceptionHandler.php(269): CodeIgniter\Debug\BaseExceptionHandler->CodeIgniter\Debug\{closure}()
#5 /home/carttalog/public_html/system/Debug/ExceptionHandler.php(114): CodeIgniter\Debug\BaseExceptionHandler->render(Object(CodeIgniter\HTTP\Exceptions\BadRequestException), 400, '/home/carttalog...')
#6 /home/carttalog/public_html/system/Debug/Exceptions.php(164): CodeIgniter\Debug\ExceptionHandler->handle(Object(CodeIgniter\HTTP\Exceptions\BadRequestException), Object(CodeIgniter\HTTP\IncomingRequest), Object(CodeIgniter\HTTP\Response), 400, 1)
#7 [internal function]: CodeIgniter\Debug\Exceptions->exceptionHandler(Object(CodeIgniter\HTTP\Exceptions\BadRequestException))
#8 {main}
  thrown
【Previous Exception】
CodeIgniter\HTTP\Exceptions\BadRequestException
The URI you submitted has disallowed characters: "حاسمة"
#0 /home/carttalog/public_html/system/Router/Router.php(204): CodeIgniter\Router\Router->checkDisallowedChars('blog/tag/\xD8\xAD\xD8\xA7\xD8\xB3...')
#1 /home/carttalog/public_html/system/CodeIgniter.php(834): CodeIgniter\Router\Router->handle('blog/tag/\xD8\xAD\xD8\xA7\xD8\xB3...')
#2 /home/carttalog/public_html/system/CodeIgniter.php(457): CodeIgniter\CodeIgniter->tryToRouteIt(Object(CodeIgniter\Router\RouteCollection))
#3 /home/carttalog/public_html/system/CodeIgniter.php(355): CodeIgniter\CodeIgniter->handleRequest(NULL, Object(Config\Cache), false)
#4 /home/carttalog/public_html/system/Boot.php(325): CodeIgniter\CodeIgniter->run()
#5 /home/carttalog/public_html/system/Boot.php(67): CodeIgniter\Boot::runCodeIgniter(Object(CodeIgniter\CodeIgniter))
#6 /home/carttalog/public_html/index.php(56): CodeIgniter\Boot::bootWeb(Object(Config\Paths))
#7 {main}
[Method: GET, Route: blog/tag/%D8%AD%D8%A7%D8%B3%D9%85%D8%A9]
in SYSTEMPATH/Helpers/number_helper.php on line 140.
 1 [internal function]: CodeIgniter\Debug\Exceptions->shutdownHandler()
INFO - 2024-12-30 03:06:01 --> Session: Class initialized using 'CodeIgniter\Session\Handlers\DatabaseHandler' driver.
CRITICAL - 2024-12-30 03:06:01 --> CodeIgniter\HTTP\Exceptions\BadRequestException: The URI you submitted has disallowed characters: "مولدات"
[Method: GET, Route: blog/tag/%D9%85%D9%88%D9%84%D8%AF%D8%A7%D8%AA]
in SYSTEMPATH/Router/Router.php on line 737.
 1 SYSTEMPATH/Router/Router.php(204): CodeIgniter\Router\Router->checkDisallowedChars('blog/tag/مولدات')
 2 SYSTEMPATH/CodeIgniter.php(834): CodeIgniter\Router\Router->handle('blog/tag/مولدات')
 3 SYSTEMPATH/CodeIgniter.php(457): CodeIgniter\CodeIgniter->tryToRouteIt(Object(CodeIgniter\Router\RouteCollection))
 4 SYSTEMPATH/CodeIgniter.php(355): CodeIgniter\CodeIgniter->handleRequest(null, Object(Config\Cache), false)
 5 SYSTEMPATH/Boot.php(325): CodeIgniter\CodeIgniter->run()
 6 SYSTEMPATH/Boot.php(67): CodeIgniter\Boot::runCodeIgniter(Object(CodeIgniter\CodeIgniter))
 7 FCPATH/index.php(56): CodeIgniter\Boot::bootWeb(Object(Config\Paths))
CRITICAL - 2024-12-30 03:06:01 --> ErrorException: Uncaught Error: Class "Locale" not found in /home/carttalog/public_html/system/Helpers/number_helper.php:140
Stack trace:
#0 /home/carttalog/public_html/system/Helpers/number_helper.php(58): format_number(12.0, 2, NULL, Array)
#1 /home/carttalog/public_html/system/Debug/BaseExceptionHandler.php(154): number_to_size(12.0, 2)
#2 /home/carttalog/public_html/app/Views/errors/html/error_exception.php(365): CodeIgniter\Debug\BaseExceptionHandler::describeMemory(12582912)
#3 /home/carttalog/public_html/system/Debug/BaseExceptionHandler.php(266): include('/home/carttalog...')
#4 /home/carttalog/public_html/system/Debug/BaseExceptionHandler.php(269): CodeIgniter\Debug\BaseExceptionHandler->CodeIgniter\Debug\{closure}()
#5 /home/carttalog/public_html/system/Debug/ExceptionHandler.php(114): CodeIgniter\Debug\BaseExceptionHandler->render(Object(CodeIgniter\HTTP\Exceptions\BadRequestException), 400, '/home/carttalog...')
#6 /home/carttalog/public_html/system/Debug/Exceptions.php(164): CodeIgniter\Debug\ExceptionHandler->handle(Object(CodeIgniter\HTTP\Exceptions\BadRequestException), Object(CodeIgniter\HTTP\IncomingRequest), Object(CodeIgniter\HTTP\Response), 400, 1)
#7 [internal function]: CodeIgniter\Debug\Exceptions->exceptionHandler(Object(CodeIgniter\HTTP\Exceptions\BadRequestException))
#8 {main}
  thrown
【Previous Exception】
CodeIgniter\HTTP\Exceptions\BadRequestException
The URI you submitted has disallowed characters: "مولدات"
#0 /home/carttalog/public_html/system/Router/Router.php(204): CodeIgniter\Router\Router->checkDisallowedChars('blog/tag/\xD9\x85\xD9\x88\xD9\x84...')
#1 /home/carttalog/public_html/system/CodeIgniter.php(834): CodeIgniter\Router\Router->handle('blog/tag/\xD9\x85\xD9\x88\xD9\x84...')
#2 /home/carttalog/public_html/system/CodeIgniter.php(457): CodeIgniter\CodeIgniter->tryToRouteIt(Object(CodeIgniter\Router\RouteCollection))
#3 /home/carttalog/public_html/system/CodeIgniter.php(355): CodeIgniter\CodeIgniter->handleRequest(NULL, Object(Config\Cache), false)
#4 /home/carttalog/public_html/system/Boot.php(325): CodeIgniter\CodeIgniter->run()
#5 /home/carttalog/public_html/system/Boot.php(67): CodeIgniter\Boot::runCodeIgniter(Object(CodeIgniter\CodeIgniter))
#6 /home/carttalog/public_html/index.php(56): CodeIgniter\Boot::bootWeb(Object(Config\Paths))
#7 {main}
[Method: GET, Route: blog/tag/%D9%85%D9%88%D9%84%D8%AF%D8%A7%D8%AA]
in SYSTEMPATH/Helpers/number_helper.php on line 140.
 1 [internal function]: CodeIgniter\Debug\Exceptions->shutdownHandler()
INFO - 2024-12-30 03:06:04 --> Session: Class initialized using 'CodeIgniter\Session\Handlers\DatabaseHandler' driver.
CRITICAL - 2024-12-30 03:06:04 --> CodeIgniter\HTTP\Exceptions\BadRequestException: The URI you submitted has disallowed characters: "وإحباطهم"
[Method: GET, Route: blog/tag/%D9%88%D8%A5%D8%AD%D8%A8%D8%A7%D8%B7%D9%87%D9%85]
in SYSTEMPATH/Router/Router.php on line 737.
 1 SYSTEMPATH/Router/Router.php(204): CodeIgniter\Router\Router->checkDisallowedChars('blog/tag/وإحباطهم')
 2 SYSTEMPATH/CodeIgniter.php(834): CodeIgniter\Router\Router->handle('blog/tag/وإحباطهم')
 3 SYSTEMPATH/CodeIgniter.php(457): CodeIgniter\CodeIgniter->tryToRouteIt(Object(CodeIgniter\Router\RouteCollection))
 4 SYSTEMPATH/CodeIgniter.php(355): CodeIgniter\CodeIgniter->handleRequest(null, Object(Config\Cache), false)
 5 SYSTEMPATH/Boot.php(325): CodeIgniter\CodeIgniter->run()
 6 SYSTEMPATH/Boot.php(67): CodeIgniter\Boot::runCodeIgniter(Object(CodeIgniter\CodeIgniter))
 7 FCPATH/index.php(56): CodeIgniter\Boot::bootWeb(Object(Config\Paths))
CRITICAL - 2024-12-30 03:06:04 --> ErrorException: Uncaught Error: Class "Locale" not found in /home/carttalog/public_html/system/Helpers/number_helper.php:140
Stack trace:
#0 /home/carttalog/public_html/system/Helpers/number_helper.php(58): format_number(10.0, 2, NULL, Array)
#1 /home/carttalog/public_html/system/Debug/BaseExceptionHandler.php(154): number_to_size(10.0, 2)
#2 /home/carttalog/public_html/app/Views/errors/html/error_exception.php(365): CodeIgniter\Debug\BaseExceptionHandler::describeMemory(10485760)
#3 /home/carttalog/public_html/system/Debug/BaseExceptionHandler.php(266): include('/home/carttalog...')
#4 /home/carttalog/public_html/system/Debug/BaseExceptionHandler.php(269): CodeIgniter\Debug\BaseExceptionHandler->CodeIgniter\Debug\{closure}()
#5 /home/carttalog/public_html/system/Debug/ExceptionHandler.php(114): CodeIgniter\Debug\BaseExceptionHandler->render(Object(CodeIgniter\HTTP\Exceptions\BadRequestException), 400, '/home/carttalog...')
#6 /home/carttalog/public_html/system/Debug/Exceptions.php(164): CodeIgniter\Debug\ExceptionHandler->handle(Object(CodeIgniter\HTTP\Exceptions\BadRequestException), Object(CodeIgniter\HTTP\IncomingRequest), Object(CodeIgniter\HTTP\Response), 400, 1)
#7 [internal function]: CodeIgniter\Debug\Exceptions->exceptionHandler(Object(CodeIgniter\HTTP\Exceptions\BadRequestException))
#8 {main}
  thrown
【Previous Exception】
CodeIgniter\HTTP\Exceptions\BadRequestException
The URI you submitted has disallowed characters: "وإحباطهم"
#0 /home/carttalog/public_html/system/Router/Router.php(204): CodeIgniter\Router\Router->checkDisallowedChars('blog/tag/\xD9\x88\xD8\xA5\xD8\xAD...')
#1 /home/carttalog/public_html/system/CodeIgniter.php(834): CodeIgniter\Router\Router->handle('blog/tag/\xD9\x88\xD8\xA5\xD8\xAD...')
#2 /home/carttalog/public_html/system/CodeIgniter.php(457): CodeIgniter\CodeIgniter->tryToRouteIt(Object(CodeIgniter\Router\RouteCollection))
#3 /home/carttalog/public_html/system/CodeIgniter.php(355): CodeIgniter\CodeIgniter->handleRequest(NULL, Object(Config\Cache), false)
#4 /home/carttalog/public_html/system/Boot.php(325): CodeIgniter\CodeIgniter->run()
#5 /home/carttalog/public_html/system/Boot.php(67): CodeIgniter\Boot::runCodeIgniter(Object(CodeIgniter\CodeIgniter))
#6 /home/carttalog/public_html/index.php(56): CodeIgniter\Boot::bootWeb(Object(Config\Paths))
#7 {main}
[Method: GET, Route: blog/tag/%D9%88%D8%A5%D8%AD%D8%A8%D8%A7%D8%B7%D9%87%D9%85]
in SYSTEMPATH/Helpers/number_helper.php on line 140.
 1 [internal function]: CodeIgniter\Debug\Exceptions->shutdownHandler()
INFO - 2024-12-30 03:06:07 --> Session: Class initialized using 'CodeIgniter\Session\Handlers\DatabaseHandler' driver.
CRITICAL - 2024-12-30 03:06:07 --> CodeIgniter\HTTP\Exceptions\BadRequestException: The URI you submitted has disallowed characters: "حساب"
[Method: GET, Route: help-center/%D8%AD%D8%B3%D8%A7%D8%A8/%D9%83%D9%8A%D9%81-%D8%AA%D8%BA%D9%8A%D8%B1-%D9%83%D9%84%D9%85%D8%A9-%D8%A7%D9%84%D8%B3%D8%B1-%D8%A7%D9%84%D8%AE%D8%A7%D8%B5%D8%A9-%D8%A8%D9%83]
in SYSTEMPATH/Router/Router.php on line 737.
 1 SYSTEMPATH/Router/Router.php(204): CodeIgniter\Router\Router->checkDisallowedChars('help-center/حساب/كيف-تغير-كلمة-السر-الخاصة-بك')
 2 SYSTEMPATH/CodeIgniter.php(834): CodeIgniter\Router\Router->handle('help-center/حساب/كيف-تغير-كلمة-السر-الخاصة-بك')
 3 SYSTEMPATH/CodeIgniter.php(457): CodeIgniter\CodeIgniter->tryToRouteIt(Object(CodeIgniter\Router\RouteCollection))
 4 SYSTEMPATH/CodeIgniter.php(355): CodeIgniter\CodeIgniter->handleRequest(null, Object(Config\Cache), false)
 5 SYSTEMPATH/Boot.php(325): CodeIgniter\CodeIgniter->run()
 6 SYSTEMPATH/Boot.php(67): CodeIgniter\Boot::runCodeIgniter(Object(CodeIgniter\CodeIgniter))
 7 FCPATH/index.php(56): CodeIgniter\Boot::bootWeb(Object(Config\Paths))
CRITICAL - 2024-12-30 03:06:07 --> ErrorException: Uncaught Error: Class "Locale" not found in /home/carttalog/public_html/system/Helpers/number_helper.php:140
Stack trace:
#0 /home/carttalog/public_html/system/Helpers/number_helper.php(58): format_number(12.0, 2, NULL, Array)
#1 /home/carttalog/public_html/system/Debug/BaseExceptionHandler.php(154): number_to_size(12.0, 2)
#2 /home/carttalog/public_html/app/Views/errors/html/error_exception.php(365): CodeIgniter\Debug\BaseExceptionHandler::describeMemory(12582912)
#3 /home/carttalog/public_html/system/Debug/BaseExceptionHandler.php(266): include('/home/carttalog...')
#4 /home/carttalog/public_html/system/Debug/BaseExceptionHandler.php(269): CodeIgniter\Debug\BaseExceptionHandler->CodeIgniter\Debug\{closure}()
#5 /home/carttalog/public_html/system/Debug/ExceptionHandler.php(114): CodeIgniter\Debug\BaseExceptionHandler->render(Object(CodeIgniter\HTTP\Exceptions\BadRequestException), 400, '/home/carttalog...')
#6 /home/carttalog/public_html/system/Debug/Exceptions.php(164): CodeIgniter\Debug\ExceptionHandler->handle(Object(CodeIgniter\HTTP\Exceptions\BadRequestException), Object(CodeIgniter\HTTP\IncomingRequest), Object(CodeIgniter\HTTP\Response), 400, 1)
#7 [internal function]: CodeIgniter\Debug\Exceptions->exceptionHandler(Object(CodeIgniter\HTTP\Exceptions\BadRequestException))
#8 {main}
  thrown
【Previous Exception】
CodeIgniter\HTTP\Exceptions\BadRequestException
The URI you submitted has disallowed characters: "حساب"
#0 /home/carttalog/public_html/system/Router/Router.php(204): CodeIgniter\Router\Router->checkDisallowedChars('help-center/\xD8\xAD\xD8...')
#1 /home/carttalog/public_html/system/CodeIgniter.php(834): CodeIgniter\Router\Router->handle('help-center/\xD8\xAD\xD8...')
#2 /home/carttalog/public_html/system/CodeIgniter.php(457): CodeIgniter\CodeIgniter->tryToRouteIt(Object(CodeIgniter\Router\RouteCollection))
#3 /home/carttalog/public_html/system/CodeIgniter.php(355): CodeIgniter\CodeIgniter->handleRequest(NULL, Object(Config\Cache), false)
#4 /home/carttalog/public_html/system/Boot.php(325): CodeIgniter\CodeIgniter->run()
#5 /home/carttalog/public_html/system/Boot.php(67): CodeIgniter\Boot::runCodeIgniter(Object(CodeIgniter\CodeIgniter))
#6 /home/carttalog/public_html/index.php(56): CodeIgniter\Boot::bootWeb(Object(Config\Paths))
#7 {main}
[Method: GET, Route: help-center/%D8%AD%D8%B3%D8%A7%D8%A8/%D9%83%D9%8A%D9%81-%D8%AA%D8%BA%D9%8A%D8%B1-%D9%83%D9%84%D9%85%D8%A9-%D8%A7%D9%84%D8%B3%D8%B1-%D8%A7%D9%84%D8%AE%D8%A7%D8%B5%D8%A9-%D8%A8%D9%83]
in SYSTEMPATH/Helpers/number_helper.php on line 140.
 1 [internal function]: CodeIgniter\Debug\Exceptions->shutdownHandler()
INFO - 2024-12-30 03:14:27 --> Session: Class initialized using 'CodeIgniter\Session\Handlers\DatabaseHandler' driver.
INFO - 2024-12-30 03:15:10 --> Session: Class initialized using 'CodeIgniter\Session\Handlers\DatabaseHandler' driver.
INFO - 2024-12-30 03:16:06 --> Session: Class initialized using 'CodeIgniter\Session\Handlers\DatabaseHandler' driver.
INFO - 2024-12-30 03:17:17 --> Session: Class initialized using 'CodeIgniter\Session\Handlers\DatabaseHandler' driver.
INFO - 2024-12-30 03:20:38 --> Session: Class initialized using 'CodeIgniter\Session\Handlers\DatabaseHandler' driver.
INFO - 2024-12-30 03:51:31 --> Session: Class initialized using 'CodeIgniter\Session\Handlers\DatabaseHandler' driver.
INFO - 2024-12-30 03:52:40 --> Session: Class initialized using 'CodeIgniter\Session\Handlers\DatabaseHandler' driver.
INFO - 2024-12-30 03:53:36 --> Session: Class initialized using 'CodeIgniter\Session\Handlers\DatabaseHandler' driver.
INFO - 2024-12-30 04:07:06 --> Session: Class initialized using 'CodeIgniter\Session\Handlers\DatabaseHandler' driver.
INFO - 2024-12-30 04:10:44 --> Session: Class initialized using 'CodeIgniter\Session\Handlers\DatabaseHandler' driver.
INFO - 2024-12-30 04:13:16 --> Session: Class initialized using 'CodeIgniter\Session\Handlers\DatabaseHandler' driver.
INFO - 2024-12-30 04:13:53 --> Session: Class initialized using 'CodeIgniter\Session\Handlers\DatabaseHandler' driver.
INFO - 2024-12-30 04:14:06 --> Session: Class initialized using 'CodeIgniter\Session\Handlers\DatabaseHandler' driver.
INFO - 2024-12-30 04:14:12 --> Session: Class initialized using 'CodeIgniter\Session\Handlers\DatabaseHandler' driver.
INFO - 2024-12-30 04:16:15 --> Session: Class initialized using 'CodeIgniter\Session\Handlers\DatabaseHandler' driver.
INFO - 2024-12-30 04:16:22 --> Session: Class initialized using 'CodeIgniter\Session\Handlers\DatabaseHandler' driver.
INFO - 2024-12-30 04:16:57 --> Session: Class initialized using 'CodeIgniter\Session\Handlers\DatabaseHandler' driver.
INFO - 2024-12-30 04:22:23 --> Session: Class initialized using 'CodeIgniter\Session\Handlers\DatabaseHandler' driver.
INFO - 2024-12-30 04:34:58 --> Session: Class initialized using 'CodeIgniter\Session\Handlers\DatabaseHandler' driver.
INFO - 2024-12-30 04:42:55 --> Session: Class initialized using 'CodeIgniter\Session\Handlers\DatabaseHandler' driver.
INFO - 2024-12-30 04:47:49 --> Session: Class initialized using 'CodeIgniter\Session\Handlers\DatabaseHandler' driver.
INFO - 2024-12-30 04:55:06 --> Session: Class initialized using 'CodeIgniter\Session\Handlers\DatabaseHandler' driver.
INFO - 2024-12-30 05:00:18 --> Session: Class initialized using 'CodeIgniter\Session\Handlers\DatabaseHandler' driver.
INFO - 2024-12-30 05:13:48 --> Session: Class initialized using 'CodeIgniter\Session\Handlers\DatabaseHandler' driver.
INFO - 2024-12-30 05:14:37 --> Session: Class initialized using 'CodeIgniter\Session\Handlers\DatabaseHandler' driver.
INFO - 2024-12-30 05:15:19 --> Session: Class initialized using 'CodeIgniter\Session\Handlers\DatabaseHandler' driver.
INFO - 2024-12-30 05:17:27 --> Session: Class initialized using 'CodeIgniter\Session\Handlers\DatabaseHandler' driver.
INFO - 2024-12-30 05:24:21 --> Session: Class initialized using 'CodeIgniter\Session\Handlers\DatabaseHandler' driver.
INFO - 2024-12-30 05:24:58 --> Session: Class initialized using 'CodeIgniter\Session\Handlers\DatabaseHandler' driver.
INFO - 2024-12-30 05:25:00 --> Session: Class initialized using 'CodeIgniter\Session\Handlers\DatabaseHandler' driver.
INFO - 2024-12-30 05:25:00 --> CSRF token verified.
INFO - 2024-12-30 05:31:03 --> Session: Class initialized using 'CodeIgniter\Session\Handlers\DatabaseHandler' driver.
INFO - 2024-12-30 05:31:08 --> Session: Class initialized using 'CodeIgniter\Session\Handlers\DatabaseHandler' driver.
INFO - 2024-12-30 05:31:08 --> CSRF token verified.
INFO - 2024-12-30 05:31:14 --> Session: Class initialized using 'CodeIgniter\Session\Handlers\DatabaseHandler' driver.
INFO - 2024-12-30 05:37:34 --> Session: Class initialized using 'CodeIgniter\Session\Handlers\DatabaseHandler' driver.
INFO - 2024-12-30 05:41:38 --> Session: Class initialized using 'CodeIgniter\Session\Handlers\DatabaseHandler' driver.
INFO - 2024-12-30 05:41:38 --> Session: Class initialized using 'CodeIgniter\Session\Handlers\DatabaseHandler' driver.
INFO - 2024-12-30 05:41:40 --> Session: Class initialized using 'CodeIgniter\Session\Handlers\DatabaseHandler' driver.
INFO - 2024-12-30 05:41:40 --> Session: Class initialized using 'CodeIgniter\Session\Handlers\DatabaseHandler' driver.
INFO - 2024-12-30 05:41:40 --> Session: Class initialized using 'CodeIgniter\Session\Handlers\DatabaseHandler' driver.
INFO - 2024-12-30 05:41:40 --> CSRF token verified.
INFO - 2024-12-30 05:41:55 --> Session: Class initialized using 'CodeIgniter\Session\Handlers\DatabaseHandler' driver.
INFO - 2024-12-30 05:41:56 --> Session: Class initialized using 'CodeIgniter\Session\Handlers\DatabaseHandler' driver.
INFO - 2024-12-30 05:41:56 --> Session: Class initialized using 'CodeIgniter\Session\Handlers\DatabaseHandler' driver.
INFO - 2024-12-30 05:41:56 --> CSRF token verified.
INFO - 2024-12-30 05:42:29 --> Session: Class initialized using 'CodeIgniter\Session\Handlers\DatabaseHandler' driver.
INFO - 2024-12-30 05:42:29 --> CSRF token verified.
INFO - 2024-12-30 05:42:30 --> Session: Class initialized using 'CodeIgniter\Session\Handlers\DatabaseHandler' driver.
INFO - 2024-12-30 05:42:30 --> Session: Class initialized using 'CodeIgniter\Session\Handlers\DatabaseHandler' driver.
INFO - 2024-12-30 05:42:30 --> CSRF token verified.
INFO - 2024-12-30 05:43:42 --> Session: Class initialized using 'CodeIgniter\Session\Handlers\DatabaseHandler' driver.
INFO - 2024-12-30 05:43:45 --> Session: Class initialized using 'CodeIgniter\Session\Handlers\DatabaseHandler' driver.
INFO - 2024-12-30 05:43:45 --> CSRF token verified.
INFO - 2024-12-30 05:45:25 --> Session: Class initialized using 'CodeIgniter\Session\Handlers\DatabaseHandler' driver.
INFO - 2024-12-30 05:45:26 --> Session: Class initialized using 'CodeIgniter\Session\Handlers\DatabaseHandler' driver.
INFO - 2024-12-30 05:45:26 --> CSRF token verified.
INFO - 2024-12-30 05:46:14 --> Session: Class initialized using 'CodeIgniter\Session\Handlers\DatabaseHandler' driver.
INFO - 2024-12-30 05:46:14 --> CSRF token verified.
INFO - 2024-12-30 05:46:15 --> Session: Class initialized using 'CodeIgniter\Session\Handlers\DatabaseHandler' driver.
INFO - 2024-12-30 05:46:15 --> Session: Class initialized using 'CodeIgniter\Session\Handlers\DatabaseHandler' driver.
INFO - 2024-12-30 05:46:15 --> CSRF token verified.
INFO - 2024-12-30 05:46:28 --> Session: Class initialized using 'CodeIgniter\Session\Handlers\DatabaseHandler' driver.
INFO - 2024-12-30 05:46:30 --> Session: Class initialized using 'CodeIgniter\Session\Handlers\DatabaseHandler' driver.
INFO - 2024-12-30 05:46:30 --> CSRF token verified.
INFO - 2024-12-30 05:49:40 --> Session: Class initialized using 'CodeIgniter\Session\Handlers\DatabaseHandler' driver.
INFO - 2024-12-30 05:49:42 --> Session: Class initialized using 'CodeIgniter\Session\Handlers\DatabaseHandler' driver.
INFO - 2024-12-30 05:49:42 --> CSRF token verified.
INFO - 2024-12-30 05:58:48 --> Session: Class initialized using 'CodeIgniter\Session\Handlers\DatabaseHandler' driver.
INFO - 2024-12-30 05:58:50 --> Session: Class initialized using 'CodeIgniter\Session\Handlers\DatabaseHandler' driver.
INFO - 2024-12-30 05:58:50 --> CSRF token verified.
INFO - 2024-12-30 05:59:12 --> Session: Class initialized using 'CodeIgniter\Session\Handlers\DatabaseHandler' driver.
INFO - 2024-12-30 05:59:14 --> Session: Class initialized using 'CodeIgniter\Session\Handlers\DatabaseHandler' driver.
INFO - 2024-12-30 05:59:14 --> Session: Class initialized using 'CodeIgniter\Session\Handlers\DatabaseHandler' driver.
INFO - 2024-12-30 05:59:14 --> Session: Class initialized using 'CodeIgniter\Session\Handlers\DatabaseHandler' driver.
INFO - 2024-12-30 05:59:14 --> CSRF token verified.
INFO - 2024-12-30 05:59:19 --> Session: Class initialized using 'CodeIgniter\Session\Handlers\DatabaseHandler' driver.
INFO - 2024-12-30 05:59:20 --> Session: Class initialized using 'CodeIgniter\Session\Handlers\DatabaseHandler' driver.
INFO - 2024-12-30 05:59:20 --> CSRF token verified.
INFO - 2024-12-30 05:59:24 --> Session: Class initialized using 'CodeIgniter\Session\Handlers\DatabaseHandler' driver.
INFO - 2024-12-30 05:59:25 --> Session: Class initialized using 'CodeIgniter\Session\Handlers\DatabaseHandler' driver.
INFO - 2024-12-30 05:59:25 --> CSRF token verified.
INFO - 2024-12-30 05:59:32 --> Session: Class initialized using 'CodeIgniter\Session\Handlers\DatabaseHandler' driver.
INFO - 2024-12-30 05:59:32 --> CSRF token verified.
INFO - 2024-12-30 05:59:32 --> Session: Class initialized using 'CodeIgniter\Session\Handlers\DatabaseHandler' driver.
INFO - 2024-12-30 05:59:33 --> Session: Class initialized using 'CodeIgniter\Session\Handlers\DatabaseHandler' driver.
INFO - 2024-12-30 05:59:33 --> CSRF token verified.
INFO - 2024-12-30 05:59:35 --> Session: Class initialized using 'CodeIgniter\Session\Handlers\DatabaseHandler' driver.
INFO - 2024-12-30 05:59:38 --> Session: Class initialized using 'CodeIgniter\Session\Handlers\DatabaseHandler' driver.
INFO - 2024-12-30 05:59:38 --> CSRF token verified.
INFO - 2024-12-30 05:59:50 --> Session: Class initialized using 'CodeIgniter\Session\Handlers\DatabaseHandler' driver.
INFO - 2024-12-30 05:59:50 --> Session: Class initialized using 'CodeIgniter\Session\Handlers\DatabaseHandler' driver.
INFO - 2024-12-30 05:59:50 --> CSRF token verified.
INFO - 2024-12-30 06:00:02 --> Session: Class initialized using 'CodeIgniter\Session\Handlers\DatabaseHandler' driver.
INFO - 2024-12-30 06:00:02 --> CSRF token verified.
INFO - 2024-12-30 06:00:02 --> Session: Class initialized using 'CodeIgniter\Session\Handlers\DatabaseHandler' driver.
INFO - 2024-12-30 06:00:03 --> Session: Class initialized using 'CodeIgniter\Session\Handlers\DatabaseHandler' driver.
INFO - 2024-12-30 06:00:03 --> CSRF token verified.
INFO - 2024-12-30 06:00:05 --> Session: Class initialized using 'CodeIgniter\Session\Handlers\DatabaseHandler' driver.
INFO - 2024-12-30 06:00:07 --> Session: Class initialized using 'CodeIgniter\Session\Handlers\DatabaseHandler' driver.
INFO - 2024-12-30 06:00:07 --> CSRF token verified.
INFO - 2024-12-30 06:00:12 --> Session: Class initialized using 'CodeIgniter\Session\Handlers\DatabaseHandler' driver.
INFO - 2024-12-30 06:00:19 --> Session: Class initialized using 'CodeIgniter\Session\Handlers\DatabaseHandler' driver.
INFO - 2024-12-30 06:00:19 --> CSRF token verified.
INFO - 2024-12-30 06:00:36 --> Session: Class initialized using 'CodeIgniter\Session\Handlers\DatabaseHandler' driver.
INFO - 2024-12-30 06:00:36 --> Session: Class initialized using 'CodeIgniter\Session\Handlers\DatabaseHandler' driver.
INFO - 2024-12-30 06:00:36 --> CSRF token verified.
INFO - 2024-12-30 06:00:58 --> Session: Class initialized using 'CodeIgniter\Session\Handlers\DatabaseHandler' driver.
INFO - 2024-12-30 06:00:58 --> CSRF token verified.
INFO - 2024-12-30 06:00:58 --> Session: Class initialized using 'CodeIgniter\Session\Handlers\DatabaseHandler' driver.
INFO - 2024-12-30 06:00:59 --> Session: Class initialized using 'CodeIgniter\Session\Handlers\DatabaseHandler' driver.
INFO - 2024-12-30 06:00:59 --> CSRF token verified.
INFO - 2024-12-30 06:01:01 --> Session: Class initialized using 'CodeIgniter\Session\Handlers\DatabaseHandler' driver.
INFO - 2024-12-30 06:01:02 --> Session: Class initialized using 'CodeIgniter\Session\Handlers\DatabaseHandler' driver.
INFO - 2024-12-30 06:01:05 --> Session: Class initialized using 'CodeIgniter\Session\Handlers\DatabaseHandler' driver.
INFO - 2024-12-30 06:01:05 --> CSRF token verified.
INFO - 2024-12-30 06:01:18 --> Session: Class initialized using 'CodeIgniter\Session\Handlers\DatabaseHandler' driver.
INFO - 2024-12-30 06:01:18 --> Session: Class initialized using 'CodeIgniter\Session\Handlers\DatabaseHandler' driver.
INFO - 2024-12-30 06:01:18 --> CSRF token verified.
INFO - 2024-12-30 06:01:55 --> Session: Class initialized using 'CodeIgniter\Session\Handlers\DatabaseHandler' driver.
INFO - 2024-12-30 06:02:02 --> Session: Class initialized using 'CodeIgniter\Session\Handlers\DatabaseHandler' driver.
INFO - 2024-12-30 06:02:02 --> CSRF token verified.
INFO - 2024-12-30 06:02:02 --> Session: Class initialized using 'CodeIgniter\Session\Handlers\DatabaseHandler' driver.
INFO - 2024-12-30 06:02:13 --> Session: Class initialized using 'CodeIgniter\Session\Handlers\DatabaseHandler' driver.
INFO - 2024-12-30 06:02:13 --> CSRF token verified.
INFO - 2024-12-30 06:02:13 --> Session: Class initialized using 'CodeIgniter\Session\Handlers\DatabaseHandler' driver.
INFO - 2024-12-30 06:02:16 --> Session: Class initialized using 'CodeIgniter\Session\Handlers\DatabaseHandler' driver.
INFO - 2024-12-30 06:02:16 --> CSRF token verified.
INFO - 2024-12-30 06:02:19 --> Session: Class initialized using 'CodeIgniter\Session\Handlers\DatabaseHandler' driver.
INFO - 2024-12-30 06:02:25 --> Session: Class initialized using 'CodeIgniter\Session\Handlers\DatabaseHandler' driver.
INFO - 2024-12-30 06:02:26 --> CSRF token verified.
INFO - 2024-12-30 06:02:33 --> Session: Class initialized using 'CodeIgniter\Session\Handlers\DatabaseHandler' driver.
INFO - 2024-12-30 06:03:19 --> Session: Class initialized using 'CodeIgniter\Session\Handlers\DatabaseHandler' driver.
INFO - 2024-12-30 06:03:19 --> CSRF token verified.
INFO - 2024-12-30 06:03:20 --> Session: Class initialized using 'CodeIgniter\Session\Handlers\DatabaseHandler' driver.
INFO - 2024-12-30 06:03:21 --> Session: Class initialized using 'CodeIgniter\Session\Handlers\DatabaseHandler' driver.
INFO - 2024-12-30 06:03:21 --> CSRF token verified.
INFO - 2024-12-30 06:03:22 --> Session: Class initialized using 'CodeIgniter\Session\Handlers\DatabaseHandler' driver.
INFO - 2024-12-30 06:03:25 --> Session: Class initialized using 'CodeIgniter\Session\Handlers\DatabaseHandler' driver.
INFO - 2024-12-30 06:03:25 --> CSRF token verified.
INFO - 2024-12-30 06:03:30 --> Session: Class initialized using 'CodeIgniter\Session\Handlers\DatabaseHandler' driver.
INFO - 2024-12-30 06:03:39 --> Session: Class initialized using 'CodeIgniter\Session\Handlers\DatabaseHandler' driver.
INFO - 2024-12-30 06:03:39 --> CSRF token verified.
INFO - 2024-12-30 06:03:47 --> Session: Class initialized using 'CodeIgniter\Session\Handlers\DatabaseHandler' driver.
INFO - 2024-12-30 06:03:47 --> Session: Class initialized using 'CodeIgniter\Session\Handlers\DatabaseHandler' driver.
INFO - 2024-12-30 06:03:47 --> CSRF token verified.
INFO - 2024-12-30 06:03:52 --> Session: Class initialized using 'CodeIgniter\Session\Handlers\DatabaseHandler' driver.
INFO - 2024-12-30 06:03:52 --> CSRF token verified.
INFO - 2024-12-30 06:03:53 --> Session: Class initialized using 'CodeIgniter\Session\Handlers\DatabaseHandler' driver.
INFO - 2024-12-30 06:03:53 --> Session: Class initialized using 'CodeIgniter\Session\Handlers\DatabaseHandler' driver.
INFO - 2024-12-30 06:03:53 --> CSRF token verified.
INFO - 2024-12-30 06:03:55 --> Session: Class initialized using 'CodeIgniter\Session\Handlers\DatabaseHandler' driver.
INFO - 2024-12-30 06:03:57 --> Session: Class initialized using 'CodeIgniter\Session\Handlers\DatabaseHandler' driver.
INFO - 2024-12-30 06:03:57 --> CSRF token verified.
INFO - 2024-12-30 06:04:27 --> Session: Class initialized using 'CodeIgniter\Session\Handlers\DatabaseHandler' driver.
INFO - 2024-12-30 06:04:27 --> Session: Class initialized using 'CodeIgniter\Session\Handlers\DatabaseHandler' driver.
INFO - 2024-12-30 06:04:28 --> CSRF token verified.
INFO - 2024-12-30 06:05:21 --> Session: Class initialized using 'CodeIgniter\Session\Handlers\DatabaseHandler' driver.
INFO - 2024-12-30 06:05:21 --> CSRF token verified.
INFO - 2024-12-30 06:05:22 --> Session: Class initialized using 'CodeIgniter\Session\Handlers\DatabaseHandler' driver.
INFO - 2024-12-30 06:05:22 --> Session: Class initialized using 'CodeIgniter\Session\Handlers\DatabaseHandler' driver.
INFO - 2024-12-30 06:05:22 --> CSRF token verified.
INFO - 2024-12-30 06:05:25 --> Session: Class initialized using 'CodeIgniter\Session\Handlers\DatabaseHandler' driver.
INFO - 2024-12-30 06:05:27 --> Session: Class initialized using 'CodeIgniter\Session\Handlers\DatabaseHandler' driver.
INFO - 2024-12-30 06:05:27 --> CSRF token verified.
INFO - 2024-12-30 06:05:30 --> Session: Class initialized using 'CodeIgniter\Session\Handlers\DatabaseHandler' driver.
INFO - 2024-12-30 06:05:37 --> Session: Class initialized using 'CodeIgniter\Session\Handlers\DatabaseHandler' driver.
INFO - 2024-12-30 06:05:37 --> CSRF token verified.
INFO - 2024-12-30 06:05:40 --> Session: Class initialized using 'CodeIgniter\Session\Handlers\DatabaseHandler' driver.
INFO - 2024-12-30 06:05:49 --> Session: Class initialized using 'CodeIgniter\Session\Handlers\DatabaseHandler' driver.
INFO - 2024-12-30 06:05:49 --> CSRF token verified.
INFO - 2024-12-30 06:06:38 --> Session: Class initialized using 'CodeIgniter\Session\Handlers\DatabaseHandler' driver.
INFO - 2024-12-30 06:08:03 --> Session: Class initialized using 'CodeIgniter\Session\Handlers\DatabaseHandler' driver.
INFO - 2024-12-30 06:08:05 --> Session: Class initialized using 'CodeIgniter\Session\Handlers\DatabaseHandler' driver.
INFO - 2024-12-30 06:08:05 --> CSRF token verified.
INFO - 2024-12-30 06:10:15 --> Session: Class initialized using 'CodeIgniter\Session\Handlers\DatabaseHandler' driver.
INFO - 2024-12-30 06:10:18 --> Session: Class initialized using 'CodeIgniter\Session\Handlers\DatabaseHandler' driver.
INFO - 2024-12-30 06:10:18 --> CSRF token verified.
INFO - 2024-12-30 06:11:19 --> Session: Class initialized using 'CodeIgniter\Session\Handlers\DatabaseHandler' driver.
INFO - 2024-12-30 06:12:20 --> Session: Class initialized using 'CodeIgniter\Session\Handlers\DatabaseHandler' driver.
INFO - 2024-12-30 06:12:21 --> Session: Class initialized using 'CodeIgniter\Session\Handlers\DatabaseHandler' driver.
INFO - 2024-12-30 06:12:21 --> CSRF token verified.
INFO - 2024-12-30 06:12:42 --> Session: Class initialized using 'CodeIgniter\Session\Handlers\DatabaseHandler' driver.
INFO - 2024-12-30 06:12:42 --> CSRF token verified.
INFO - 2024-12-30 06:12:55 --> Session: Class initialized using 'CodeIgniter\Session\Handlers\DatabaseHandler' driver.
INFO - 2024-12-30 06:12:55 --> CSRF token verified.
INFO - 2024-12-30 06:12:55 --> Session: Class initialized using 'CodeIgniter\Session\Handlers\DatabaseHandler' driver.
INFO - 2024-12-30 06:12:57 --> Session: Class initialized using 'CodeIgniter\Session\Handlers\DatabaseHandler' driver.
INFO - 2024-12-30 06:12:57 --> CSRF token verified.
INFO - 2024-12-30 06:13:07 --> Session: Class initialized using 'CodeIgniter\Session\Handlers\DatabaseHandler' driver.
INFO - 2024-12-30 06:13:07 --> CSRF token verified.
INFO - 2024-12-30 06:13:14 --> Session: Class initialized using 'CodeIgniter\Session\Handlers\DatabaseHandler' driver.
INFO - 2024-12-30 06:13:14 --> Session: Class initialized using 'CodeIgniter\Session\Handlers\DatabaseHandler' driver.
INFO - 2024-12-30 06:13:15 --> Session: Class initialized using 'CodeIgniter\Session\Handlers\DatabaseHandler' driver.
INFO - 2024-12-30 06:13:15 --> CSRF token verified.
INFO - 2024-12-30 06:13:15 --> Session: Class initialized using 'CodeIgniter\Session\Handlers\DatabaseHandler' driver.
INFO - 2024-12-30 06:13:18 --> Session: Class initialized using 'CodeIgniter\Session\Handlers\DatabaseHandler' driver.
INFO - 2024-12-30 06:13:18 --> CSRF token verified.
INFO - 2024-12-30 06:13:27 --> Session: Class initialized using 'CodeIgniter\Session\Handlers\DatabaseHandler' driver.
INFO - 2024-12-30 06:13:27 --> Session: Class initialized using 'CodeIgniter\Session\Handlers\DatabaseHandler' driver.
INFO - 2024-12-30 06:13:27 --> CSRF token verified.
INFO - 2024-12-30 06:13:37 --> Session: Class initialized using 'CodeIgniter\Session\Handlers\DatabaseHandler' driver.
INFO - 2024-12-30 06:13:37 --> Session: Class initialized using 'CodeIgniter\Session\Handlers\DatabaseHandler' driver.
INFO - 2024-12-30 06:13:43 --> Session: Class initialized using 'CodeIgniter\Session\Handlers\DatabaseHandler' driver.
INFO - 2024-12-30 06:13:43 --> CSRF token verified.
INFO - 2024-12-30 06:13:43 --> Session: Class initialized using 'CodeIgniter\Session\Handlers\DatabaseHandler' driver.
INFO - 2024-12-30 06:13:44 --> Session: Class initialized using 'CodeIgniter\Session\Handlers\DatabaseHandler' driver.
INFO - 2024-12-30 06:13:44 --> CSRF token verified.
INFO - 2024-12-30 06:13:46 --> Session: Class initialized using 'CodeIgniter\Session\Handlers\DatabaseHandler' driver.
INFO - 2024-12-30 06:13:48 --> Session: Class initialized using 'CodeIgniter\Session\Handlers\DatabaseHandler' driver.
INFO - 2024-12-30 06:13:48 --> CSRF token verified.
INFO - 2024-12-30 06:15:34 --> Session: Class initialized using 'CodeIgniter\Session\Handlers\DatabaseHandler' driver.
INFO - 2024-12-30 06:16:00 --> Session: Class initialized using 'CodeIgniter\Session\Handlers\DatabaseHandler' driver.
INFO - 2024-12-30 06:16:03 --> Session: Class initialized using 'CodeIgniter\Session\Handlers\DatabaseHandler' driver.
INFO - 2024-12-30 06:16:03 --> CSRF token verified.
INFO - 2024-12-30 06:16:25 --> Session: Class initialized using 'CodeIgniter\Session\Handlers\DatabaseHandler' driver.
INFO - 2024-12-30 06:17:09 --> Session: Class initialized using 'CodeIgniter\Session\Handlers\DatabaseHandler' driver.
INFO - 2024-12-30 06:17:12 --> Session: Class initialized using 'CodeIgniter\Session\Handlers\DatabaseHandler' driver.
INFO - 2024-12-30 06:17:12 --> CSRF token verified.
INFO - 2024-12-30 06:17:33 --> Session: Class initialized using 'CodeIgniter\Session\Handlers\DatabaseHandler' driver.
INFO - 2024-12-30 06:17:36 --> Session: Class initialized using 'CodeIgniter\Session\Handlers\DatabaseHandler' driver.
INFO - 2024-12-30 06:17:36 --> CSRF token verified.
INFO - 2024-12-30 06:18:34 --> Session: Class initialized using 'CodeIgniter\Session\Handlers\DatabaseHandler' driver.
INFO - 2024-12-30 06:18:36 --> Session: Class initialized using 'CodeIgniter\Session\Handlers\DatabaseHandler' driver.
INFO - 2024-12-30 06:18:37 --> Session: Class initialized using 'CodeIgniter\Session\Handlers\DatabaseHandler' driver.
INFO - 2024-12-30 06:18:37 --> CSRF token verified.
INFO - 2024-12-30 06:18:51 --> Session: Class initialized using 'CodeIgniter\Session\Handlers\DatabaseHandler' driver.
INFO - 2024-12-30 06:18:53 --> Session: Class initialized using 'CodeIgniter\Session\Handlers\DatabaseHandler' driver.
INFO - 2024-12-30 06:18:53 --> CSRF token verified.
INFO - 2024-12-30 06:19:06 --> Session: Class initialized using 'CodeIgniter\Session\Handlers\DatabaseHandler' driver.
INFO - 2024-12-30 06:19:08 --> Session: Class initialized using 'CodeIgniter\Session\Handlers\DatabaseHandler' driver.
INFO - 2024-12-30 06:19:08 --> CSRF token verified.
INFO - 2024-12-30 06:19:47 --> Session: Class initialized using 'CodeIgniter\Session\Handlers\DatabaseHandler' driver.
INFO - 2024-12-30 06:19:50 --> Session: Class initialized using 'CodeIgniter\Session\Handlers\DatabaseHandler' driver.
INFO - 2024-12-30 06:19:50 --> Session: Class initialized using 'CodeIgniter\Session\Handlers\DatabaseHandler' driver.
INFO - 2024-12-30 06:19:50 --> CSRF token verified.
INFO - 2024-12-30 06:20:35 --> Session: Class initialized using 'CodeIgniter\Session\Handlers\DatabaseHandler' driver.
INFO - 2024-12-30 06:20:37 --> Session: Class initialized using 'CodeIgniter\Session\Handlers\DatabaseHandler' driver.
INFO - 2024-12-30 06:20:38 --> Session: Class initialized using 'CodeIgniter\Session\Handlers\DatabaseHandler' driver.
INFO - 2024-12-30 06:20:38 --> CSRF token verified.
INFO - 2024-12-30 06:22:36 --> Session: Class initialized using 'CodeIgniter\Session\Handlers\DatabaseHandler' driver.
INFO - 2024-12-30 06:22:39 --> Session: Class initialized using 'CodeIgniter\Session\Handlers\DatabaseHandler' driver.
INFO - 2024-12-30 06:22:39 --> Session: Class initialized using 'CodeIgniter\Session\Handlers\DatabaseHandler' driver.
INFO - 2024-12-30 06:22:39 --> CSRF token verified.
INFO - 2024-12-30 06:23:26 --> Session: Class initialized using 'CodeIgniter\Session\Handlers\DatabaseHandler' driver.
INFO - 2024-12-30 06:23:27 --> Session: Class initialized using 'CodeIgniter\Session\Handlers\DatabaseHandler' driver.
INFO - 2024-12-30 06:23:27 --> CSRF token verified.
INFO - 2024-12-30 06:23:31 --> Session: Class initialized using 'CodeIgniter\Session\Handlers\DatabaseHandler' driver.
INFO - 2024-12-30 06:23:32 --> Session: Class initialized using 'CodeIgniter\Session\Handlers\DatabaseHandler' driver.
INFO - 2024-12-30 06:23:32 --> CSRF token verified.
INFO - 2024-12-30 06:23:39 --> Session: Class initialized using 'CodeIgniter\Session\Handlers\DatabaseHandler' driver.
INFO - 2024-12-30 06:23:40 --> Session: Class initialized using 'CodeIgniter\Session\Handlers\DatabaseHandler' driver.
INFO - 2024-12-30 06:23:40 --> CSRF token verified.
INFO - 2024-12-30 06:23:52 --> Session: Class initialized using 'CodeIgniter\Session\Handlers\DatabaseHandler' driver.
INFO - 2024-12-30 06:23:54 --> Session: Class initialized using 'CodeIgniter\Session\Handlers\DatabaseHandler' driver.
INFO - 2024-12-30 06:23:54 --> CSRF token verified.
INFO - 2024-12-30 06:23:59 --> Session: Class initialized using 'CodeIgniter\Session\Handlers\DatabaseHandler' driver.
INFO - 2024-12-30 06:23:59 --> CSRF token verified.
INFO - 2024-12-30 06:24:04 --> Session: Class initialized using 'CodeIgniter\Session\Handlers\DatabaseHandler' driver.
INFO - 2024-12-30 06:24:04 --> CSRF token verified.
INFO - 2024-12-30 06:24:04 --> Session: Class initialized using 'CodeIgniter\Session\Handlers\DatabaseHandler' driver.
INFO - 2024-12-30 06:24:05 --> Session: Class initialized using 'CodeIgniter\Session\Handlers\DatabaseHandler' driver.
INFO - 2024-12-30 06:24:06 --> Session: Class initialized using 'CodeIgniter\Session\Handlers\DatabaseHandler' driver.
INFO - 2024-12-30 06:24:06 --> CSRF token verified.
INFO - 2024-12-30 06:24:20 --> Session: Class initialized using 'CodeIgniter\Session\Handlers\DatabaseHandler' driver.
INFO - 2024-12-30 06:24:20 --> CSRF token verified.
INFO - 2024-12-30 06:24:21 --> Session: Class initialized using 'CodeIgniter\Session\Handlers\DatabaseHandler' driver.
INFO - 2024-12-30 06:24:21 --> Session: Class initialized using 'CodeIgniter\Session\Handlers\DatabaseHandler' driver.
INFO - 2024-12-30 06:24:21 --> CSRF token verified.
INFO - 2024-12-30 06:24:27 --> Session: Class initialized using 'CodeIgniter\Session\Handlers\DatabaseHandler' driver.
INFO - 2024-12-30 06:24:27 --> Session: Class initialized using 'CodeIgniter\Session\Handlers\DatabaseHandler' driver.
INFO - 2024-12-30 06:24:27 --> CSRF token verified.
INFO - 2024-12-30 06:24:34 --> Session: Class initialized using 'CodeIgniter\Session\Handlers\DatabaseHandler' driver.
INFO - 2024-12-30 06:24:35 --> Session: Class initialized using 'CodeIgniter\Session\Handlers\DatabaseHandler' driver.
INFO - 2024-12-30 06:24:35 --> CSRF token verified.
INFO - 2024-12-30 06:24:38 --> Session: Class initialized using 'CodeIgniter\Session\Handlers\DatabaseHandler' driver.
INFO - 2024-12-30 06:24:39 --> Session: Class initialized using 'CodeIgniter\Session\Handlers\DatabaseHandler' driver.
INFO - 2024-12-30 06:24:39 --> CSRF token verified.
INFO - 2024-12-30 06:24:52 --> Session: Class initialized using 'CodeIgniter\Session\Handlers\DatabaseHandler' driver.
INFO - 2024-12-30 06:24:53 --> Session: Class initialized using 'CodeIgniter\Session\Handlers\DatabaseHandler' driver.
INFO - 2024-12-30 06:24:53 --> CSRF token verified.
INFO - 2024-12-30 06:24:58 --> Session: Class initialized using 'CodeIgniter\Session\Handlers\DatabaseHandler' driver.
INFO - 2024-12-30 06:25:02 --> Session: Class initialized using 'CodeIgniter\Session\Handlers\DatabaseHandler' driver.
INFO - 2024-12-30 06:25:02 --> CSRF token verified.
INFO - 2024-12-30 06:25:03 --> Session: Class initialized using 'CodeIgniter\Session\Handlers\DatabaseHandler' driver.
INFO - 2024-12-30 06:25:04 --> Session: Class initialized using 'CodeIgniter\Session\Handlers\DatabaseHandler' driver.
INFO - 2024-12-30 06:25:04 --> CSRF token verified.
INFO - 2024-12-30 06:25:13 --> Session: Class initialized using 'CodeIgniter\Session\Handlers\DatabaseHandler' driver.
INFO - 2024-12-30 06:25:14 --> Session: Class initialized using 'CodeIgniter\Session\Handlers\DatabaseHandler' driver.
INFO - 2024-12-30 06:25:14 --> CSRF token verified.
INFO - 2024-12-30 06:25:20 --> Session: Class initialized using 'CodeIgniter\Session\Handlers\DatabaseHandler' driver.
INFO - 2024-12-30 06:25:21 --> Session: Class initialized using 'CodeIgniter\Session\Handlers\DatabaseHandler' driver.
INFO - 2024-12-30 06:25:21 --> CSRF token verified.
INFO - 2024-12-30 06:25:30 --> Session: Class initialized using 'CodeIgniter\Session\Handlers\DatabaseHandler' driver.
INFO - 2024-12-30 06:25:30 --> CSRF token verified.
INFO - 2024-12-30 06:25:31 --> Session: Class initialized using 'CodeIgniter\Session\Handlers\DatabaseHandler' driver.
INFO - 2024-12-30 06:25:31 --> Session: Class initialized using 'CodeIgniter\Session\Handlers\DatabaseHandler' driver.
INFO - 2024-12-30 06:25:31 --> CSRF token verified.
INFO - 2024-12-30 06:25:36 --> Session: Class initialized using 'CodeIgniter\Session\Handlers\DatabaseHandler' driver.
INFO - 2024-12-30 06:25:37 --> Session: Class initialized using 'CodeIgniter\Session\Handlers\DatabaseHandler' driver.
INFO - 2024-12-30 06:25:37 --> CSRF token verified.
INFO - 2024-12-30 06:25:52 --> Session: Class initialized using 'CodeIgniter\Session\Handlers\DatabaseHandler' driver.
INFO - 2024-12-30 06:25:53 --> Session: Class initialized using 'CodeIgniter\Session\Handlers\DatabaseHandler' driver.
INFO - 2024-12-30 06:25:53 --> CSRF token verified.
INFO - 2024-12-30 06:26:11 --> Session: Class initialized using 'CodeIgniter\Session\Handlers\DatabaseHandler' driver.
INFO - 2024-12-30 06:26:12 --> Session: Class initialized using 'CodeIgniter\Session\Handlers\DatabaseHandler' driver.
INFO - 2024-12-30 06:26:12 --> CSRF token verified.
INFO - 2024-12-30 06:26:25 --> Session: Class initialized using 'CodeIgniter\Session\Handlers\DatabaseHandler' driver.
INFO - 2024-12-30 06:26:25 --> CSRF token verified.
INFO - 2024-12-30 06:26:25 --> Session: Class initialized using 'CodeIgniter\Session\Handlers\DatabaseHandler' driver.
INFO - 2024-12-30 06:26:26 --> Session: Class initialized using 'CodeIgniter\Session\Handlers\DatabaseHandler' driver.
INFO - 2024-12-30 06:26:26 --> CSRF token verified.
INFO - 2024-12-30 06:26:28 --> Session: Class initialized using 'CodeIgniter\Session\Handlers\DatabaseHandler' driver.
INFO - 2024-12-30 06:26:29 --> Session: Class initialized using 'CodeIgniter\Session\Handlers\DatabaseHandler' driver.
INFO - 2024-12-30 06:26:29 --> CSRF token verified.
INFO - 2024-12-30 06:26:38 --> Session: Class initialized using 'CodeIgniter\Session\Handlers\DatabaseHandler' driver.
INFO - 2024-12-30 06:26:39 --> Session: Class initialized using 'CodeIgniter\Session\Handlers\DatabaseHandler' driver.
INFO - 2024-12-30 06:26:39 --> CSRF token verified.
INFO - 2024-12-30 06:26:50 --> Session: Class initialized using 'CodeIgniter\Session\Handlers\DatabaseHandler' driver.
INFO - 2024-12-30 06:26:50 --> Session: Class initialized using 'CodeIgniter\Session\Handlers\DatabaseHandler' driver.
INFO - 2024-12-30 06:26:50 --> CSRF token verified.
INFO - 2024-12-30 06:27:01 --> Session: Class initialized using 'CodeIgniter\Session\Handlers\DatabaseHandler' driver.
INFO - 2024-12-30 06:27:02 --> Session: Class initialized using 'CodeIgniter\Session\Handlers\DatabaseHandler' driver.
INFO - 2024-12-30 06:27:02 --> CSRF token verified.
INFO - 2024-12-30 06:27:04 --> Session: Class initialized using 'CodeIgniter\Session\Handlers\DatabaseHandler' driver.
INFO - 2024-12-30 06:27:04 --> CSRF token verified.
INFO - 2024-12-30 06:27:05 --> Session: Class initialized using 'CodeIgniter\Session\Handlers\DatabaseHandler' driver.
INFO - 2024-12-30 06:27:06 --> Session: Class initialized using 'CodeIgniter\Session\Handlers\DatabaseHandler' driver.
INFO - 2024-12-30 06:27:06 --> CSRF token verified.
INFO - 2024-12-30 06:27:07 --> Session: Class initialized using 'CodeIgniter\Session\Handlers\DatabaseHandler' driver.
INFO - 2024-12-30 06:27:07 --> CSRF token verified.
INFO - 2024-12-30 06:27:09 --> Session: Class initialized using 'CodeIgniter\Session\Handlers\DatabaseHandler' driver.
INFO - 2024-12-30 06:27:09 --> CSRF token verified.
INFO - 2024-12-30 06:27:10 --> Session: Class initialized using 'CodeIgniter\Session\Handlers\DatabaseHandler' driver.
INFO - 2024-12-30 06:27:11 --> Session: Class initialized using 'CodeIgniter\Session\Handlers\DatabaseHandler' driver.
INFO - 2024-12-30 06:27:11 --> CSRF token verified.
INFO - 2024-12-30 06:27:17 --> Session: Class initialized using 'CodeIgniter\Session\Handlers\DatabaseHandler' driver.
INFO - 2024-12-30 06:27:17 --> CSRF token verified.
INFO - 2024-12-30 06:27:44 --> Session: Class initialized using 'CodeIgniter\Session\Handlers\DatabaseHandler' driver.
INFO - 2024-12-30 06:27:44 --> CSRF token verified.
INFO - 2024-12-30 06:27:46 --> Session: Class initialized using 'CodeIgniter\Session\Handlers\DatabaseHandler' driver.
INFO - 2024-12-30 06:27:46 --> CSRF token verified.
INFO - 2024-12-30 06:27:46 --> Session: Class initialized using 'CodeIgniter\Session\Handlers\DatabaseHandler' driver.
INFO - 2024-12-30 06:27:47 --> Session: Class initialized using 'CodeIgniter\Session\Handlers\DatabaseHandler' driver.
INFO - 2024-12-30 06:27:47 --> CSRF token verified.
INFO - 2024-12-30 06:27:50 --> Session: Class initialized using 'CodeIgniter\Session\Handlers\DatabaseHandler' driver.
INFO - 2024-12-30 06:27:52 --> Session: Class initialized using 'CodeIgniter\Session\Handlers\DatabaseHandler' driver.
INFO - 2024-12-30 06:27:53 --> Session: Class initialized using 'CodeIgniter\Session\Handlers\DatabaseHandler' driver.
INFO - 2024-12-30 06:27:53 --> CSRF token verified.
INFO - 2024-12-30 06:28:15 --> Session: Class initialized using 'CodeIgniter\Session\Handlers\DatabaseHandler' driver.
INFO - 2024-12-30 06:28:22 --> Session: Class initialized using 'CodeIgniter\Session\Handlers\DatabaseHandler' driver.
INFO - 2024-12-30 06:28:22 --> CSRF token verified.
INFO - 2024-12-30 06:28:32 --> Session: Class initialized using 'CodeIgniter\Session\Handlers\DatabaseHandler' driver.
INFO - 2024-12-30 06:28:33 --> Session: Class initialized using 'CodeIgniter\Session\Handlers\DatabaseHandler' driver.
INFO - 2024-12-30 06:28:33 --> CSRF token verified.
INFO - 2024-12-30 06:28:38 --> Session: Class initialized using 'CodeIgniter\Session\Handlers\DatabaseHandler' driver.
INFO - 2024-12-30 06:28:38 --> CSRF token verified.
INFO - 2024-12-30 06:28:39 --> Session: Class initialized using 'CodeIgniter\Session\Handlers\DatabaseHandler' driver.
INFO - 2024-12-30 06:28:40 --> Session: Class initialized using 'CodeIgniter\Session\Handlers\DatabaseHandler' driver.
INFO - 2024-12-30 06:28:40 --> CSRF token verified.
INFO - 2024-12-30 06:28:46 --> Session: Class initialized using 'CodeIgniter\Session\Handlers\DatabaseHandler' driver.
INFO - 2024-12-30 06:28:49 --> Session: Class initialized using 'CodeIgniter\Session\Handlers\DatabaseHandler' driver.
INFO - 2024-12-30 06:28:49 --> Session: Class initialized using 'CodeIgniter\Session\Handlers\DatabaseHandler' driver.
INFO - 2024-12-30 06:28:49 --> CSRF token verified.
INFO - 2024-12-30 06:29:08 --> Session: Class initialized using 'CodeIgniter\Session\Handlers\DatabaseHandler' driver.
INFO - 2024-12-30 06:29:09 --> Session: Class initialized using 'CodeIgniter\Session\Handlers\DatabaseHandler' driver.
INFO - 2024-12-30 06:29:09 --> CSRF token verified.
INFO - 2024-12-30 06:29:17 --> Session: Class initialized using 'CodeIgniter\Session\Handlers\DatabaseHandler' driver.
INFO - 2024-12-30 06:29:18 --> Session: Class initialized using 'CodeIgniter\Session\Handlers\DatabaseHandler' driver.
INFO - 2024-12-30 06:29:18 --> CSRF token verified.
INFO - 2024-12-30 06:29:21 --> Session: Class initialized using 'CodeIgniter\Session\Handlers\DatabaseHandler' driver.
INFO - 2024-12-30 06:29:21 --> Session: Class initialized using 'CodeIgniter\Session\Handlers\DatabaseHandler' driver.
INFO - 2024-12-30 06:29:21 --> CSRF token verified.
INFO - 2024-12-30 06:29:44 --> Session: Class initialized using 'CodeIgniter\Session\Handlers\DatabaseHandler' driver.
INFO - 2024-12-30 06:29:44 --> CSRF token verified.
INFO - 2024-12-30 06:29:45 --> Session: Class initialized using 'CodeIgniter\Session\Handlers\DatabaseHandler' driver.
INFO - 2024-12-30 06:29:45 --> Session: Class initialized using 'CodeIgniter\Session\Handlers\DatabaseHandler' driver.
INFO - 2024-12-30 06:29:45 --> CSRF token verified.
INFO - 2024-12-30 06:30:02 --> Session: Class initialized using 'CodeIgniter\Session\Handlers\DatabaseHandler' driver.
INFO - 2024-12-30 06:30:03 --> Session: Class initialized using 'CodeIgniter\Session\Handlers\DatabaseHandler' driver.
INFO - 2024-12-30 06:30:03 --> CSRF token verified.
INFO - 2024-12-30 06:30:12 --> Session: Class initialized using 'CodeIgniter\Session\Handlers\DatabaseHandler' driver.
INFO - 2024-12-30 06:30:12 --> CSRF token verified.
INFO - 2024-12-30 06:30:20 --> Session: Class initialized using 'CodeIgniter\Session\Handlers\DatabaseHandler' driver.
INFO - 2024-12-30 06:30:20 --> CSRF token verified.
INFO - 2024-12-30 06:30:20 --> Session: Class initialized using 'CodeIgniter\Session\Handlers\DatabaseHandler' driver.
INFO - 2024-12-30 06:30:21 --> Session: Class initialized using 'CodeIgniter\Session\Handlers\DatabaseHandler' driver.
INFO - 2024-12-30 06:30:21 --> CSRF token verified.
INFO - 2024-12-30 06:30:27 --> Session: Class initialized using 'CodeIgniter\Session\Handlers\DatabaseHandler' driver.
INFO - 2024-12-30 06:30:29 --> Session: Class initialized using 'CodeIgniter\Session\Handlers\DatabaseHandler' driver.
INFO - 2024-12-30 06:30:30 --> Session: Class initialized using 'CodeIgniter\Session\Handlers\DatabaseHandler' driver.
INFO - 2024-12-30 06:30:30 --> CSRF token verified.
INFO - 2024-12-30 06:30:51 --> Session: Class initialized using 'CodeIgniter\Session\Handlers\DatabaseHandler' driver.
INFO - 2024-12-30 06:30:51 --> CSRF token verified.
INFO - 2024-12-30 06:31:18 --> Session: Class initialized using 'CodeIgniter\Session\Handlers\DatabaseHandler' driver.
INFO - 2024-12-30 06:31:18 --> CSRF token verified.
INFO - 2024-12-30 06:31:24 --> Session: Class initialized using 'CodeIgniter\Session\Handlers\DatabaseHandler' driver.
INFO - 2024-12-30 06:31:25 --> Session: Class initialized using 'CodeIgniter\Session\Handlers\DatabaseHandler' driver.
INFO - 2024-12-30 06:31:25 --> CSRF token verified.
INFO - 2024-12-30 06:31:36 --> Session: Class initialized using 'CodeIgniter\Session\Handlers\DatabaseHandler' driver.
INFO - 2024-12-30 06:31:36 --> CSRF token verified.
INFO - 2024-12-30 06:31:37 --> Session: Class initialized using 'CodeIgniter\Session\Handlers\DatabaseHandler' driver.
INFO - 2024-12-30 06:31:38 --> Session: Class initialized using 'CodeIgniter\Session\Handlers\DatabaseHandler' driver.
INFO - 2024-12-30 06:31:38 --> CSRF token verified.
INFO - 2024-12-30 06:31:40 --> Session: Class initialized using 'CodeIgniter\Session\Handlers\DatabaseHandler' driver.
INFO - 2024-12-30 06:31:41 --> Session: Class initialized using 'CodeIgniter\Session\Handlers\DatabaseHandler' driver.
INFO - 2024-12-30 06:31:41 --> CSRF token verified.
INFO - 2024-12-30 06:31:58 --> Session: Class initialized using 'CodeIgniter\Session\Handlers\DatabaseHandler' driver.
INFO - 2024-12-30 06:31:59 --> Session: Class initialized using 'CodeIgniter\Session\Handlers\DatabaseHandler' driver.
INFO - 2024-12-30 06:31:59 --> CSRF token verified.
INFO - 2024-12-30 06:32:16 --> Session: Class initialized using 'CodeIgniter\Session\Handlers\DatabaseHandler' driver.
INFO - 2024-12-30 06:32:17 --> Session: Class initialized using 'CodeIgniter\Session\Handlers\DatabaseHandler' driver.
INFO - 2024-12-30 06:32:17 --> CSRF token verified.
INFO - 2024-12-30 06:32:21 --> Session: Class initialized using 'CodeIgniter\Session\Handlers\DatabaseHandler' driver.
INFO - 2024-12-30 06:32:22 --> Session: Class initialized using 'CodeIgniter\Session\Handlers\DatabaseHandler' driver.
INFO - 2024-12-30 06:32:22 --> CSRF token verified.
INFO - 2024-12-30 06:32:41 --> Session: Class initialized using 'CodeIgniter\Session\Handlers\DatabaseHandler' driver.
INFO - 2024-12-30 06:32:41 --> CSRF token verified.
INFO - 2024-12-30 06:32:42 --> Session: Class initialized using 'CodeIgniter\Session\Handlers\DatabaseHandler' driver.
INFO - 2024-12-30 06:32:42 --> Session: Class initialized using 'CodeIgniter\Session\Handlers\DatabaseHandler' driver.
INFO - 2024-12-30 06:32:42 --> CSRF token verified.
INFO - 2024-12-30 06:32:50 --> Session: Class initialized using 'CodeIgniter\Session\Handlers\DatabaseHandler' driver.
INFO - 2024-12-30 06:32:51 --> Session: Class initialized using 'CodeIgniter\Session\Handlers\DatabaseHandler' driver.
INFO - 2024-12-30 06:32:52 --> CSRF token verified.
INFO - 2024-12-30 06:32:55 --> Session: Class initialized using 'CodeIgniter\Session\Handlers\DatabaseHandler' driver.
INFO - 2024-12-30 06:32:55 --> CSRF token verified.
INFO - 2024-12-30 06:33:17 --> Session: Class initialized using 'CodeIgniter\Session\Handlers\DatabaseHandler' driver.
INFO - 2024-12-30 06:33:17 --> Session: Class initialized using 'CodeIgniter\Session\Handlers\DatabaseHandler' driver.
INFO - 2024-12-30 06:33:17 --> CSRF token verified.
INFO - 2024-12-30 06:33:31 --> Session: Class initialized using 'CodeIgniter\Session\Handlers\DatabaseHandler' driver.
INFO - 2024-12-30 06:33:32 --> Session: Class initialized using 'CodeIgniter\Session\Handlers\DatabaseHandler' driver.
INFO - 2024-12-30 06:33:32 --> CSRF token verified.
INFO - 2024-12-30 06:34:03 --> Session: Class initialized using 'CodeIgniter\Session\Handlers\DatabaseHandler' driver.
INFO - 2024-12-30 06:34:03 --> CSRF token verified.
INFO - 2024-12-30 06:34:19 --> Session: Class initialized using 'CodeIgniter\Session\Handlers\DatabaseHandler' driver.
INFO - 2024-12-30 06:34:19 --> Session: Class initialized using 'CodeIgniter\Session\Handlers\DatabaseHandler' driver.
INFO - 2024-12-30 06:34:19 --> CSRF token verified.
INFO - 2024-12-30 06:34:22 --> Session: Class initialized using 'CodeIgniter\Session\Handlers\DatabaseHandler' driver.
INFO - 2024-12-30 06:34:23 --> Session: Class initialized using 'CodeIgniter\Session\Handlers\DatabaseHandler' driver.
INFO - 2024-12-30 06:34:23 --> CSRF token verified.
INFO - 2024-12-30 06:34:31 --> Session: Class initialized using 'CodeIgniter\Session\Handlers\DatabaseHandler' driver.
INFO - 2024-12-30 06:34:32 --> Session: Class initialized using 'CodeIgniter\Session\Handlers\DatabaseHandler' driver.
INFO - 2024-12-30 06:34:32 --> CSRF token verified.
INFO - 2024-12-30 06:36:47 --> Session: Class initialized using 'CodeIgniter\Session\Handlers\DatabaseHandler' driver.
INFO - 2024-12-30 06:42:40 --> Session: Class initialized using 'CodeIgniter\Session\Handlers\DatabaseHandler' driver.
INFO - 2024-12-30 06:42:40 --> CSRF token verified.
INFO - 2024-12-30 06:44:43 --> Session: Class initialized using 'CodeIgniter\Session\Handlers\DatabaseHandler' driver.
INFO - 2024-12-30 06:44:44 --> Session: Class initialized using 'CodeIgniter\Session\Handlers\DatabaseHandler' driver.
INFO - 2024-12-30 06:44:44 --> CSRF token verified.
INFO - 2024-12-30 06:44:54 --> Session: Class initialized using 'CodeIgniter\Session\Handlers\DatabaseHandler' driver.
INFO - 2024-12-30 06:44:55 --> Session: Class initialized using 'CodeIgniter\Session\Handlers\DatabaseHandler' driver.
INFO - 2024-12-30 06:44:55 --> CSRF token verified.
INFO - 2024-12-30 06:46:01 --> Session: Class initialized using 'CodeIgniter\Session\Handlers\DatabaseHandler' driver.
INFO - 2024-12-30 06:46:01 --> CSRF token verified.
INFO - 2024-12-30 06:46:01 --> Session: Class initialized using 'CodeIgniter\Session\Handlers\DatabaseHandler' driver.
INFO - 2024-12-30 06:46:02 --> Session: Class initialized using 'CodeIgniter\Session\Handlers\DatabaseHandler' driver.
INFO - 2024-12-30 06:46:02 --> CSRF token verified.
INFO - 2024-12-30 06:46:07 --> Session: Class initialized using 'CodeIgniter\Session\Handlers\DatabaseHandler' driver.
INFO - 2024-12-30 06:46:08 --> Session: Class initialized using 'CodeIgniter\Session\Handlers\DatabaseHandler' driver.
INFO - 2024-12-30 06:46:08 --> CSRF token verified.
INFO - 2024-12-30 06:46:14 --> Session: Class initialized using 'CodeIgniter\Session\Handlers\DatabaseHandler' driver.
INFO - 2024-12-30 06:46:14 --> Session: Class initialized using 'CodeIgniter\Session\Handlers\DatabaseHandler' driver.
INFO - 2024-12-30 06:46:14 --> CSRF token verified.
INFO - 2024-12-30 06:46:19 --> Session: Class initialized using 'CodeIgniter\Session\Handlers\DatabaseHandler' driver.
INFO - 2024-12-30 06:46:20 --> Session: Class initialized using 'CodeIgniter\Session\Handlers\DatabaseHandler' driver.
INFO - 2024-12-30 06:46:20 --> CSRF token verified.
INFO - 2024-12-30 06:46:30 --> Session: Class initialized using 'CodeIgniter\Session\Handlers\DatabaseHandler' driver.
INFO - 2024-12-30 06:46:32 --> Session: Class initialized using 'CodeIgniter\Session\Handlers\DatabaseHandler' driver.
INFO - 2024-12-30 06:46:32 --> CSRF token verified.
INFO - 2024-12-30 06:46:37 --> Session: Class initialized using 'CodeIgniter\Session\Handlers\DatabaseHandler' driver.
INFO - 2024-12-30 06:46:37 --> CSRF token verified.
INFO - 2024-12-30 06:46:40 --> Session: Class initialized using 'CodeIgniter\Session\Handlers\DatabaseHandler' driver.
INFO - 2024-12-30 06:46:40 --> CSRF token verified.
INFO - 2024-12-30 06:46:40 --> Session: Class initialized using 'CodeIgniter\Session\Handlers\DatabaseHandler' driver.
INFO - 2024-12-30 06:46:41 --> Session: Class initialized using 'CodeIgniter\Session\Handlers\DatabaseHandler' driver.
INFO - 2024-12-30 06:46:41 --> CSRF token verified.
INFO - 2024-12-30 06:46:46 --> Session: Class initialized using 'CodeIgniter\Session\Handlers\DatabaseHandler' driver.
INFO - 2024-12-30 06:46:48 --> Session: Class initialized using 'CodeIgniter\Session\Handlers\DatabaseHandler' driver.
INFO - 2024-12-30 06:46:49 --> Session: Class initialized using 'CodeIgniter\Session\Handlers\DatabaseHandler' driver.
INFO - 2024-12-30 06:46:49 --> CSRF token verified.
INFO - 2024-12-30 06:47:43 --> Session: Class initialized using 'CodeIgniter\Session\Handlers\DatabaseHandler' driver.
INFO - 2024-12-30 06:47:43 --> CSRF token verified.
INFO - 2024-12-30 06:47:44 --> Session: Class initialized using 'CodeIgniter\Session\Handlers\DatabaseHandler' driver.
INFO - 2024-12-30 06:47:44 --> Session: Class initialized using 'CodeIgniter\Session\Handlers\DatabaseHandler' driver.
INFO - 2024-12-30 06:47:45 --> Session: Class initialized using 'CodeIgniter\Session\Handlers\DatabaseHandler' driver.
INFO - 2024-12-30 06:47:45 --> CSRF token verified.
CRITICAL - 2024-12-30 06:47:45 --> ErrorException: unlink(/home/carttalog/public_html/writable/debugbar/debugbar_1735541085.071790.json): No such file or directory
[Method: GET, Route: /]
in SYSTEMPATH/Debug/Toolbar/Collectors/History.php on line 82.
 1 [internal function]: CodeIgniter\Debug\Exceptions->errorHandler(2, 'unlink(/home/carttalog/public_html/writable/debugbar/debugbar_1735541085.071790.json): No such file or directory', '/home/carttalog/public_html/system/Debug/Toolbar/Collectors/History.php', 82)
 2 SYSTEMPATH/Debug/Toolbar/Collectors/History.php(82): unlink('/home/carttalog/public_html/writable/debugbar/debugbar_1735541085.071790.json')
 3 SYSTEMPATH/Debug/Toolbar.php(520): CodeIgniter\Debug\Toolbar\Collectors\History->setFiles('1735541264.518860', 20)
 4 SYSTEMPATH/Debug/Toolbar.php(497): CodeIgniter\Debug\Toolbar->format([...], 'html')
 5 APPPATH/Config/Events.php(48): CodeIgniter\Debug\Toolbar->respond()
 6 SYSTEMPATH/Events/Events.php(155): CodeIgniter\Events\Events::Config\{closure}()
 7 SYSTEMPATH/CodeIgniter.php(340): CodeIgniter\Events\Events::trigger('pre_system')
 8 SYSTEMPATH/Boot.php(325): CodeIgniter\CodeIgniter->run()
 9 SYSTEMPATH/Boot.php(67): CodeIgniter\Boot::runCodeIgniter(Object(CodeIgniter\CodeIgniter))
10 FCPATH/index.php(56): CodeIgniter\Boot::bootWeb(Object(Config\Paths))
INFO - 2024-12-30 06:47:45 --> Session: Class initialized using 'CodeIgniter\Session\Handlers\DatabaseHandler' driver.
INFO - 2024-12-30 06:47:45 --> CSRF token verified.
INFO - 2024-12-30 06:47:47 --> Session: Class initialized using 'CodeIgniter\Session\Handlers\DatabaseHandler' driver.
INFO - 2024-12-30 06:47:47 --> CSRF token verified.
INFO - 2024-12-30 06:47:48 --> Session: Class initialized using 'CodeIgniter\Session\Handlers\DatabaseHandler' driver.
INFO - 2024-12-30 06:47:48 --> CSRF token verified.
INFO - 2024-12-30 06:47:49 --> Session: Class initialized using 'CodeIgniter\Session\Handlers\DatabaseHandler' driver.
INFO - 2024-12-30 06:47:49 --> Session: Class initialized using 'CodeIgniter\Session\Handlers\DatabaseHandler' driver.
INFO - 2024-12-30 06:47:49 --> CSRF token verified.
INFO - 2024-12-30 06:48:04 --> Session: Class initialized using 'CodeIgniter\Session\Handlers\DatabaseHandler' driver.
INFO - 2024-12-30 06:48:04 --> Session: Class initialized using 'CodeIgniter\Session\Handlers\DatabaseHandler' driver.
INFO - 2024-12-30 06:48:04 --> CSRF token verified.
INFO - 2024-12-30 06:48:07 --> Session: Class initialized using 'CodeIgniter\Session\Handlers\DatabaseHandler' driver.
INFO - 2024-12-30 06:48:08 --> Session: Class initialized using 'CodeIgniter\Session\Handlers\DatabaseHandler' driver.
INFO - 2024-12-30 06:48:08 --> CSRF token verified.
INFO - 2024-12-30 06:48:11 --> Session: Class initialized using 'CodeIgniter\Session\Handlers\DatabaseHandler' driver.
INFO - 2024-12-30 06:48:12 --> Session: Class initialized using 'CodeIgniter\Session\Handlers\DatabaseHandler' driver.
INFO - 2024-12-30 06:48:12 --> CSRF token verified.
INFO - 2024-12-30 06:48:24 --> Session: Class initialized using 'CodeIgniter\Session\Handlers\DatabaseHandler' driver.
INFO - 2024-12-30 06:48:25 --> Session: Class initialized using 'CodeIgniter\Session\Handlers\DatabaseHandler' driver.
INFO - 2024-12-30 06:48:25 --> CSRF token verified.
INFO - 2024-12-30 06:48:38 --> Session: Class initialized using 'CodeIgniter\Session\Handlers\DatabaseHandler' driver.
INFO - 2024-12-30 06:48:38 --> CSRF token verified.
INFO - 2024-12-30 06:48:44 --> Session: Class initialized using 'CodeIgniter\Session\Handlers\DatabaseHandler' driver.
INFO - 2024-12-30 06:48:44 --> CSRF token verified.
INFO - 2024-12-30 06:48:48 --> Session: Class initialized using 'CodeIgniter\Session\Handlers\DatabaseHandler' driver.
INFO - 2024-12-30 06:48:49 --> Session: Class initialized using 'CodeIgniter\Session\Handlers\DatabaseHandler' driver.
INFO - 2024-12-30 06:48:49 --> CSRF token verified.
INFO - 2024-12-30 06:48:58 --> Session: Class initialized using 'CodeIgniter\Session\Handlers\DatabaseHandler' driver.
INFO - 2024-12-30 06:48:59 --> Session: Class initialized using 'CodeIgniter\Session\Handlers\DatabaseHandler' driver.
INFO - 2024-12-30 06:48:59 --> CSRF token verified.
INFO - 2024-12-30 06:49:14 --> Session: Class initialized using 'CodeIgniter\Session\Handlers\DatabaseHandler' driver.
INFO - 2024-12-30 06:49:14 --> CSRF token verified.
INFO - 2024-12-30 06:49:14 --> Session: Class initialized using 'CodeIgniter\Session\Handlers\DatabaseHandler' driver.
INFO - 2024-12-30 06:49:15 --> Session: Class initialized using 'CodeIgniter\Session\Handlers\DatabaseHandler' driver.
INFO - 2024-12-30 06:49:15 --> CSRF token verified.
INFO - 2024-12-30 06:49:29 --> Session: Class initialized using 'CodeIgniter\Session\Handlers\DatabaseHandler' driver.
INFO - 2024-12-30 06:49:31 --> Session: Class initialized using 'CodeIgniter\Session\Handlers\DatabaseHandler' driver.
INFO - 2024-12-30 06:49:31 --> CSRF token verified.
INFO - 2024-12-30 06:49:44 --> Session: Class initialized using 'CodeIgniter\Session\Handlers\DatabaseHandler' driver.
INFO - 2024-12-30 06:49:44 --> CSRF token verified.
INFO - 2024-12-30 06:49:55 --> Session: Class initialized using 'CodeIgniter\Session\Handlers\DatabaseHandler' driver.
INFO - 2024-12-30 06:49:55 --> Session: Class initialized using 'CodeIgniter\Session\Handlers\DatabaseHandler' driver.
INFO - 2024-12-30 06:49:55 --> CSRF token verified.
INFO - 2024-12-30 06:50:06 --> Session: Class initialized using 'CodeIgniter\Session\Handlers\DatabaseHandler' driver.
INFO - 2024-12-30 06:50:06 --> CSRF token verified.
INFO - 2024-12-30 06:50:07 --> Session: Class initialized using 'CodeIgniter\Session\Handlers\DatabaseHandler' driver.
INFO - 2024-12-30 06:50:07 --> CSRF token verified.
INFO - 2024-12-30 06:50:08 --> Session: Class initialized using 'CodeIgniter\Session\Handlers\DatabaseHandler' driver.
INFO - 2024-12-30 06:50:09 --> Session: Class initialized using 'CodeIgniter\Session\Handlers\DatabaseHandler' driver.
INFO - 2024-12-30 06:50:09 --> CSRF token verified.
INFO - 2024-12-30 06:50:11 --> Session: Class initialized using 'CodeIgniter\Session\Handlers\DatabaseHandler' driver.
INFO - 2024-12-30 06:50:14 --> Session: Class initialized using 'CodeIgniter\Session\Handlers\DatabaseHandler' driver.
INFO - 2024-12-30 06:50:15 --> Session: Class initialized using 'CodeIgniter\Session\Handlers\DatabaseHandler' driver.
INFO - 2024-12-30 06:50:15 --> CSRF token verified.
INFO - 2024-12-30 06:50:44 --> Session: Class initialized using 'CodeIgniter\Session\Handlers\DatabaseHandler' driver.
INFO - 2024-12-30 06:50:45 --> Session: Class initialized using 'CodeIgniter\Session\Handlers\DatabaseHandler' driver.
INFO - 2024-12-30 06:50:45 --> CSRF token verified.
INFO - 2024-12-30 06:50:48 --> Session: Class initialized using 'CodeIgniter\Session\Handlers\DatabaseHandler' driver.
INFO - 2024-12-30 06:50:48 --> CSRF token verified.
INFO - 2024-12-30 06:50:49 --> Session: Class initialized using 'CodeIgniter\Session\Handlers\DatabaseHandler' driver.
INFO - 2024-12-30 06:50:50 --> Session: Class initialized using 'CodeIgniter\Session\Handlers\DatabaseHandler' driver.
INFO - 2024-12-30 06:50:50 --> CSRF token verified.
INFO - 2024-12-30 06:50:55 --> Session: Class initialized using 'CodeIgniter\Session\Handlers\DatabaseHandler' driver.
INFO - 2024-12-30 06:50:55 --> CSRF token verified.
INFO - 2024-12-30 06:51:02 --> Session: Class initialized using 'CodeIgniter\Session\Handlers\DatabaseHandler' driver.
INFO - 2024-12-30 06:51:02 --> CSRF token verified.
INFO - 2024-12-30 06:51:05 --> Session: Class initialized using 'CodeIgniter\Session\Handlers\DatabaseHandler' driver.
INFO - 2024-12-30 06:51:05 --> CSRF token verified.
INFO - 2024-12-30 06:51:10 --> Session: Class initialized using 'CodeIgniter\Session\Handlers\DatabaseHandler' driver.
INFO - 2024-12-30 06:51:10 --> CSRF token verified.
INFO - 2024-12-30 06:51:10 --> Session: Class initialized using 'CodeIgniter\Session\Handlers\DatabaseHandler' driver.
INFO - 2024-12-30 06:51:11 --> Session: Class initialized using 'CodeIgniter\Session\Handlers\DatabaseHandler' driver.
INFO - 2024-12-30 06:51:11 --> CSRF token verified.
INFO - 2024-12-30 06:51:16 --> Session: Class initialized using 'CodeIgniter\Session\Handlers\DatabaseHandler' driver.
INFO - 2024-12-30 06:51:18 --> Session: Class initialized using 'CodeIgniter\Session\Handlers\DatabaseHandler' driver.
INFO - 2024-12-30 06:51:19 --> Session: Class initialized using 'CodeIgniter\Session\Handlers\DatabaseHandler' driver.
INFO - 2024-12-30 06:51:19 --> CSRF token verified.
INFO - 2024-12-30 06:51:32 --> Session: Class initialized using 'CodeIgniter\Session\Handlers\DatabaseHandler' driver.
INFO - 2024-12-30 06:51:33 --> Session: Class initialized using 'CodeIgniter\Session\Handlers\DatabaseHandler' driver.
INFO - 2024-12-30 06:51:33 --> CSRF token verified.
INFO - 2024-12-30 06:51:48 --> Session: Class initialized using 'CodeIgniter\Session\Handlers\DatabaseHandler' driver.
INFO - 2024-12-30 06:51:50 --> Session: Class initialized using 'CodeIgniter\Session\Handlers\DatabaseHandler' driver.
INFO - 2024-12-30 06:51:50 --> CSRF token verified.
INFO - 2024-12-30 06:51:54 --> Session: Class initialized using 'CodeIgniter\Session\Handlers\DatabaseHandler' driver.
INFO - 2024-12-30 06:51:55 --> Session: Class initialized using 'CodeIgniter\Session\Handlers\DatabaseHandler' driver.
INFO - 2024-12-30 06:51:55 --> CSRF token verified.
INFO - 2024-12-30 06:52:07 --> Session: Class initialized using 'CodeIgniter\Session\Handlers\DatabaseHandler' driver.
INFO - 2024-12-30 06:52:07 --> CSRF token verified.
INFO - 2024-12-30 06:52:07 --> Session: Class initialized using 'CodeIgniter\Session\Handlers\DatabaseHandler' driver.
INFO - 2024-12-30 06:52:08 --> Session: Class initialized using 'CodeIgniter\Session\Handlers\DatabaseHandler' driver.
INFO - 2024-12-30 06:52:08 --> CSRF token verified.
INFO - 2024-12-30 06:52:13 --> Session: Class initialized using 'CodeIgniter\Session\Handlers\DatabaseHandler' driver.
INFO - 2024-12-30 06:52:13 --> CSRF token verified.
INFO - 2024-12-30 06:52:32 --> Session: Class initialized using 'CodeIgniter\Session\Handlers\DatabaseHandler' driver.
INFO - 2024-12-30 06:52:33 --> Session: Class initialized using 'CodeIgniter\Session\Handlers\DatabaseHandler' driver.
INFO - 2024-12-30 06:52:33 --> CSRF token verified.
INFO - 2024-12-30 06:53:15 --> Session: Class initialized using 'CodeIgniter\Session\Handlers\DatabaseHandler' driver.
INFO - 2024-12-30 06:53:15 --> CSRF token verified.
INFO - 2024-12-30 06:53:15 --> Session: Class initialized using 'CodeIgniter\Session\Handlers\DatabaseHandler' driver.
INFO - 2024-12-30 06:53:16 --> Session: Class initialized using 'CodeIgniter\Session\Handlers\DatabaseHandler' driver.
INFO - 2024-12-30 06:53:16 --> CSRF token verified.
INFO - 2024-12-30 06:53:18 --> Session: Class initialized using 'CodeIgniter\Session\Handlers\DatabaseHandler' driver.
INFO - 2024-12-30 06:53:19 --> Session: Class initialized using 'CodeIgniter\Session\Handlers\DatabaseHandler' driver.
INFO - 2024-12-30 06:53:19 --> CSRF token verified.
INFO - 2024-12-30 06:53:23 --> Session: Class initialized using 'CodeIgniter\Session\Handlers\DatabaseHandler' driver.
INFO - 2024-12-30 06:53:23 --> CSRF token verified.
INFO - 2024-12-30 06:53:24 --> Session: Class initialized using 'CodeIgniter\Session\Handlers\DatabaseHandler' driver.
INFO - 2024-12-30 06:53:24 --> Session: Class initialized using 'CodeIgniter\Session\Handlers\DatabaseHandler' driver.
INFO - 2024-12-30 06:53:24 --> CSRF token verified.
INFO - 2024-12-30 06:53:25 --> Session: Class initialized using 'CodeIgniter\Session\Handlers\DatabaseHandler' driver.
INFO - 2024-12-30 06:53:26 --> Session: Class initialized using 'CodeIgniter\Session\Handlers\DatabaseHandler' driver.
INFO - 2024-12-30 06:53:26 --> CSRF token verified.
INFO - 2024-12-30 06:53:26 --> Session: Class initialized using 'CodeIgniter\Session\Handlers\DatabaseHandler' driver.
INFO - 2024-12-30 06:53:30 --> Session: Class initialized using 'CodeIgniter\Session\Handlers\DatabaseHandler' driver.
INFO - 2024-12-30 06:53:31 --> Session: Class initialized using 'CodeIgniter\Session\Handlers\DatabaseHandler' driver.
INFO - 2024-12-30 06:53:31 --> CSRF token verified.
INFO - 2024-12-30 06:53:57 --> Session: Class initialized using 'CodeIgniter\Session\Handlers\DatabaseHandler' driver.
INFO - 2024-12-30 06:53:57 --> Session: Class initialized using 'CodeIgniter\Session\Handlers\DatabaseHandler' driver.
INFO - 2024-12-30 06:53:57 --> CSRF token verified.
INFO - 2024-12-30 06:54:07 --> Session: Class initialized using 'CodeIgniter\Session\Handlers\DatabaseHandler' driver.
INFO - 2024-12-30 06:54:07 --> Session: Class initialized using 'CodeIgniter\Session\Handlers\DatabaseHandler' driver.
INFO - 2024-12-30 06:54:07 --> CSRF token verified.
INFO - 2024-12-30 06:54:10 --> Session: Class initialized using 'CodeIgniter\Session\Handlers\DatabaseHandler' driver.
INFO - 2024-12-30 06:54:11 --> Session: Class initialized using 'CodeIgniter\Session\Handlers\DatabaseHandler' driver.
INFO - 2024-12-30 06:54:11 --> CSRF token verified.
INFO - 2024-12-30 06:54:21 --> Session: Class initialized using 'CodeIgniter\Session\Handlers\DatabaseHandler' driver.
INFO - 2024-12-30 06:54:21 --> CSRF token verified.
INFO - 2024-12-30 06:54:24 --> Session: Class initialized using 'CodeIgniter\Session\Handlers\DatabaseHandler' driver.
INFO - 2024-12-30 06:54:24 --> CSRF token verified.
INFO - 2024-12-30 06:54:29 --> Session: Class initialized using 'CodeIgniter\Session\Handlers\DatabaseHandler' driver.
INFO - 2024-12-30 06:54:29 --> CSRF token verified.
INFO - 2024-12-30 06:54:30 --> Session: Class initialized using 'CodeIgniter\Session\Handlers\DatabaseHandler' driver.
INFO - 2024-12-30 06:54:30 --> CSRF token verified.
INFO - 2024-12-30 06:54:30 --> Session: Class initialized using 'CodeIgniter\Session\Handlers\DatabaseHandler' driver.
INFO - 2024-12-30 06:54:31 --> Session: Class initialized using 'CodeIgniter\Session\Handlers\DatabaseHandler' driver.
INFO - 2024-12-30 06:54:31 --> CSRF token verified.
INFO - 2024-12-30 06:54:40 --> Session: Class initialized using 'CodeIgniter\Session\Handlers\DatabaseHandler' driver.
INFO - 2024-12-30 06:54:42 --> Session: Class initialized using 'CodeIgniter\Session\Handlers\DatabaseHandler' driver.
INFO - 2024-12-30 06:54:43 --> Session: Class initialized using 'CodeIgniter\Session\Handlers\DatabaseHandler' driver.
INFO - 2024-12-30 06:54:43 --> CSRF token verified.
INFO - 2024-12-30 06:54:49 --> Session: Class initialized using 'CodeIgniter\Session\Handlers\DatabaseHandler' driver.
INFO - 2024-12-30 06:54:54 --> Session: Class initialized using 'CodeIgniter\Session\Handlers\DatabaseHandler' driver.
INFO - 2024-12-30 06:55:04 --> Session: Class initialized using 'CodeIgniter\Session\Handlers\DatabaseHandler' driver.
INFO - 2024-12-30 06:55:04 --> CSRF token verified.
INFO - 2024-12-30 06:55:05 --> Session: Class initialized using 'CodeIgniter\Session\Handlers\DatabaseHandler' driver.
INFO - 2024-12-30 06:55:06 --> Session: Class initialized using 'CodeIgniter\Session\Handlers\DatabaseHandler' driver.
INFO - 2024-12-30 06:55:06 --> CSRF token verified.
INFO - 2024-12-30 06:55:09 --> Session: Class initialized using 'CodeIgniter\Session\Handlers\DatabaseHandler' driver.
INFO - 2024-12-30 06:55:10 --> Session: Class initialized using 'CodeIgniter\Session\Handlers\DatabaseHandler' driver.
INFO - 2024-12-30 06:55:10 --> CSRF token verified.
INFO - 2024-12-30 06:55:25 --> Session: Class initialized using 'CodeIgniter\Session\Handlers\DatabaseHandler' driver.
INFO - 2024-12-30 06:55:25 --> Session: Class initialized using 'CodeIgniter\Session\Handlers\DatabaseHandler' driver.
INFO - 2024-12-30 06:55:26 --> Session: Class initialized using 'CodeIgniter\Session\Handlers\DatabaseHandler' driver.
INFO - 2024-12-30 06:55:26 --> CSRF token verified.
CRITICAL - 2024-12-30 06:55:26 --> ErrorException: unlink(/home/carttalog/public_html/writable/debugbar/debugbar_1735541647.200240.json): No such file or directory
[Method: GET, Route: /]
in SYSTEMPATH/Debug/Toolbar/Collectors/History.php on line 82.
 1 [internal function]: CodeIgniter\Debug\Exceptions->errorHandler(2, 'unlink(/home/carttalog/public_html/writable/debugbar/debugbar_1735541647.200240.json): No such file or directory', '/home/carttalog/public_html/system/Debug/Toolbar/Collectors/History.php', 82)
 2 SYSTEMPATH/Debug/Toolbar/Collectors/History.php(82): unlink('/home/carttalog/public_html/writable/debugbar/debugbar_1735541647.200240.json')
 3 SYSTEMPATH/Debug/Toolbar.php(520): CodeIgniter\Debug\Toolbar\Collectors\History->setFiles('1735541725.404335', 20)
 4 SYSTEMPATH/Debug/Toolbar.php(497): CodeIgniter\Debug\Toolbar->format([...], 'html')
 5 APPPATH/Config/Events.php(48): CodeIgniter\Debug\Toolbar->respond()
 6 SYSTEMPATH/Events/Events.php(155): CodeIgniter\Events\Events::Config\{closure}()
 7 SYSTEMPATH/CodeIgniter.php(340): CodeIgniter\Events\Events::trigger('pre_system')
 8 SYSTEMPATH/Boot.php(325): CodeIgniter\CodeIgniter->run()
 9 SYSTEMPATH/Boot.php(67): CodeIgniter\Boot::runCodeIgniter(Object(CodeIgniter\CodeIgniter))
10 FCPATH/index.php(56): CodeIgniter\Boot::bootWeb(Object(Config\Paths))
INFO - 2024-12-30 06:55:26 --> Session: Class initialized using 'CodeIgniter\Session\Handlers\DatabaseHandler' driver.
INFO - 2024-12-30 06:55:26 --> CSRF token verified.
INFO - 2024-12-30 06:55:34 --> Session: Class initialized using 'CodeIgniter\Session\Handlers\DatabaseHandler' driver.
INFO - 2024-12-30 06:55:47 --> Session: Class initialized using 'CodeIgniter\Session\Handlers\DatabaseHandler' driver.
INFO - 2024-12-30 06:55:48 --> Session: Class initialized using 'CodeIgniter\Session\Handlers\DatabaseHandler' driver.
INFO - 2024-12-30 06:55:48 --> CSRF token verified.
INFO - 2024-12-30 06:55:49 --> Session: Class initialized using 'CodeIgniter\Session\Handlers\DatabaseHandler' driver.
INFO - 2024-12-30 06:55:51 --> Session: Class initialized using 'CodeIgniter\Session\Handlers\DatabaseHandler' driver.
INFO - 2024-12-30 06:55:51 --> CSRF token verified.
INFO - 2024-12-30 06:56:23 --> Session: Class initialized using 'CodeIgniter\Session\Handlers\DatabaseHandler' driver.
INFO - 2024-12-30 06:56:23 --> CSRF token verified.
INFO - 2024-12-30 06:56:24 --> Session: Class initialized using 'CodeIgniter\Session\Handlers\DatabaseHandler' driver.
INFO - 2024-12-30 06:56:24 --> Session: Class initialized using 'CodeIgniter\Session\Handlers\DatabaseHandler' driver.
INFO - 2024-12-30 06:56:25 --> Session: Class initialized using 'CodeIgniter\Session\Handlers\DatabaseHandler' driver.
INFO - 2024-12-30 06:56:25 --> CSRF token verified.
INFO - 2024-12-30 06:56:25 --> Session: Class initialized using 'CodeIgniter\Session\Handlers\DatabaseHandler' driver.
INFO - 2024-12-30 06:56:25 --> CSRF token verified.
INFO - 2024-12-30 06:56:30 --> Session: Class initialized using 'CodeIgniter\Session\Handlers\DatabaseHandler' driver.
INFO - 2024-12-30 06:56:30 --> CSRF token verified.
INFO - 2024-12-30 06:56:31 --> Session: Class initialized using 'CodeIgniter\Session\Handlers\DatabaseHandler' driver.
INFO - 2024-12-30 06:56:31 --> CSRF token verified.
INFO - 2024-12-30 06:56:31 --> Session: Class initialized using 'CodeIgniter\Session\Handlers\DatabaseHandler' driver.
INFO - 2024-12-30 06:56:32 --> Session: Class initialized using 'CodeIgniter\Session\Handlers\DatabaseHandler' driver.
INFO - 2024-12-30 06:56:32 --> CSRF token verified.
INFO - 2024-12-30 06:56:33 --> Session: Class initialized using 'CodeIgniter\Session\Handlers\DatabaseHandler' driver.
INFO - 2024-12-30 06:56:36 --> Session: Class initialized using 'CodeIgniter\Session\Handlers\DatabaseHandler' driver.
INFO - 2024-12-30 06:56:37 --> Session: Class initialized using 'CodeIgniter\Session\Handlers\DatabaseHandler' driver.
INFO - 2024-12-30 06:56:37 --> CSRF token verified.
INFO - 2024-12-30 06:57:18 --> Session: Class initialized using 'CodeIgniter\Session\Handlers\DatabaseHandler' driver.
INFO - 2024-12-30 06:57:18 --> CSRF token verified.
INFO - 2024-12-30 06:57:18 --> Session: Class initialized using 'CodeIgniter\Session\Handlers\DatabaseHandler' driver.
INFO - 2024-12-30 06:57:18 --> CSRF token verified.
INFO - 2024-12-30 06:57:19 --> Session: Class initialized using 'CodeIgniter\Session\Handlers\DatabaseHandler' driver.
INFO - 2024-12-30 06:57:20 --> Session: Class initialized using 'CodeIgniter\Session\Handlers\DatabaseHandler' driver.
INFO - 2024-12-30 06:57:20 --> CSRF token verified.
INFO - 2024-12-30 06:57:29 --> Session: Class initialized using 'CodeIgniter\Session\Handlers\DatabaseHandler' driver.
INFO - 2024-12-30 06:57:31 --> Session: Class initialized using 'CodeIgniter\Session\Handlers\DatabaseHandler' driver.
INFO - 2024-12-30 06:57:32 --> Session: Class initialized using 'CodeIgniter\Session\Handlers\DatabaseHandler' driver.
INFO - 2024-12-30 06:57:32 --> CSRF token verified.
INFO - 2024-12-30 06:57:40 --> Session: Class initialized using 'CodeIgniter\Session\Handlers\DatabaseHandler' driver.
INFO - 2024-12-30 06:57:40 --> CSRF token verified.
INFO - 2024-12-30 06:57:54 --> Session: Class initialized using 'CodeIgniter\Session\Handlers\DatabaseHandler' driver.
INFO - 2024-12-30 06:57:55 --> Session: Class initialized using 'CodeIgniter\Session\Handlers\DatabaseHandler' driver.
INFO - 2024-12-30 06:57:55 --> CSRF token verified.
INFO - 2024-12-30 06:57:59 --> Session: Class initialized using 'CodeIgniter\Session\Handlers\DatabaseHandler' driver.
INFO - 2024-12-30 06:58:00 --> Session: Class initialized using 'CodeIgniter\Session\Handlers\DatabaseHandler' driver.
INFO - 2024-12-30 06:58:00 --> CSRF token verified.
INFO - 2024-12-30 06:58:49 --> Session: Class initialized using 'CodeIgniter\Session\Handlers\DatabaseHandler' driver.
INFO - 2024-12-30 06:58:49 --> Session: Class initialized using 'CodeIgniter\Session\Handlers\DatabaseHandler' driver.
INFO - 2024-12-30 06:58:49 --> CSRF token verified.
INFO - 2024-12-30 06:58:58 --> Session: Class initialized using 'CodeIgniter\Session\Handlers\DatabaseHandler' driver.
INFO - 2024-12-30 06:58:58 --> CSRF token verified.
INFO - 2024-12-30 06:58:58 --> Session: Class initialized using 'CodeIgniter\Session\Handlers\DatabaseHandler' driver.
INFO - 2024-12-30 06:58:59 --> Session: Class initialized using 'CodeIgniter\Session\Handlers\DatabaseHandler' driver.
INFO - 2024-12-30 06:58:59 --> CSRF token verified.
INFO - 2024-12-30 06:59:01 --> Session: Class initialized using 'CodeIgniter\Session\Handlers\DatabaseHandler' driver.
INFO - 2024-12-30 06:59:03 --> Session: Class initialized using 'CodeIgniter\Session\Handlers\DatabaseHandler' driver.
INFO - 2024-12-30 06:59:04 --> Session: Class initialized using 'CodeIgniter\Session\Handlers\DatabaseHandler' driver.
INFO - 2024-12-30 06:59:04 --> CSRF token verified.
INFO - 2024-12-30 06:59:27 --> Session: Class initialized using 'CodeIgniter\Session\Handlers\DatabaseHandler' driver.
INFO - 2024-12-30 06:59:27 --> CSRF token verified.
INFO - 2024-12-30 06:59:27 --> Session: Class initialized using 'CodeIgniter\Session\Handlers\DatabaseHandler' driver.
INFO - 2024-12-30 06:59:28 --> Session: Class initialized using 'CodeIgniter\Session\Handlers\DatabaseHandler' driver.
INFO - 2024-12-30 06:59:28 --> CSRF token verified.
INFO - 2024-12-30 06:59:39 --> Session: Class initialized using 'CodeIgniter\Session\Handlers\DatabaseHandler' driver.
INFO - 2024-12-30 06:59:39 --> CSRF token verified.
INFO - 2024-12-30 06:59:39 --> Session: Class initialized using 'CodeIgniter\Session\Handlers\DatabaseHandler' driver.
INFO - 2024-12-30 06:59:40 --> Session: Class initialized using 'CodeIgniter\Session\Handlers\DatabaseHandler' driver.
INFO - 2024-12-30 06:59:40 --> CSRF token verified.
INFO - 2024-12-30 06:59:43 --> Session: Class initialized using 'CodeIgniter\Session\Handlers\DatabaseHandler' driver.
INFO - 2024-12-30 06:59:43 --> CSRF token verified.
INFO - 2024-12-30 06:59:46 --> Session: Class initialized using 'CodeIgniter\Session\Handlers\DatabaseHandler' driver.
INFO - 2024-12-30 06:59:46 --> CSRF token verified.
INFO - 2024-12-30 06:59:50 --> Session: Class initialized using 'CodeIgniter\Session\Handlers\DatabaseHandler' driver.
INFO - 2024-12-30 06:59:52 --> Session: Class initialized using 'CodeIgniter\Session\Handlers\DatabaseHandler' driver.
INFO - 2024-12-30 06:59:53 --> Session: Class initialized using 'CodeIgniter\Session\Handlers\DatabaseHandler' driver.
INFO - 2024-12-30 06:59:53 --> CSRF token verified.
INFO - 2024-12-30 07:00:06 --> Session: Class initialized using 'CodeIgniter\Session\Handlers\DatabaseHandler' driver.
INFO - 2024-12-30 07:00:06 --> CSRF token verified.
INFO - 2024-12-30 07:00:06 --> Session: Class initialized using 'CodeIgniter\Session\Handlers\DatabaseHandler' driver.
INFO - 2024-12-30 07:00:07 --> Session: Class initialized using 'CodeIgniter\Session\Handlers\DatabaseHandler' driver.
INFO - 2024-12-30 07:00:07 --> CSRF token verified.
INFO - 2024-12-30 07:00:17 --> Session: Class initialized using 'CodeIgniter\Session\Handlers\DatabaseHandler' driver.
INFO - 2024-12-30 07:00:19 --> Session: Class initialized using 'CodeIgniter\Session\Handlers\DatabaseHandler' driver.
INFO - 2024-12-30 07:00:20 --> Session: Class initialized using 'CodeIgniter\Session\Handlers\DatabaseHandler' driver.
INFO - 2024-12-30 07:00:20 --> CSRF token verified.
INFO - 2024-12-30 07:00:54 --> Session: Class initialized using 'CodeIgniter\Session\Handlers\DatabaseHandler' driver.
INFO - 2024-12-30 07:00:55 --> Session: Class initialized using 'CodeIgniter\Session\Handlers\DatabaseHandler' driver.
INFO - 2024-12-30 07:00:55 --> CSRF token verified.
INFO - 2024-12-30 07:01:00 --> Session: Class initialized using 'CodeIgniter\Session\Handlers\DatabaseHandler' driver.
INFO - 2024-12-30 07:01:00 --> CSRF token verified.
INFO - 2024-12-30 07:01:00 --> Session: Class initialized using 'CodeIgniter\Session\Handlers\DatabaseHandler' driver.
INFO - 2024-12-30 07:01:01 --> Session: Class initialized using 'CodeIgniter\Session\Handlers\DatabaseHandler' driver.
INFO - 2024-12-30 07:01:01 --> CSRF token verified.
INFO - 2024-12-30 07:01:44 --> Session: Class initialized using 'CodeIgniter\Session\Handlers\DatabaseHandler' driver.
INFO - 2024-12-30 07:01:45 --> Session: Class initialized using 'CodeIgniter\Session\Handlers\DatabaseHandler' driver.
INFO - 2024-12-30 07:01:45 --> CSRF token verified.
INFO - 2024-12-30 07:01:50 --> Session: Class initialized using 'CodeIgniter\Session\Handlers\DatabaseHandler' driver.
INFO - 2024-12-30 07:01:51 --> Session: Class initialized using 'CodeIgniter\Session\Handlers\DatabaseHandler' driver.
INFO - 2024-12-30 07:01:51 --> CSRF token verified.
INFO - 2024-12-30 07:02:12 --> Session: Class initialized using 'CodeIgniter\Session\Handlers\DatabaseHandler' driver.
INFO - 2024-12-30 07:02:12 --> CSRF token verified.
INFO - 2024-12-30 07:02:13 --> Session: Class initialized using 'CodeIgniter\Session\Handlers\DatabaseHandler' driver.
INFO - 2024-12-30 07:02:13 --> Session: Class initialized using 'CodeIgniter\Session\Handlers\DatabaseHandler' driver.
INFO - 2024-12-30 07:02:13 --> CSRF token verified.
INFO - 2024-12-30 07:02:22 --> Session: Class initialized using 'CodeIgniter\Session\Handlers\DatabaseHandler' driver.
INFO - 2024-12-30 07:02:22 --> CSRF token verified.
INFO - 2024-12-30 07:02:33 --> Session: Class initialized using 'CodeIgniter\Session\Handlers\DatabaseHandler' driver.
INFO - 2024-12-30 07:02:33 --> CSRF token verified.
INFO - 2024-12-30 07:02:37 --> Session: Class initialized using 'CodeIgniter\Session\Handlers\DatabaseHandler' driver.
INFO - 2024-12-30 07:02:37 --> CSRF token verified.
INFO - 2024-12-30 07:02:38 --> Session: Class initialized using 'CodeIgniter\Session\Handlers\DatabaseHandler' driver.
INFO - 2024-12-30 07:02:38 --> CSRF token verified.
INFO - 2024-12-30 07:02:39 --> Session: Class initialized using 'CodeIgniter\Session\Handlers\DatabaseHandler' driver.
INFO - 2024-12-30 07:02:40 --> Session: Class initialized using 'CodeIgniter\Session\Handlers\DatabaseHandler' driver.
INFO - 2024-12-30 07:02:40 --> CSRF token verified.
INFO - 2024-12-30 07:02:40 --> Session: Class initialized using 'CodeIgniter\Session\Handlers\DatabaseHandler' driver.
INFO - 2024-12-30 07:02:42 --> Session: Class initialized using 'CodeIgniter\Session\Handlers\DatabaseHandler' driver.
INFO - 2024-12-30 07:02:43 --> Session: Class initialized using 'CodeIgniter\Session\Handlers\DatabaseHandler' driver.
INFO - 2024-12-30 07:02:43 --> CSRF token verified.
INFO - 2024-12-30 07:03:08 --> Session: Class initialized using 'CodeIgniter\Session\Handlers\DatabaseHandler' driver.
INFO - 2024-12-30 07:03:10 --> Session: Class initialized using 'CodeIgniter\Session\Handlers\DatabaseHandler' driver.
INFO - 2024-12-30 07:03:10 --> CSRF token verified.
INFO - 2024-12-30 07:03:12 --> Session: Class initialized using 'CodeIgniter\Session\Handlers\DatabaseHandler' driver.
INFO - 2024-12-30 07:03:13 --> Session: Class initialized using 'CodeIgniter\Session\Handlers\DatabaseHandler' driver.
INFO - 2024-12-30 07:03:13 --> CSRF token verified.
INFO - 2024-12-30 07:03:25 --> Session: Class initialized using 'CodeIgniter\Session\Handlers\DatabaseHandler' driver.
INFO - 2024-12-30 07:03:27 --> Session: Class initialized using 'CodeIgniter\Session\Handlers\DatabaseHandler' driver.
INFO - 2024-12-30 07:03:28 --> Session: Class initialized using 'CodeIgniter\Session\Handlers\DatabaseHandler' driver.
INFO - 2024-12-30 07:03:28 --> CSRF token verified.
INFO - 2024-12-30 07:03:29 --> Session: Class initialized using 'CodeIgniter\Session\Handlers\DatabaseHandler' driver.
INFO - 2024-12-30 07:03:29 --> CSRF token verified.
INFO - 2024-12-30 07:03:39 --> Session: Class initialized using 'CodeIgniter\Session\Handlers\DatabaseHandler' driver.
INFO - 2024-12-30 07:03:40 --> Session: Class initialized using 'CodeIgniter\Session\Handlers\DatabaseHandler' driver.
INFO - 2024-12-30 07:03:40 --> CSRF token verified.
INFO - 2024-12-30 07:03:46 --> Session: Class initialized using 'CodeIgniter\Session\Handlers\DatabaseHandler' driver.
INFO - 2024-12-30 07:03:51 --> Session: Class initialized using 'CodeIgniter\Session\Handlers\DatabaseHandler' driver.
INFO - 2024-12-30 07:03:51 --> CSRF token verified.
INFO - 2024-12-30 07:07:27 --> Session: Class initialized using 'CodeIgniter\Session\Handlers\DatabaseHandler' driver.
INFO - 2024-12-30 07:07:29 --> Session: Class initialized using 'CodeIgniter\Session\Handlers\DatabaseHandler' driver.
INFO - 2024-12-30 07:07:29 --> CSRF token verified.
INFO - 2024-12-30 07:08:32 --> Session: Class initialized using 'CodeIgniter\Session\Handlers\DatabaseHandler' driver.
INFO - 2024-12-30 07:08:35 --> Session: Class initialized using 'CodeIgniter\Session\Handlers\DatabaseHandler' driver.
INFO - 2024-12-30 07:08:35 --> Session: Class initialized using 'CodeIgniter\Session\Handlers\DatabaseHandler' driver.
INFO - 2024-12-30 07:08:35 --> CSRF token verified.
INFO - 2024-12-30 07:08:37 --> Session: Class initialized using 'CodeIgniter\Session\Handlers\DatabaseHandler' driver.
INFO - 2024-12-30 07:08:37 --> CSRF token verified.
INFO - 2024-12-30 07:10:02 --> Session: Class initialized using 'CodeIgniter\Session\Handlers\DatabaseHandler' driver.
INFO - 2024-12-30 07:11:11 --> Session: Class initialized using 'CodeIgniter\Session\Handlers\DatabaseHandler' driver.
INFO - 2024-12-30 07:11:14 --> Session: Class initialized using 'CodeIgniter\Session\Handlers\DatabaseHandler' driver.
INFO - 2024-12-30 07:11:14 --> CSRF token verified.
INFO - 2024-12-30 07:11:15 --> Session: Class initialized using 'CodeIgniter\Session\Handlers\DatabaseHandler' driver.
INFO - 2024-12-30 07:11:26 --> Session: Class initialized using 'CodeIgniter\Session\Handlers\DatabaseHandler' driver.
INFO - 2024-12-30 07:11:26 --> CSRF token verified.
INFO - 2024-12-30 07:11:48 --> Session: Class initialized using 'CodeIgniter\Session\Handlers\DatabaseHandler' driver.
INFO - 2024-12-30 07:11:50 --> Session: Class initialized using 'CodeIgniter\Session\Handlers\DatabaseHandler' driver.
INFO - 2024-12-30 07:11:53 --> Session: Class initialized using 'CodeIgniter\Session\Handlers\DatabaseHandler' driver.
INFO - 2024-12-30 07:11:53 --> CSRF token verified.
INFO - 2024-12-30 07:12:05 --> Session: Class initialized using 'CodeIgniter\Session\Handlers\DatabaseHandler' driver.
INFO - 2024-12-30 07:12:08 --> Session: Class initialized using 'CodeIgniter\Session\Handlers\DatabaseHandler' driver.
INFO - 2024-12-30 07:12:08 --> CSRF token verified.
INFO - 2024-12-30 07:12:22 --> Session: Class initialized using 'CodeIgniter\Session\Handlers\DatabaseHandler' driver.
INFO - 2024-12-30 07:12:25 --> Session: Class initialized using 'CodeIgniter\Session\Handlers\DatabaseHandler' driver.
INFO - 2024-12-30 07:12:25 --> CSRF token verified.
INFO - 2024-12-30 07:13:46 --> Session: Class initialized using 'CodeIgniter\Session\Handlers\DatabaseHandler' driver.
INFO - 2024-12-30 07:13:47 --> Session: Class initialized using 'CodeIgniter\Session\Handlers\DatabaseHandler' driver.
INFO - 2024-12-30 07:13:49 --> Session: Class initialized using 'CodeIgniter\Session\Handlers\DatabaseHandler' driver.
INFO - 2024-12-30 07:13:49 --> CSRF token verified.
INFO - 2024-12-30 07:13:53 --> Session: Class initialized using 'CodeIgniter\Session\Handlers\DatabaseHandler' driver.
INFO - 2024-12-30 07:13:59 --> Session: Class initialized using 'CodeIgniter\Session\Handlers\DatabaseHandler' driver.
INFO - 2024-12-30 07:14:01 --> Session: Class initialized using 'CodeIgniter\Session\Handlers\DatabaseHandler' driver.
INFO - 2024-12-30 07:14:01 --> CSRF token verified.
INFO - 2024-12-30 07:15:47 --> Session: Class initialized using 'CodeIgniter\Session\Handlers\DatabaseHandler' driver.
INFO - 2024-12-30 07:15:49 --> Session: Class initialized using 'CodeIgniter\Session\Handlers\DatabaseHandler' driver.
INFO - 2024-12-30 07:15:49 --> CSRF token verified.
INFO - 2024-12-30 07:15:54 --> Session: Class initialized using 'CodeIgniter\Session\Handlers\DatabaseHandler' driver.
INFO - 2024-12-30 07:15:57 --> Session: Class initialized using 'CodeIgniter\Session\Handlers\DatabaseHandler' driver.
INFO - 2024-12-30 07:15:57 --> CSRF token verified.
INFO - 2024-12-30 07:15:59 --> Session: Class initialized using 'CodeIgniter\Session\Handlers\DatabaseHandler' driver.
INFO - 2024-12-30 07:16:03 --> Session: Class initialized using 'CodeIgniter\Session\Handlers\DatabaseHandler' driver.
INFO - 2024-12-30 07:16:05 --> Session: Class initialized using 'CodeIgniter\Session\Handlers\DatabaseHandler' driver.
INFO - 2024-12-30 07:19:37 --> Session: Class initialized using 'CodeIgniter\Session\Handlers\DatabaseHandler' driver.
INFO - 2024-12-30 07:19:40 --> Session: Class initialized using 'CodeIgniter\Session\Handlers\DatabaseHandler' driver.
INFO - 2024-12-30 07:19:40 --> CSRF token verified.
INFO - 2024-12-30 07:20:09 --> Session: Class initialized using 'CodeIgniter\Session\Handlers\DatabaseHandler' driver.
INFO - 2024-12-30 07:20:14 --> Session: Class initialized using 'CodeIgniter\Session\Handlers\DatabaseHandler' driver.
INFO - 2024-12-30 07:21:23 --> Session: Class initialized using 'CodeIgniter\Session\Handlers\DatabaseHandler' driver.
INFO - 2024-12-30 07:21:26 --> Session: Class initialized using 'CodeIgniter\Session\Handlers\DatabaseHandler' driver.
INFO - 2024-12-30 07:21:26 --> CSRF token verified.
INFO - 2024-12-30 07:43:23 --> Session: Class initialized using 'CodeIgniter\Session\Handlers\DatabaseHandler' driver.
INFO - 2024-12-30 07:57:37 --> Session: Class initialized using 'CodeIgniter\Session\Handlers\DatabaseHandler' driver.
INFO - 2024-12-30 07:57:41 --> Session: Class initialized using 'CodeIgniter\Session\Handlers\DatabaseHandler' driver.
INFO - 2024-12-30 07:57:41 --> CSRF token verified.
INFO - 2024-12-30 08:16:56 --> Session: Class initialized using 'CodeIgniter\Session\Handlers\DatabaseHandler' driver.
INFO - 2024-12-30 08:19:47 --> Session: Class initialized using 'CodeIgniter\Session\Handlers\DatabaseHandler' driver.
INFO - 2024-12-30 08:28:02 --> Session: Class initialized using 'CodeIgniter\Session\Handlers\DatabaseHandler' driver.
INFO - 2024-12-30 08:29:09 --> Session: Class initialized using 'CodeIgniter\Session\Handlers\DatabaseHandler' driver.
INFO - 2024-12-30 08:30:32 --> Session: Class initialized using 'CodeIgniter\Session\Handlers\DatabaseHandler' driver.
INFO - 2024-12-30 08:30:35 --> Session: Class initialized using 'CodeIgniter\Session\Handlers\DatabaseHandler' driver.
INFO - 2024-12-30 08:30:35 --> CSRF token verified.
INFO - 2024-12-30 08:30:36 --> Session: Class initialized using 'CodeIgniter\Session\Handlers\DatabaseHandler' driver.
INFO - 2024-12-30 08:31:09 --> Session: Class initialized using 'CodeIgniter\Session\Handlers\DatabaseHandler' driver.
INFO - 2024-12-30 08:31:09 --> Session: Class initialized using 'CodeIgniter\Session\Handlers\DatabaseHandler' driver.
INFO - 2024-12-30 08:31:09 --> Session: Class initialized using 'CodeIgniter\Session\Handlers\DatabaseHandler' driver.
INFO - 2024-12-30 08:31:09 --> Session: Class initialized using 'CodeIgniter\Session\Handlers\DatabaseHandler' driver.
INFO - 2024-12-30 08:31:09 --> CSRF token verified.
INFO - 2024-12-30 08:31:10 --> Session: Class initialized using 'CodeIgniter\Session\Handlers\DatabaseHandler' driver.
INFO - 2024-12-30 08:31:10 --> Session: Class initialized using 'CodeIgniter\Session\Handlers\DatabaseHandler' driver.
INFO - 2024-12-30 08:31:10 --> CSRF token verified.
INFO - 2024-12-30 08:31:11 --> Session: Class initialized using 'CodeIgniter\Session\Handlers\DatabaseHandler' driver.
INFO - 2024-12-30 08:31:17 --> Session: Class initialized using 'CodeIgniter\Session\Handlers\DatabaseHandler' driver.
INFO - 2024-12-30 08:31:18 --> Session: Class initialized using 'CodeIgniter\Session\Handlers\DatabaseHandler' driver.
INFO - 2024-12-30 08:31:18 --> Session: Class initialized using 'CodeIgniter\Session\Handlers\DatabaseHandler' driver.
INFO - 2024-12-30 08:31:18 --> Session: Class initialized using 'CodeIgniter\Session\Handlers\DatabaseHandler' driver.
INFO - 2024-12-30 08:31:18 --> CSRF token verified.
INFO - 2024-12-30 08:31:46 --> Session: Class initialized using 'CodeIgniter\Session\Handlers\DatabaseHandler' driver.
INFO - 2024-12-30 08:31:47 --> Session: Class initialized using 'CodeIgniter\Session\Handlers\DatabaseHandler' driver.
INFO - 2024-12-30 08:31:47 --> CSRF token verified.
INFO - 2024-12-30 08:32:05 --> Session: Class initialized using 'CodeIgniter\Session\Handlers\DatabaseHandler' driver.
INFO - 2024-12-30 08:32:06 --> Session: Class initialized using 'CodeIgniter\Session\Handlers\DatabaseHandler' driver.
INFO - 2024-12-30 08:32:06 --> CSRF token verified.
INFO - 2024-12-30 08:32:20 --> Session: Class initialized using 'CodeIgniter\Session\Handlers\DatabaseHandler' driver.
INFO - 2024-12-30 08:32:20 --> CSRF token verified.
INFO - 2024-12-30 08:32:20 --> Session: Class initialized using 'CodeIgniter\Session\Handlers\DatabaseHandler' driver.
INFO - 2024-12-30 08:32:21 --> Session: Class initialized using 'CodeIgniter\Session\Handlers\DatabaseHandler' driver.
INFO - 2024-12-30 08:32:21 --> CSRF token verified.
INFO - 2024-12-30 08:32:26 --> Session: Class initialized using 'CodeIgniter\Session\Handlers\DatabaseHandler' driver.
INFO - 2024-12-30 08:32:27 --> Session: Class initialized using 'CodeIgniter\Session\Handlers\DatabaseHandler' driver.
INFO - 2024-12-30 08:32:27 --> CSRF token verified.
INFO - 2024-12-30 08:32:35 --> Session: Class initialized using 'CodeIgniter\Session\Handlers\DatabaseHandler' driver.
INFO - 2024-12-30 08:32:35 --> CSRF token verified.
INFO - 2024-12-30 08:32:51 --> Session: Class initialized using 'CodeIgniter\Session\Handlers\DatabaseHandler' driver.
INFO - 2024-12-30 08:32:52 --> Session: Class initialized using 'CodeIgniter\Session\Handlers\DatabaseHandler' driver.
INFO - 2024-12-30 08:32:52 --> CSRF token verified.
INFO - 2024-12-30 08:32:59 --> Session: Class initialized using 'CodeIgniter\Session\Handlers\DatabaseHandler' driver.
INFO - 2024-12-30 08:33:00 --> Session: Class initialized using 'CodeIgniter\Session\Handlers\DatabaseHandler' driver.
INFO - 2024-12-30 08:33:00 --> CSRF token verified.
INFO - 2024-12-30 08:34:06 --> Session: Class initialized using 'CodeIgniter\Session\Handlers\DatabaseHandler' driver.
INFO - 2024-12-30 08:34:06 --> CSRF token verified.
INFO - 2024-12-30 08:34:06 --> Session: Class initialized using 'CodeIgniter\Session\Handlers\DatabaseHandler' driver.
INFO - 2024-12-30 08:34:07 --> Session: Class initialized using 'CodeIgniter\Session\Handlers\DatabaseHandler' driver.
INFO - 2024-12-30 08:34:07 --> CSRF token verified.
INFO - 2024-12-30 08:34:30 --> Session: Class initialized using 'CodeIgniter\Session\Handlers\DatabaseHandler' driver.
INFO - 2024-12-30 08:34:31 --> Session: Class initialized using 'CodeIgniter\Session\Handlers\DatabaseHandler' driver.
INFO - 2024-12-30 08:34:31 --> CSRF token verified.
INFO - 2024-12-30 08:34:46 --> Session: Class initialized using 'CodeIgniter\Session\Handlers\DatabaseHandler' driver.
INFO - 2024-12-30 08:34:46 --> CSRF token verified.
INFO - 2024-12-30 08:34:46 --> Session: Class initialized using 'CodeIgniter\Session\Handlers\DatabaseHandler' driver.
INFO - 2024-12-30 08:34:47 --> Session: Class initialized using 'CodeIgniter\Session\Handlers\DatabaseHandler' driver.
INFO - 2024-12-30 08:34:47 --> CSRF token verified.
INFO - 2024-12-30 08:34:51 --> Session: Class initialized using 'CodeIgniter\Session\Handlers\DatabaseHandler' driver.
INFO - 2024-12-30 08:34:54 --> Session: Class initialized using 'CodeIgniter\Session\Handlers\DatabaseHandler' driver.
INFO - 2024-12-30 08:34:54 --> CSRF token verified.
INFO - 2024-12-30 08:35:44 --> Session: Class initialized using 'CodeIgniter\Session\Handlers\DatabaseHandler' driver.
INFO - 2024-12-30 08:35:44 --> CSRF token verified.
INFO - 2024-12-30 08:53:07 --> Session: Class initialized using 'CodeIgniter\Session\Handlers\DatabaseHandler' driver.
INFO - 2024-12-30 08:53:09 --> Session: Class initialized using 'CodeIgniter\Session\Handlers\DatabaseHandler' driver.
INFO - 2024-12-30 08:53:10 --> Session: Class initialized using 'CodeIgniter\Session\Handlers\DatabaseHandler' driver.
INFO - 2024-12-30 08:53:10 --> Session: Class initialized using 'CodeIgniter\Session\Handlers\DatabaseHandler' driver.
INFO - 2024-12-30 08:53:11 --> Session: Class initialized using 'CodeIgniter\Session\Handlers\DatabaseHandler' driver.
INFO - 2024-12-30 08:53:12 --> Session: Class initialized using 'CodeIgniter\Session\Handlers\DatabaseHandler' driver.
INFO - 2024-12-30 08:53:12 --> Session: Class initialized using 'CodeIgniter\Session\Handlers\DatabaseHandler' driver.
INFO - 2024-12-30 09:09:59 --> Session: Class initialized using 'CodeIgniter\Session\Handlers\DatabaseHandler' driver.
INFO - 2024-12-30 09:14:09 --> Session: Class initialized using 'CodeIgniter\Session\Handlers\DatabaseHandler' driver.
INFO - 2024-12-30 09:20:30 --> Session: Class initialized using 'CodeIgniter\Session\Handlers\DatabaseHandler' driver.
INFO - 2024-12-30 09:21:42 --> Session: Class initialized using 'CodeIgniter\Session\Handlers\DatabaseHandler' driver.
INFO - 2024-12-30 09:21:44 --> Session: Class initialized using 'CodeIgniter\Session\Handlers\DatabaseHandler' driver.
INFO - 2024-12-30 09:21:44 --> CSRF token verified.
INFO - 2024-12-30 09:22:15 --> Session: Class initialized using 'CodeIgniter\Session\Handlers\DatabaseHandler' driver.
CRITICAL - 2024-12-30 09:22:15 --> ErrorException: Undefined variable $mainCategories
[Method: GET, Route: products]
in APPPATH/Views/product/products.php on line 123.
 1 APPPATH/Views/product/products.php(123): CodeIgniter\Debug\Exceptions->errorHandler(2, 'Undefined variable $mainCategories', '/home/carttalog/public_html/app/Views/product/products.php', 123)
 2 SYSTEMPATH/View/View.php(234): include('/home/carttalog/public_html/app/Views/product/products.php')
 3 SYSTEMPATH/View/View.php(237): CodeIgniter\View\View->CodeIgniter\View\{closure}()
 4 SYSTEMPATH/Common.php(1195): CodeIgniter\View\View->render('product/products', [], true)
 5 APPPATH/Controllers/HomeController.php(139): view('product/products', [...])
 6 SYSTEMPATH/CodeIgniter.php(933): App\Controllers\HomeController->products()
 7 SYSTEMPATH/CodeIgniter.php(509): CodeIgniter\CodeIgniter->runController(Object(App\Controllers\HomeController))
 8 SYSTEMPATH/CodeIgniter.php(355): CodeIgniter\CodeIgniter->handleRequest(null, Object(Config\Cache), false)
 9 SYSTEMPATH/Boot.php(325): CodeIgniter\CodeIgniter->run()
10 SYSTEMPATH/Boot.php(67): CodeIgniter\Boot::runCodeIgniter(Object(CodeIgniter\CodeIgniter))
11 FCPATH/index.php(56): CodeIgniter\Boot::bootWeb(Object(Config\Paths))
CRITICAL - 2024-12-30 09:22:15 --> ErrorException: Uncaught Error: Class "Locale" not found in /home/carttalog/public_html/system/Helpers/number_helper.php:140
Stack trace:
#0 /home/carttalog/public_html/system/Helpers/number_helper.php(58): format_number(17.11, 2, NULL, Array)
#1 /home/carttalog/public_html/system/Debug/BaseExceptionHandler.php(154): number_to_size(17.11, 2)
#2 /home/carttalog/public_html/app/Views/errors/html/error_exception.php(365): CodeIgniter\Debug\BaseExceptionHandler::describeMemory(17944576)
#3 /home/carttalog/public_html/system/Debug/BaseExceptionHandler.php(266): include('/home/carttalog...')
#4 /home/carttalog/public_html/system/Debug/BaseExceptionHandler.php(269): CodeIgniter\Debug\BaseExceptionHandler->CodeIgniter\Debug\{closure}()
#5 /home/carttalog/public_html/system/Debug/ExceptionHandler.php(114): CodeIgniter\Debug\BaseExceptionHandler->render(Object(ErrorException), 500, '/home/carttalog...')
#6 /home/carttalog/public_html/system/Debug/Exceptions.php(164): CodeIgniter\Debug\ExceptionHandler->handle(Object(ErrorException), Object(CodeIgniter\HTTP\IncomingRequest), Object(CodeIgniter\HTTP\Response), 500, 1)
#7 [internal function]: CodeIgniter\Debug\Exceptions->exceptionHandler(Object(ErrorException))
#8 {main}
  thrown
【Previous Exception】
ErrorException
Undefined variable $mainCategories
#0 /home/carttalog/public_html/app/Views/product/products.php(123): CodeIgniter\Debug\Exceptions->errorHandler(2, 'Undefined varia...', '/home/carttalog...', 123)
#1 /home/carttalog/public_html/system/View/View.php(234): include('/home/carttalog...')
#2 /home/carttalog/public_html/system/View/View.php(237): CodeIgniter\View\View->CodeIgniter\View\{closure}()
#3 /home/carttalog/public_html/system/Common.php(1195): CodeIgniter\View\View->render('product/product...', Array, true)
#4 /home/carttalog/public_html/app/Controllers/HomeController.php(139): view('product/product...', Array)
#5 /home/carttalog/public_html/system/CodeIgniter.php(933): App\Controllers\HomeController->products()
#6 /home/carttalog/public_html/system/CodeIgniter.php(509): CodeIgniter\CodeIgniter->runController(Object(App\Controllers\HomeController))
#7 /home/carttalog/public_html/system/CodeIgniter.php(355): CodeIgniter\CodeIgniter->handleRequest(NULL, Object(Config\Cache), false)
#8 /home/carttalog/public_html/system/Boot.php(325): CodeIgniter\CodeIgniter->run()
#9 /home/carttalog/public_html/system/Boot.php(67): CodeIgniter\Boot::runCodeIgniter(Object(CodeIgniter\CodeIgniter))
#10 /home/carttalog/public_html/index.php(56): CodeIgniter\Boot::bootWeb(Object(Config\Paths))
#11 {main}
[Method: GET, Route: products]
in SYSTEMPATH/Helpers/number_helper.php on line 140.
 1 [internal function]: CodeIgniter\Debug\Exceptions->shutdownHandler()
INFO - 2024-12-30 09:22:16 --> Session: Class initialized using 'CodeIgniter\Session\Handlers\DatabaseHandler' driver.
INFO - 2024-12-30 09:22:17 --> Session: Class initialized using 'CodeIgniter\Session\Handlers\DatabaseHandler' driver.
INFO - 2024-12-30 09:22:18 --> Session: Class initialized using 'CodeIgniter\Session\Handlers\DatabaseHandler' driver.
INFO - 2024-12-30 09:22:18 --> CSRF token verified.
INFO - 2024-12-30 09:23:21 --> Session: Class initialized using 'CodeIgniter\Session\Handlers\DatabaseHandler' driver.
INFO - 2024-12-30 09:23:27 --> Session: Class initialized using 'CodeIgniter\Session\Handlers\DatabaseHandler' driver.
INFO - 2024-12-30 09:23:29 --> Session: Class initialized using 'CodeIgniter\Session\Handlers\DatabaseHandler' driver.
INFO - 2024-12-30 09:23:29 --> CSRF token verified.
INFO - 2024-12-30 09:23:31 --> Session: Class initialized using 'CodeIgniter\Session\Handlers\DatabaseHandler' driver.
INFO - 2024-12-30 09:23:33 --> Session: Class initialized using 'CodeIgniter\Session\Handlers\DatabaseHandler' driver.
INFO - 2024-12-30 09:23:33 --> CSRF token verified.
INFO - 2024-12-30 09:23:35 --> Session: Class initialized using 'CodeIgniter\Session\Handlers\DatabaseHandler' driver.
INFO - 2024-12-30 09:23:36 --> Session: Class initialized using 'CodeIgniter\Session\Handlers\DatabaseHandler' driver.
INFO - 2024-12-30 09:23:36 --> CSRF token verified.
INFO - 2024-12-30 09:24:31 --> Session: Class initialized using 'CodeIgniter\Session\Handlers\DatabaseHandler' driver.
INFO - 2024-12-30 09:24:33 --> Session: Class initialized using 'CodeIgniter\Session\Handlers\DatabaseHandler' driver.
INFO - 2024-12-30 09:24:33 --> CSRF token verified.
INFO - 2024-12-30 09:24:35 --> Session: Class initialized using 'CodeIgniter\Session\Handlers\DatabaseHandler' driver.
INFO - 2024-12-30 09:24:35 --> CSRF token verified.
INFO - 2024-12-30 09:24:37 --> Session: Class initialized using 'CodeIgniter\Session\Handlers\DatabaseHandler' driver.
INFO - 2024-12-30 09:24:50 --> Session: Class initialized using 'CodeIgniter\Session\Handlers\DatabaseHandler' driver.
INFO - 2024-12-30 09:24:50 --> CSRF token verified.
INFO - 2024-12-30 09:25:54 --> Session: Class initialized using 'CodeIgniter\Session\Handlers\DatabaseHandler' driver.
INFO - 2024-12-30 09:25:55 --> Session: Class initialized using 'CodeIgniter\Session\Handlers\DatabaseHandler' driver.
INFO - 2024-12-30 09:25:55 --> Session: Class initialized using 'CodeIgniter\Session\Handlers\DatabaseHandler' driver.
INFO - 2024-12-30 09:25:55 --> Session: Class initialized using 'CodeIgniter\Session\Handlers\DatabaseHandler' driver.
INFO - 2024-12-30 09:25:55 --> CSRF token verified.
INFO - 2024-12-30 09:26:11 --> Session: Class initialized using 'CodeIgniter\Session\Handlers\DatabaseHandler' driver.
INFO - 2024-12-30 09:26:12 --> Session: Class initialized using 'CodeIgniter\Session\Handlers\DatabaseHandler' driver.
INFO - 2024-12-30 09:26:12 --> Session: Class initialized using 'CodeIgniter\Session\Handlers\DatabaseHandler' driver.
INFO - 2024-12-30 09:26:12 --> Session: Class initialized using 'CodeIgniter\Session\Handlers\DatabaseHandler' driver.
INFO - 2024-12-30 09:26:12 --> CSRF token verified.
INFO - 2024-12-30 09:26:20 --> Session: Class initialized using 'CodeIgniter\Session\Handlers\DatabaseHandler' driver.
INFO - 2024-12-30 09:26:21 --> Session: Class initialized using 'CodeIgniter\Session\Handlers\DatabaseHandler' driver.
INFO - 2024-12-30 09:26:21 --> Session: Class initialized using 'CodeIgniter\Session\Handlers\DatabaseHandler' driver.
INFO - 2024-12-30 09:26:21 --> Session: Class initialized using 'CodeIgniter\Session\Handlers\DatabaseHandler' driver.
INFO - 2024-12-30 09:26:21 --> CSRF token verified.
INFO - 2024-12-30 09:27:21 --> Session: Class initialized using 'CodeIgniter\Session\Handlers\DatabaseHandler' driver.
INFO - 2024-12-30 09:27:23 --> Session: Class initialized using 'CodeIgniter\Session\Handlers\DatabaseHandler' driver.
INFO - 2024-12-30 09:27:23 --> CSRF token verified.
INFO - 2024-12-30 09:28:07 --> Session: Class initialized using 'CodeIgniter\Session\Handlers\DatabaseHandler' driver.
INFO - 2024-12-30 09:32:03 --> Session: Class initialized using 'CodeIgniter\Session\Handlers\DatabaseHandler' driver.
INFO - 2024-12-30 09:37:55 --> Session: Class initialized using 'CodeIgniter\Session\Handlers\DatabaseHandler' driver.
INFO - 2024-12-30 09:39:24 --> Session: Class initialized using 'CodeIgniter\Session\Handlers\DatabaseHandler' driver.
INFO - 2024-12-30 09:39:47 --> Session: Class initialized using 'CodeIgniter\Session\Handlers\DatabaseHandler' driver.
INFO - 2024-12-30 09:40:08 --> Session: Class initialized using 'CodeIgniter\Session\Handlers\DatabaseHandler' driver.
INFO - 2024-12-30 09:40:36 --> Session: Class initialized using 'CodeIgniter\Session\Handlers\DatabaseHandler' driver.
INFO - 2024-12-30 09:40:38 --> Session: Class initialized using 'CodeIgniter\Session\Handlers\DatabaseHandler' driver.
INFO - 2024-12-30 09:40:38 --> CSRF token verified.
INFO - 2024-12-30 09:42:15 --> Session: Class initialized using 'CodeIgniter\Session\Handlers\DatabaseHandler' driver.
INFO - 2024-12-30 09:47:47 --> Session: Class initialized using 'CodeIgniter\Session\Handlers\DatabaseHandler' driver.
INFO - 2024-12-30 09:47:49 --> Session: Class initialized using 'CodeIgniter\Session\Handlers\DatabaseHandler' driver.
INFO - 2024-12-30 09:47:49 --> CSRF token verified.
INFO - 2024-12-30 09:48:01 --> Session: Class initialized using 'CodeIgniter\Session\Handlers\DatabaseHandler' driver.
INFO - 2024-12-30 09:50:56 --> Session: Class initialized using 'CodeIgniter\Session\Handlers\DatabaseHandler' driver.
INFO - 2024-12-30 09:50:58 --> Session: Class initialized using 'CodeIgniter\Session\Handlers\DatabaseHandler' driver.
INFO - 2024-12-30 09:50:58 --> CSRF token verified.
INFO - 2024-12-30 09:51:05 --> Session: Class initialized using 'CodeIgniter\Session\Handlers\DatabaseHandler' driver.
INFO - 2024-12-30 09:51:16 --> Session: Class initialized using 'CodeIgniter\Session\Handlers\DatabaseHandler' driver.
INFO - 2024-12-30 09:51:19 --> Session: Class initialized using 'CodeIgniter\Session\Handlers\DatabaseHandler' driver.
INFO - 2024-12-30 09:51:19 --> CSRF token verified.
INFO - 2024-12-30 09:51:28 --> Session: Class initialized using 'CodeIgniter\Session\Handlers\DatabaseHandler' driver.
INFO - 2024-12-30 09:52:12 --> Session: Class initialized using 'CodeIgniter\Session\Handlers\DatabaseHandler' driver.
INFO - 2024-12-30 09:52:13 --> Session: Class initialized using 'CodeIgniter\Session\Handlers\DatabaseHandler' driver.
INFO - 2024-12-30 09:52:13 --> CSRF token verified.
INFO - 2024-12-30 09:53:08 --> Session: Class initialized using 'CodeIgniter\Session\Handlers\DatabaseHandler' driver.
INFO - 2024-12-30 09:53:10 --> Session: Class initialized using 'CodeIgniter\Session\Handlers\DatabaseHandler' driver.
INFO - 2024-12-30 09:53:10 --> CSRF token verified.
INFO - 2024-12-30 09:53:19 --> Session: Class initialized using 'CodeIgniter\Session\Handlers\DatabaseHandler' driver.
INFO - 2024-12-30 09:53:19 --> CSRF token verified.
INFO - 2024-12-30 09:53:23 --> Session: Class initialized using 'CodeIgniter\Session\Handlers\DatabaseHandler' driver.
INFO - 2024-12-30 09:53:23 --> CSRF token verified.
INFO - 2024-12-30 09:53:37 --> Session: Class initialized using 'CodeIgniter\Session\Handlers\DatabaseHandler' driver.
INFO - 2024-12-30 09:53:39 --> Session: Class initialized using 'CodeIgniter\Session\Handlers\DatabaseHandler' driver.
INFO - 2024-12-30 09:53:39 --> CSRF token verified.
INFO - 2024-12-30 09:53:53 --> Session: Class initialized using 'CodeIgniter\Session\Handlers\DatabaseHandler' driver.
INFO - 2024-12-30 09:54:05 --> Session: Class initialized using 'CodeIgniter\Session\Handlers\DatabaseHandler' driver.
INFO - 2024-12-30 09:54:05 --> CSRF token verified.
INFO - 2024-12-30 09:54:11 --> Session: Class initialized using 'CodeIgniter\Session\Handlers\DatabaseHandler' driver.
INFO - 2024-12-30 09:54:21 --> Session: Class initialized using 'CodeIgniter\Session\Handlers\DatabaseHandler' driver.
INFO - 2024-12-30 09:54:21 --> CSRF token verified.
INFO - 2024-12-30 09:54:24 --> Session: Class initialized using 'CodeIgniter\Session\Handlers\DatabaseHandler' driver.
INFO - 2024-12-30 09:54:43 --> Session: Class initialized using 'CodeIgniter\Session\Handlers\DatabaseHandler' driver.
INFO - 2024-12-30 09:54:43 --> CSRF token verified.
INFO - 2024-12-30 09:55:37 --> Session: Class initialized using 'CodeIgniter\Session\Handlers\DatabaseHandler' driver.
INFO - 2024-12-30 09:57:58 --> Session: Class initialized using 'CodeIgniter\Session\Handlers\DatabaseHandler' driver.
INFO - 2024-12-30 10:00:36 --> Session: Class initialized using 'CodeIgniter\Session\Handlers\DatabaseHandler' driver.
INFO - 2024-12-30 10:03:21 --> Session: Class initialized using 'CodeIgniter\Session\Handlers\DatabaseHandler' driver.
INFO - 2024-12-30 10:05:34 --> Session: Class initialized using 'CodeIgniter\Session\Handlers\DatabaseHandler' driver.
INFO - 2024-12-30 10:08:38 --> Session: Class initialized using 'CodeIgniter\Session\Handlers\DatabaseHandler' driver.
INFO - 2024-12-30 10:08:55 --> Session: Class initialized using 'CodeIgniter\Session\Handlers\DatabaseHandler' driver.
INFO - 2024-12-30 10:08:59 --> Session: Class initialized using 'CodeIgniter\Session\Handlers\DatabaseHandler' driver.
INFO - 2024-12-30 10:12:30 --> Session: Class initialized using 'CodeIgniter\Session\Handlers\DatabaseHandler' driver.
INFO - 2024-12-30 10:13:35 --> Session: Class initialized using 'CodeIgniter\Session\Handlers\DatabaseHandler' driver.
INFO - 2024-12-30 10:17:32 --> Session: Class initialized using 'CodeIgniter\Session\Handlers\DatabaseHandler' driver.
INFO - 2024-12-30 10:23:24 --> Session: Class initialized using 'CodeIgniter\Session\Handlers\DatabaseHandler' driver.
INFO - 2024-12-30 10:26:41 --> Session: Class initialized using 'CodeIgniter\Session\Handlers\DatabaseHandler' driver.
INFO - 2024-12-30 10:31:46 --> Session: Class initialized using 'CodeIgniter\Session\Handlers\DatabaseHandler' driver.
INFO - 2024-12-30 10:34:58 --> Session: Class initialized using 'CodeIgniter\Session\Handlers\DatabaseHandler' driver.
INFO - 2024-12-30 10:36:46 --> Session: Class initialized using 'CodeIgniter\Session\Handlers\DatabaseHandler' driver.
INFO - 2024-12-30 10:52:43 --> Session: Class initialized using 'CodeIgniter\Session\Handlers\DatabaseHandler' driver.
CRITICAL - 2024-12-30 10:52:43 --> CodeIgniter\HTTP\Exceptions\BadRequestException: The URI you submitted has disallowed characters: "home&sa=U&ved=2ahUKEwj5r7iogc-KAxXDgf0HHWLUB4oQFnoECCQQAg&usg=AOvVaw1ILw29jkUvNbE6rwny1CUk"
[Method: GET, Route: home&sa=U&ved=2ahUKEwj5r7iogc-KAxXDgf0HHWLUB4oQFnoECCQQAg&usg=AOvVaw1ILw29jkUvNbE6rwny1CUk]
in SYSTEMPATH/Router/Router.php on line 737.
 1 SYSTEMPATH/Router/Router.php(204): CodeIgniter\Router\Router->checkDisallowedChars('home&sa=U&ved=2ahUKEwj5r7iogc-KAxXDgf0HHWLUB4oQFnoECCQQAg&usg=AOvVaw1ILw29jkUvNbE6rwny1CUk')
 2 SYSTEMPATH/CodeIgniter.php(834): CodeIgniter\Router\Router->handle('home&sa=U&ved=2ahUKEwj5r7iogc-KAxXDgf0HHWLUB4oQFnoECCQQAg&usg=AOvVaw1ILw29jkUvNbE6rwny1CUk')
 3 SYSTEMPATH/CodeIgniter.php(457): CodeIgniter\CodeIgniter->tryToRouteIt(Object(CodeIgniter\Router\RouteCollection))
 4 SYSTEMPATH/CodeIgniter.php(355): CodeIgniter\CodeIgniter->handleRequest(null, Object(Config\Cache), false)
 5 SYSTEMPATH/Boot.php(325): CodeIgniter\CodeIgniter->run()
 6 SYSTEMPATH/Boot.php(67): CodeIgniter\Boot::runCodeIgniter(Object(CodeIgniter\CodeIgniter))
 7 FCPATH/index.php(56): CodeIgniter\Boot::bootWeb(Object(Config\Paths))
INFO - 2024-12-30 10:52:47 --> Session: Class initialized using 'CodeIgniter\Session\Handlers\DatabaseHandler' driver.
CRITICAL - 2024-12-30 10:52:47 --> CodeIgniter\HTTP\Exceptions\BadRequestException: The URI you submitted has disallowed characters: "home&sa=U&ved=2ahUKEwj5r7iogc-KAxXDgf0HHWLUB4oQFnoECCQQAg&usg=AOvVaw1ILw29jkUvNbE6rwny1CUk"
[Method: GET, Route: home&sa=U&ved=2ahUKEwj5r7iogc-KAxXDgf0HHWLUB4oQFnoECCQQAg&usg=AOvVaw1ILw29jkUvNbE6rwny1CUk]
in SYSTEMPATH/Router/Router.php on line 737.
 1 SYSTEMPATH/Router/Router.php(204): CodeIgniter\Router\Router->checkDisallowedChars('home&sa=U&ved=2ahUKEwj5r7iogc-KAxXDgf0HHWLUB4oQFnoECCQQAg&usg=AOvVaw1ILw29jkUvNbE6rwny1CUk')
 2 SYSTEMPATH/CodeIgniter.php(834): CodeIgniter\Router\Router->handle('home&sa=U&ved=2ahUKEwj5r7iogc-KAxXDgf0HHWLUB4oQFnoECCQQAg&usg=AOvVaw1ILw29jkUvNbE6rwny1CUk')
 3 SYSTEMPATH/CodeIgniter.php(457): CodeIgniter\CodeIgniter->tryToRouteIt(Object(CodeIgniter\Router\RouteCollection))
 4 SYSTEMPATH/CodeIgniter.php(355): CodeIgniter\CodeIgniter->handleRequest(null, Object(Config\Cache), false)
 5 SYSTEMPATH/Boot.php(325): CodeIgniter\CodeIgniter->run()
 6 SYSTEMPATH/Boot.php(67): CodeIgniter\Boot::runCodeIgniter(Object(CodeIgniter\CodeIgniter))
 7 FCPATH/index.php(56): CodeIgniter\Boot::bootWeb(Object(Config\Paths))
INFO - 2024-12-30 10:52:49 --> Session: Class initialized using 'CodeIgniter\Session\Handlers\DatabaseHandler' driver.
CRITICAL - 2024-12-30 10:52:49 --> CodeIgniter\HTTP\Exceptions\BadRequestException: The URI you submitted has disallowed characters: "home&sa=U&ved=2ahUKEwj5r7iogc-KAxXDgf0HHWLUB4oQFnoECCQQAg&usg=AOvVaw1ILw29jkUvNbE6rwny1CUk"
[Method: GET, Route: home&sa=U&ved=2ahUKEwj5r7iogc-KAxXDgf0HHWLUB4oQFnoECCQQAg&usg=AOvVaw1ILw29jkUvNbE6rwny1CUk]
in SYSTEMPATH/Router/Router.php on line 737.
 1 SYSTEMPATH/Router/Router.php(204): CodeIgniter\Router\Router->checkDisallowedChars('home&sa=U&ved=2ahUKEwj5r7iogc-KAxXDgf0HHWLUB4oQFnoECCQQAg&usg=AOvVaw1ILw29jkUvNbE6rwny1CUk')
 2 SYSTEMPATH/CodeIgniter.php(834): CodeIgniter\Router\Router->handle('home&sa=U&ved=2ahUKEwj5r7iogc-KAxXDgf0HHWLUB4oQFnoECCQQAg&usg=AOvVaw1ILw29jkUvNbE6rwny1CUk')
 3 SYSTEMPATH/CodeIgniter.php(457): CodeIgniter\CodeIgniter->tryToRouteIt(Object(CodeIgniter\Router\RouteCollection))
 4 SYSTEMPATH/CodeIgniter.php(355): CodeIgniter\CodeIgniter->handleRequest(null, Object(Config\Cache), false)
 5 SYSTEMPATH/Boot.php(325): CodeIgniter\CodeIgniter->run()
 6 SYSTEMPATH/Boot.php(67): CodeIgniter\Boot::runCodeIgniter(Object(CodeIgniter\CodeIgniter))
 7 FCPATH/index.php(56): CodeIgniter\Boot::bootWeb(Object(Config\Paths))
INFO - 2024-12-30 11:01:06 --> Session: Class initialized using 'CodeIgniter\Session\Handlers\DatabaseHandler' driver.
INFO - 2024-12-30 11:01:09 --> Session: Class initialized using 'CodeIgniter\Session\Handlers\DatabaseHandler' driver.
INFO - 2024-12-30 11:01:11 --> Session: Class initialized using 'CodeIgniter\Session\Handlers\DatabaseHandler' driver.
INFO - 2024-12-30 11:01:14 --> Session: Class initialized using 'CodeIgniter\Session\Handlers\DatabaseHandler' driver.
INFO - 2024-12-30 11:01:16 --> Session: Class initialized using 'CodeIgniter\Session\Handlers\DatabaseHandler' driver.
INFO - 2024-12-30 11:01:18 --> Session: Class initialized using 'CodeIgniter\Session\Handlers\DatabaseHandler' driver.
INFO - 2024-12-30 11:01:24 --> Session: Class initialized using 'CodeIgniter\Session\Handlers\DatabaseHandler' driver.
CRITICAL - 2024-12-30 11:01:24 --> CodeIgniter\HTTP\Exceptions\BadRequestException: The URI you submitted has disallowed characters: "home&sa=U&ved=2ahUKEwj5r7iogc-KAxXDgf0HHWLUB4oQFnoECCQQAg&usg=AOvVaw1ILw29jkUvNbE6rwny1CUk"
[Method: GET, Route: home&sa=U&ved=2ahUKEwj5r7iogc-KAxXDgf0HHWLUB4oQFnoECCQQAg&usg=AOvVaw1ILw29jkUvNbE6rwny1CUk]
in SYSTEMPATH/Router/Router.php on line 737.
 1 SYSTEMPATH/Router/Router.php(204): CodeIgniter\Router\Router->checkDisallowedChars('home&sa=U&ved=2ahUKEwj5r7iogc-KAxXDgf0HHWLUB4oQFnoECCQQAg&usg=AOvVaw1ILw29jkUvNbE6rwny1CUk')
 2 SYSTEMPATH/CodeIgniter.php(834): CodeIgniter\Router\Router->handle('home&sa=U&ved=2ahUKEwj5r7iogc-KAxXDgf0HHWLUB4oQFnoECCQQAg&usg=AOvVaw1ILw29jkUvNbE6rwny1CUk')
 3 SYSTEMPATH/CodeIgniter.php(457): CodeIgniter\CodeIgniter->tryToRouteIt(Object(CodeIgniter\Router\RouteCollection))
 4 SYSTEMPATH/CodeIgniter.php(355): CodeIgniter\CodeIgniter->handleRequest(null, Object(Config\Cache), false)
 5 SYSTEMPATH/Boot.php(325): CodeIgniter\CodeIgniter->run()
 6 SYSTEMPATH/Boot.php(67): CodeIgniter\Boot::runCodeIgniter(Object(CodeIgniter\CodeIgniter))
 7 FCPATH/index.php(56): CodeIgniter\Boot::bootWeb(Object(Config\Paths))
INFO - 2024-12-30 11:01:26 --> Session: Class initialized using 'CodeIgniter\Session\Handlers\DatabaseHandler' driver.
CRITICAL - 2024-12-30 11:01:26 --> CodeIgniter\HTTP\Exceptions\BadRequestException: The URI you submitted has disallowed characters: "home&sa=U&ved=2ahUKEwj5r7iogc-KAxXDgf0HHWLUB4oQFnoECCQQAg&usg=AOvVaw1ILw29jkUvNbE6rwny1CUk"
[Method: GET, Route: home&sa=U&ved=2ahUKEwj5r7iogc-KAxXDgf0HHWLUB4oQFnoECCQQAg&usg=AOvVaw1ILw29jkUvNbE6rwny1CUk]
in SYSTEMPATH/Router/Router.php on line 737.
 1 SYSTEMPATH/Router/Router.php(204): CodeIgniter\Router\Router->checkDisallowedChars('home&sa=U&ved=2ahUKEwj5r7iogc-KAxXDgf0HHWLUB4oQFnoECCQQAg&usg=AOvVaw1ILw29jkUvNbE6rwny1CUk')
 2 SYSTEMPATH/CodeIgniter.php(834): CodeIgniter\Router\Router->handle('home&sa=U&ved=2ahUKEwj5r7iogc-KAxXDgf0HHWLUB4oQFnoECCQQAg&usg=AOvVaw1ILw29jkUvNbE6rwny1CUk')
 3 SYSTEMPATH/CodeIgniter.php(457): CodeIgniter\CodeIgniter->tryToRouteIt(Object(CodeIgniter\Router\RouteCollection))
 4 SYSTEMPATH/CodeIgniter.php(355): CodeIgniter\CodeIgniter->handleRequest(null, Object(Config\Cache), false)
 5 SYSTEMPATH/Boot.php(325): CodeIgniter\CodeIgniter->run()
 6 SYSTEMPATH/Boot.php(67): CodeIgniter\Boot::runCodeIgniter(Object(CodeIgniter\CodeIgniter))
 7 FCPATH/index.php(56): CodeIgniter\Boot::bootWeb(Object(Config\Paths))
INFO - 2024-12-30 11:01:32 --> Session: Class initialized using 'CodeIgniter\Session\Handlers\DatabaseHandler' driver.
CRITICAL - 2024-12-30 11:01:32 --> CodeIgniter\HTTP\Exceptions\BadRequestException: The URI you submitted has disallowed characters: "home&sa=U&ved=2ahUKEwj5r7iogc-KAxXDgf0HHWLUB4oQFnoECCQQAg&usg=AOvVaw1ILw29jkUvNbE6rwny1CUk"
[Method: GET, Route: home&sa=U&ved=2ahUKEwj5r7iogc-KAxXDgf0HHWLUB4oQFnoECCQQAg&usg=AOvVaw1ILw29jkUvNbE6rwny1CUk]
in SYSTEMPATH/Router/Router.php on line 737.
 1 SYSTEMPATH/Router/Router.php(204): CodeIgniter\Router\Router->checkDisallowedChars('home&sa=U&ved=2ahUKEwj5r7iogc-KAxXDgf0HHWLUB4oQFnoECCQQAg&usg=AOvVaw1ILw29jkUvNbE6rwny1CUk')
 2 SYSTEMPATH/CodeIgniter.php(834): CodeIgniter\Router\Router->handle('home&sa=U&ved=2ahUKEwj5r7iogc-KAxXDgf0HHWLUB4oQFnoECCQQAg&usg=AOvVaw1ILw29jkUvNbE6rwny1CUk')
 3 SYSTEMPATH/CodeIgniter.php(457): CodeIgniter\CodeIgniter->tryToRouteIt(Object(CodeIgniter\Router\RouteCollection))
 4 SYSTEMPATH/CodeIgniter.php(355): CodeIgniter\CodeIgniter->handleRequest(null, Object(Config\Cache), false)
 5 SYSTEMPATH/Boot.php(325): CodeIgniter\CodeIgniter->run()
 6 SYSTEMPATH/Boot.php(67): CodeIgniter\Boot::runCodeIgniter(Object(CodeIgniter\CodeIgniter))
 7 FCPATH/index.php(56): CodeIgniter\Boot::bootWeb(Object(Config\Paths))
INFO - 2024-12-30 11:03:32 --> Session: Class initialized using 'CodeIgniter\Session\Handlers\DatabaseHandler' driver.
INFO - 2024-12-30 11:03:41 --> Session: Class initialized using 'CodeIgniter\Session\Handlers\DatabaseHandler' driver.
INFO - 2024-12-30 11:03:41 --> CSRF token verified.
INFO - 2024-12-30 11:05:50 --> Session: Class initialized using 'CodeIgniter\Session\Handlers\DatabaseHandler' driver.
INFO - 2024-12-30 11:05:55 --> Session: Class initialized using 'CodeIgniter\Session\Handlers\DatabaseHandler' driver.
INFO - 2024-12-30 11:05:55 --> CSRF token verified.
INFO - 2024-12-30 11:11:10 --> Session: Class initialized using 'CodeIgniter\Session\Handlers\DatabaseHandler' driver.
INFO - 2024-12-30 11:11:14 --> Session: Class initialized using 'CodeIgniter\Session\Handlers\DatabaseHandler' driver.
INFO - 2024-12-30 11:11:14 --> CSRF token verified.
INFO - 2024-12-30 11:11:21 --> Session: Class initialized using 'CodeIgniter\Session\Handlers\DatabaseHandler' driver.
INFO - 2024-12-30 11:11:24 --> Session: Class initialized using 'CodeIgniter\Session\Handlers\DatabaseHandler' driver.
INFO - 2024-12-30 11:11:24 --> CSRF token verified.
INFO - 2024-12-30 11:11:42 --> Session: Class initialized using 'CodeIgniter\Session\Handlers\DatabaseHandler' driver.
INFO - 2024-12-30 11:11:46 --> Session: Class initialized using 'CodeIgniter\Session\Handlers\DatabaseHandler' driver.
INFO - 2024-12-30 11:11:46 --> CSRF token verified.
INFO - 2024-12-30 11:12:14 --> Session: Class initialized using 'CodeIgniter\Session\Handlers\DatabaseHandler' driver.
CRITICAL - 2024-12-30 11:12:14 --> CodeIgniter\HTTP\Exceptions\BadRequestException: The URI you submitted has disallowed characters: "home&sa=U&ved=2ahUKEwj5r7iogc-KAxXDgf0HHWLUB4oQFnoECCQQAg&usg=AOvVaw1ILw29jkUvNbE6rwny1CUk"
[Method: GET, Route: home&sa=U&ved=2ahUKEwj5r7iogc-KAxXDgf0HHWLUB4oQFnoECCQQAg&usg=AOvVaw1ILw29jkUvNbE6rwny1CUk]
in SYSTEMPATH/Router/Router.php on line 737.
 1 SYSTEMPATH/Router/Router.php(204): CodeIgniter\Router\Router->checkDisallowedChars('home&sa=U&ved=2ahUKEwj5r7iogc-KAxXDgf0HHWLUB4oQFnoECCQQAg&usg=AOvVaw1ILw29jkUvNbE6rwny1CUk')
 2 SYSTEMPATH/CodeIgniter.php(834): CodeIgniter\Router\Router->handle('home&sa=U&ved=2ahUKEwj5r7iogc-KAxXDgf0HHWLUB4oQFnoECCQQAg&usg=AOvVaw1ILw29jkUvNbE6rwny1CUk')
 3 SYSTEMPATH/CodeIgniter.php(457): CodeIgniter\CodeIgniter->tryToRouteIt(Object(CodeIgniter\Router\RouteCollection))
 4 SYSTEMPATH/CodeIgniter.php(355): CodeIgniter\CodeIgniter->handleRequest(null, Object(Config\Cache), false)
 5 SYSTEMPATH/Boot.php(325): CodeIgniter\CodeIgniter->run()
 6 SYSTEMPATH/Boot.php(67): CodeIgniter\Boot::runCodeIgniter(Object(CodeIgniter\CodeIgniter))
 7 FCPATH/index.php(56): CodeIgniter\Boot::bootWeb(Object(Config\Paths))
INFO - 2024-12-30 11:12:17 --> Session: Class initialized using 'CodeIgniter\Session\Handlers\DatabaseHandler' driver.
CRITICAL - 2024-12-30 11:12:17 --> CodeIgniter\HTTP\Exceptions\BadRequestException: The URI you submitted has disallowed characters: "home&sa=U&ved=2ahUKEwj5r7iogc-KAxXDgf0HHWLUB4oQFnoECCQQAg&usg=AOvVaw1ILw29jkUvNbE6rwny1CUk"
[Method: GET, Route: home&sa=U&ved=2ahUKEwj5r7iogc-KAxXDgf0HHWLUB4oQFnoECCQQAg&usg=AOvVaw1ILw29jkUvNbE6rwny1CUk]
in SYSTEMPATH/Router/Router.php on line 737.
 1 SYSTEMPATH/Router/Router.php(204): CodeIgniter\Router\Router->checkDisallowedChars('home&sa=U&ved=2ahUKEwj5r7iogc-KAxXDgf0HHWLUB4oQFnoECCQQAg&usg=AOvVaw1ILw29jkUvNbE6rwny1CUk')
 2 SYSTEMPATH/CodeIgniter.php(834): CodeIgniter\Router\Router->handle('home&sa=U&ved=2ahUKEwj5r7iogc-KAxXDgf0HHWLUB4oQFnoECCQQAg&usg=AOvVaw1ILw29jkUvNbE6rwny1CUk')
 3 SYSTEMPATH/CodeIgniter.php(457): CodeIgniter\CodeIgniter->tryToRouteIt(Object(CodeIgniter\Router\RouteCollection))
 4 SYSTEMPATH/CodeIgniter.php(355): CodeIgniter\CodeIgniter->handleRequest(null, Object(Config\Cache), false)
 5 SYSTEMPATH/Boot.php(325): CodeIgniter\CodeIgniter->run()
 6 SYSTEMPATH/Boot.php(67): CodeIgniter\Boot::runCodeIgniter(Object(CodeIgniter\CodeIgniter))
 7 FCPATH/index.php(56): CodeIgniter\Boot::bootWeb(Object(Config\Paths))
INFO - 2024-12-30 11:12:23 --> Session: Class initialized using 'CodeIgniter\Session\Handlers\DatabaseHandler' driver.
CRITICAL - 2024-12-30 11:12:23 --> CodeIgniter\HTTP\Exceptions\BadRequestException: The URI you submitted has disallowed characters: "home&sa=U&ved=2ahUKEwj5r7iogc-KAxXDgf0HHWLUB4oQFnoECCQQAg&usg=AOvVaw1ILw29jkUvNbE6rwny1CUk"
[Method: GET, Route: home&sa=U&ved=2ahUKEwj5r7iogc-KAxXDgf0HHWLUB4oQFnoECCQQAg&usg=AOvVaw1ILw29jkUvNbE6rwny1CUk]
in SYSTEMPATH/Router/Router.php on line 737.
 1 SYSTEMPATH/Router/Router.php(204): CodeIgniter\Router\Router->checkDisallowedChars('home&sa=U&ved=2ahUKEwj5r7iogc-KAxXDgf0HHWLUB4oQFnoECCQQAg&usg=AOvVaw1ILw29jkUvNbE6rwny1CUk')
 2 SYSTEMPATH/CodeIgniter.php(834): CodeIgniter\Router\Router->handle('home&sa=U&ved=2ahUKEwj5r7iogc-KAxXDgf0HHWLUB4oQFnoECCQQAg&usg=AOvVaw1ILw29jkUvNbE6rwny1CUk')
 3 SYSTEMPATH/CodeIgniter.php(457): CodeIgniter\CodeIgniter->tryToRouteIt(Object(CodeIgniter\Router\RouteCollection))
 4 SYSTEMPATH/CodeIgniter.php(355): CodeIgniter\CodeIgniter->handleRequest(null, Object(Config\Cache), false)
 5 SYSTEMPATH/Boot.php(325): CodeIgniter\CodeIgniter->run()
 6 SYSTEMPATH/Boot.php(67): CodeIgniter\Boot::runCodeIgniter(Object(CodeIgniter\CodeIgniter))
 7 FCPATH/index.php(56): CodeIgniter\Boot::bootWeb(Object(Config\Paths))
INFO - 2024-12-30 11:12:44 --> Session: Class initialized using 'CodeIgniter\Session\Handlers\DatabaseHandler' driver.
INFO - 2024-12-30 11:14:28 --> Session: Class initialized using 'CodeIgniter\Session\Handlers\DatabaseHandler' driver.
INFO - 2024-12-30 11:14:31 --> Session: Class initialized using 'CodeIgniter\Session\Handlers\DatabaseHandler' driver.
INFO - 2024-12-30 11:14:31 --> CSRF token verified.
INFO - 2024-12-30 11:14:37 --> Session: Class initialized using 'CodeIgniter\Session\Handlers\DatabaseHandler' driver.
INFO - 2024-12-30 11:14:41 --> Session: Class initialized using 'CodeIgniter\Session\Handlers\DatabaseHandler' driver.
INFO - 2024-12-30 11:14:41 --> CSRF token verified.
INFO - 2024-12-30 11:16:35 --> Session: Class initialized using 'CodeIgniter\Session\Handlers\DatabaseHandler' driver.
INFO - 2024-12-30 11:16:37 --> Session: Class initialized using 'CodeIgniter\Session\Handlers\DatabaseHandler' driver.
INFO - 2024-12-30 11:16:37 --> CSRF token verified.
INFO - 2024-12-30 11:17:32 --> Session: Class initialized using 'CodeIgniter\Session\Handlers\DatabaseHandler' driver.
INFO - 2024-12-30 11:17:34 --> Session: Class initialized using 'CodeIgniter\Session\Handlers\DatabaseHandler' driver.
INFO - 2024-12-30 11:17:34 --> CSRF token verified.
INFO - 2024-12-30 11:18:31 --> Session: Class initialized using 'CodeIgniter\Session\Handlers\DatabaseHandler' driver.
INFO - 2024-12-30 11:18:33 --> Session: Class initialized using 'CodeIgniter\Session\Handlers\DatabaseHandler' driver.
INFO - 2024-12-30 11:18:33 --> CSRF token verified.
INFO - 2024-12-30 11:18:43 --> Session: Class initialized using 'CodeIgniter\Session\Handlers\DatabaseHandler' driver.
INFO - 2024-12-30 11:18:44 --> Session: Class initialized using 'CodeIgniter\Session\Handlers\DatabaseHandler' driver.
INFO - 2024-12-30 11:18:44 --> CSRF token verified.
INFO - 2024-12-30 11:18:52 --> Session: Class initialized using 'CodeIgniter\Session\Handlers\DatabaseHandler' driver.
INFO - 2024-12-30 11:19:03 --> Session: Class initialized using 'CodeIgniter\Session\Handlers\DatabaseHandler' driver.
INFO - 2024-12-30 11:19:06 --> Session: Class initialized using 'CodeIgniter\Session\Handlers\DatabaseHandler' driver.
INFO - 2024-12-30 11:19:06 --> CSRF token verified.
INFO - 2024-12-30 11:19:57 --> Session: Class initialized using 'CodeIgniter\Session\Handlers\DatabaseHandler' driver.
INFO - 2024-12-30 11:19:59 --> Session: Class initialized using 'CodeIgniter\Session\Handlers\DatabaseHandler' driver.
INFO - 2024-12-30 11:19:59 --> CSRF token verified.
INFO - 2024-12-30 11:20:37 --> Session: Class initialized using 'CodeIgniter\Session\Handlers\DatabaseHandler' driver.
INFO - 2024-12-30 11:20:38 --> Session: Class initialized using 'CodeIgniter\Session\Handlers\DatabaseHandler' driver.
INFO - 2024-12-30 11:20:38 --> CSRF token verified.
INFO - 2024-12-30 11:22:47 --> Session: Class initialized using 'CodeIgniter\Session\Handlers\DatabaseHandler' driver.
INFO - 2024-12-30 11:22:50 --> Session: Class initialized using 'CodeIgniter\Session\Handlers\DatabaseHandler' driver.
INFO - 2024-12-30 11:22:50 --> CSRF token verified.
INFO - 2024-12-30 11:28:45 --> Session: Class initialized using 'CodeIgniter\Session\Handlers\DatabaseHandler' driver.
INFO - 2024-12-30 11:28:47 --> Session: Class initialized using 'CodeIgniter\Session\Handlers\DatabaseHandler' driver.
INFO - 2024-12-30 11:28:47 --> CSRF token verified.
INFO - 2024-12-30 11:28:49 --> Session: Class initialized using 'CodeIgniter\Session\Handlers\DatabaseHandler' driver.
INFO - 2024-12-30 11:28:51 --> Session: Class initialized using 'CodeIgniter\Session\Handlers\DatabaseHandler' driver.
INFO - 2024-12-30 11:28:51 --> CSRF token verified.
INFO - 2024-12-30 11:28:54 --> Session: Class initialized using 'CodeIgniter\Session\Handlers\DatabaseHandler' driver.
INFO - 2024-12-30 11:28:55 --> Session: Class initialized using 'CodeIgniter\Session\Handlers\DatabaseHandler' driver.
INFO - 2024-12-30 11:28:55 --> CSRF token verified.
INFO - 2024-12-30 11:29:16 --> Session: Class initialized using 'CodeIgniter\Session\Handlers\DatabaseHandler' driver.
INFO - 2024-12-30 11:29:18 --> Session: Class initialized using 'CodeIgniter\Session\Handlers\DatabaseHandler' driver.
INFO - 2024-12-30 11:29:18 --> CSRF token verified.
INFO - 2024-12-30 11:29:22 --> Session: Class initialized using 'CodeIgniter\Session\Handlers\DatabaseHandler' driver.
INFO - 2024-12-30 11:29:24 --> Session: Class initialized using 'CodeIgniter\Session\Handlers\DatabaseHandler' driver.
INFO - 2024-12-30 11:29:24 --> CSRF token verified.
INFO - 2024-12-30 11:32:14 --> Session: Class initialized using 'CodeIgniter\Session\Handlers\DatabaseHandler' driver.
INFO - 2024-12-30 11:32:18 --> Session: Class initialized using 'CodeIgniter\Session\Handlers\DatabaseHandler' driver.
INFO - 2024-12-30 11:32:18 --> CSRF token verified.
INFO - 2024-12-30 11:34:14 --> Session: Class initialized using 'CodeIgniter\Session\Handlers\DatabaseHandler' driver.
INFO - 2024-12-30 11:34:18 --> Session: Class initialized using 'CodeIgniter\Session\Handlers\DatabaseHandler' driver.
INFO - 2024-12-30 11:34:18 --> CSRF token verified.
INFO - 2024-12-30 11:44:45 --> Session: Class initialized using 'CodeIgniter\Session\Handlers\DatabaseHandler' driver.
INFO - 2024-12-30 11:50:28 --> Session: Class initialized using 'CodeIgniter\Session\Handlers\DatabaseHandler' driver.
INFO - 2024-12-30 11:50:32 --> Session: Class initialized using 'CodeIgniter\Session\Handlers\DatabaseHandler' driver.
INFO - 2024-12-30 11:50:32 --> CSRF token verified.
INFO - 2024-12-30 11:57:20 --> Session: Class initialized using 'CodeIgniter\Session\Handlers\DatabaseHandler' driver.
INFO - 2024-12-30 12:09:16 --> Session: Class initialized using 'CodeIgniter\Session\Handlers\DatabaseHandler' driver.
INFO - 2024-12-30 12:26:24 --> Session: Class initialized using 'CodeIgniter\Session\Handlers\DatabaseHandler' driver.
INFO - 2024-12-30 12:30:13 --> Session: Class initialized using 'CodeIgniter\Session\Handlers\DatabaseHandler' driver.
INFO - 2024-12-30 12:41:35 --> Session: Class initialized using 'CodeIgniter\Session\Handlers\DatabaseHandler' driver.
INFO - 2024-12-30 12:42:35 --> Session: Class initialized using 'CodeIgniter\Session\Handlers\DatabaseHandler' driver.
INFO - 2024-12-30 12:42:35 --> CSRF token verified.
INFO - 2024-12-30 12:58:33 --> Session: Class initialized using 'CodeIgniter\Session\Handlers\DatabaseHandler' driver.
INFO - 2024-12-30 12:58:35 --> Session: Class initialized using 'CodeIgniter\Session\Handlers\DatabaseHandler' driver.
INFO - 2024-12-30 12:58:35 --> CSRF token verified.
INFO - 2024-12-30 12:58:38 --> Session: Class initialized using 'CodeIgniter\Session\Handlers\DatabaseHandler' driver.
INFO - 2024-12-30 12:58:43 --> Session: Class initialized using 'CodeIgniter\Session\Handlers\DatabaseHandler' driver.
INFO - 2024-12-30 12:58:51 --> Session: Class initialized using 'CodeIgniter\Session\Handlers\DatabaseHandler' driver.
INFO - 2024-12-30 12:58:51 --> CSRF token verified.
INFO - 2024-12-30 12:59:21 --> Session: Class initialized using 'CodeIgniter\Session\Handlers\DatabaseHandler' driver.
INFO - 2024-12-30 13:40:00 --> Session: Class initialized using 'CodeIgniter\Session\Handlers\DatabaseHandler' driver.
INFO - 2024-12-30 14:22:56 --> Session: Class initialized using 'CodeIgniter\Session\Handlers\DatabaseHandler' driver.
INFO - 2024-12-30 14:35:05 --> Session: Class initialized using 'CodeIgniter\Session\Handlers\DatabaseHandler' driver.
INFO - 2024-12-30 14:35:15 --> Session: Class initialized using 'CodeIgniter\Session\Handlers\DatabaseHandler' driver.
INFO - 2024-12-30 14:38:45 --> Session: Class initialized using 'CodeIgniter\Session\Handlers\DatabaseHandler' driver.
INFO - 2024-12-30 14:39:25 --> Session: Class initialized using 'CodeIgniter\Session\Handlers\DatabaseHandler' driver.
INFO - 2024-12-30 14:39:26 --> Session: Class initialized using 'CodeIgniter\Session\Handlers\DatabaseHandler' driver.
INFO - 2024-12-30 14:39:27 --> Session: Class initialized using 'CodeIgniter\Session\Handlers\DatabaseHandler' driver.
INFO - 2024-12-30 14:39:27 --> Session: Class initialized using 'CodeIgniter\Session\Handlers\DatabaseHandler' driver.
INFO - 2024-12-30 14:39:30 --> Session: Class initialized using 'CodeIgniter\Session\Handlers\DatabaseHandler' driver.
INFO - 2024-12-30 14:39:31 --> Session: Class initialized using 'CodeIgniter\Session\Handlers\DatabaseHandler' driver.
INFO - 2024-12-30 14:39:32 --> Session: Class initialized using 'CodeIgniter\Session\Handlers\DatabaseHandler' driver.
INFO - 2024-12-30 14:39:33 --> Session: Class initialized using 'CodeIgniter\Session\Handlers\DatabaseHandler' driver.
INFO - 2024-12-30 14:39:34 --> Session: Class initialized using 'CodeIgniter\Session\Handlers\DatabaseHandler' driver.
INFO - 2024-12-30 14:39:39 --> Session: Class initialized using 'CodeIgniter\Session\Handlers\DatabaseHandler' driver.
INFO - 2024-12-30 14:39:41 --> Session: Class initialized using 'CodeIgniter\Session\Handlers\DatabaseHandler' driver.
INFO - 2024-12-30 14:39:43 --> Session: Class initialized using 'CodeIgniter\Session\Handlers\DatabaseHandler' driver.
INFO - 2024-12-30 14:39:45 --> Session: Class initialized using 'CodeIgniter\Session\Handlers\DatabaseHandler' driver.
INFO - 2024-12-30 14:39:45 --> Session: Class initialized using 'CodeIgniter\Session\Handlers\DatabaseHandler' driver.
INFO - 2024-12-30 14:39:47 --> Session: Class initialized using 'CodeIgniter\Session\Handlers\DatabaseHandler' driver.
INFO - 2024-12-30 14:39:48 --> Session: Class initialized using 'CodeIgniter\Session\Handlers\DatabaseHandler' driver.
INFO - 2024-12-30 14:39:50 --> Session: Class initialized using 'CodeIgniter\Session\Handlers\DatabaseHandler' driver.
INFO - 2024-12-30 14:39:51 --> Session: Class initialized using 'CodeIgniter\Session\Handlers\DatabaseHandler' driver.
INFO - 2024-12-30 14:39:52 --> Session: Class initialized using 'CodeIgniter\Session\Handlers\DatabaseHandler' driver.
INFO - 2024-12-30 14:39:53 --> Session: Class initialized using 'CodeIgniter\Session\Handlers\DatabaseHandler' driver.
INFO - 2024-12-30 14:39:55 --> Session: Class initialized using 'CodeIgniter\Session\Handlers\DatabaseHandler' driver.
INFO - 2024-12-30 14:39:56 --> Session: Class initialized using 'CodeIgniter\Session\Handlers\DatabaseHandler' driver.
INFO - 2024-12-30 14:39:57 --> Session: Class initialized using 'CodeIgniter\Session\Handlers\DatabaseHandler' driver.
INFO - 2024-12-30 14:39:57 --> Session: Class initialized using 'CodeIgniter\Session\Handlers\DatabaseHandler' driver.
INFO - 2024-12-30 14:39:59 --> Session: Class initialized using 'CodeIgniter\Session\Handlers\DatabaseHandler' driver.
INFO - 2024-12-30 14:39:59 --> Session: Class initialized using 'CodeIgniter\Session\Handlers\DatabaseHandler' driver.
INFO - 2024-12-30 14:40:00 --> Session: Class initialized using 'CodeIgniter\Session\Handlers\DatabaseHandler' driver.
INFO - 2024-12-30 14:40:01 --> Session: Class initialized using 'CodeIgniter\Session\Handlers\DatabaseHandler' driver.
INFO - 2024-12-30 14:40:01 --> Session: Class initialized using 'CodeIgniter\Session\Handlers\DatabaseHandler' driver.
INFO - 2024-12-30 14:40:03 --> Session: Class initialized using 'CodeIgniter\Session\Handlers\DatabaseHandler' driver.
INFO - 2024-12-30 14:40:03 --> Session: Class initialized using 'CodeIgniter\Session\Handlers\DatabaseHandler' driver.
INFO - 2024-12-30 14:40:04 --> Session: Class initialized using 'CodeIgniter\Session\Handlers\DatabaseHandler' driver.
INFO - 2024-12-30 14:40:04 --> Session: Class initialized using 'CodeIgniter\Session\Handlers\DatabaseHandler' driver.
INFO - 2024-12-30 14:40:05 --> Session: Class initialized using 'CodeIgniter\Session\Handlers\DatabaseHandler' driver.
INFO - 2024-12-30 14:40:06 --> Session: Class initialized using 'CodeIgniter\Session\Handlers\DatabaseHandler' driver.
INFO - 2024-12-30 14:40:08 --> Session: Class initialized using 'CodeIgniter\Session\Handlers\DatabaseHandler' driver.
INFO - 2024-12-30 14:40:08 --> Session: Class initialized using 'CodeIgniter\Session\Handlers\DatabaseHandler' driver.
INFO - 2024-12-30 14:40:09 --> Session: Class initialized using 'CodeIgniter\Session\Handlers\DatabaseHandler' driver.
INFO - 2024-12-30 14:40:10 --> Session: Class initialized using 'CodeIgniter\Session\Handlers\DatabaseHandler' driver.
INFO - 2024-12-30 14:40:12 --> Session: Class initialized using 'CodeIgniter\Session\Handlers\DatabaseHandler' driver.
INFO - 2024-12-30 14:40:13 --> Session: Class initialized using 'CodeIgniter\Session\Handlers\DatabaseHandler' driver.
INFO - 2024-12-30 14:40:14 --> Session: Class initialized using 'CodeIgniter\Session\Handlers\DatabaseHandler' driver.
INFO - 2024-12-30 14:40:25 --> Session: Class initialized using 'CodeIgniter\Session\Handlers\DatabaseHandler' driver.
INFO - 2024-12-30 14:41:06 --> Session: Class initialized using 'CodeIgniter\Session\Handlers\DatabaseHandler' driver.
INFO - 2024-12-30 14:41:07 --> Session: Class initialized using 'CodeIgniter\Session\Handlers\DatabaseHandler' driver.
INFO - 2024-12-30 14:41:08 --> Session: Class initialized using 'CodeIgniter\Session\Handlers\DatabaseHandler' driver.
INFO - 2024-12-30 14:41:30 --> Session: Class initialized using 'CodeIgniter\Session\Handlers\DatabaseHandler' driver.
INFO - 2024-12-30 14:41:31 --> Session: Class initialized using 'CodeIgniter\Session\Handlers\DatabaseHandler' driver.
INFO - 2024-12-30 14:41:32 --> Session: Class initialized using 'CodeIgniter\Session\Handlers\DatabaseHandler' driver.
INFO - 2024-12-30 14:41:34 --> Session: Class initialized using 'CodeIgniter\Session\Handlers\DatabaseHandler' driver.
INFO - 2024-12-30 14:41:35 --> Session: Class initialized using 'CodeIgniter\Session\Handlers\DatabaseHandler' driver.
INFO - 2024-12-30 14:42:16 --> Session: Class initialized using 'CodeIgniter\Session\Handlers\DatabaseHandler' driver.
INFO - 2024-12-30 14:42:18 --> Session: Class initialized using 'CodeIgniter\Session\Handlers\DatabaseHandler' driver.
INFO - 2024-12-30 14:42:19 --> Session: Class initialized using 'CodeIgniter\Session\Handlers\DatabaseHandler' driver.
INFO - 2024-12-30 14:42:41 --> Session: Class initialized using 'CodeIgniter\Session\Handlers\DatabaseHandler' driver.
INFO - 2024-12-30 14:42:41 --> Session: Class initialized using 'CodeIgniter\Session\Handlers\DatabaseHandler' driver.
INFO - 2024-12-30 14:42:43 --> Session: Class initialized using 'CodeIgniter\Session\Handlers\DatabaseHandler' driver.
INFO - 2024-12-30 14:42:46 --> Session: Class initialized using 'CodeIgniter\Session\Handlers\DatabaseHandler' driver.
INFO - 2024-12-30 14:42:46 --> CSRF token verified.
INFO - 2024-12-30 15:04:29 --> Session: Class initialized using 'CodeIgniter\Session\Handlers\DatabaseHandler' driver.
INFO - 2024-12-30 15:04:30 --> Session: Class initialized using 'CodeIgniter\Session\Handlers\DatabaseHandler' driver.
INFO - 2024-12-30 15:24:36 --> Session: Class initialized using 'CodeIgniter\Session\Handlers\DatabaseHandler' driver.
INFO - 2024-12-30 15:24:36 --> CSRF token verified.
INFO - 2024-12-30 15:27:08 --> Session: Class initialized using 'CodeIgniter\Session\Handlers\DatabaseHandler' driver.
INFO - 2024-12-30 15:29:16 --> Session: Class initialized using 'CodeIgniter\Session\Handlers\DatabaseHandler' driver.
INFO - 2024-12-30 15:29:19 --> Session: Class initialized using 'CodeIgniter\Session\Handlers\DatabaseHandler' driver.
INFO - 2024-12-30 15:34:46 --> Session: Class initialized using 'CodeIgniter\Session\Handlers\DatabaseHandler' driver.
INFO - 2024-12-30 15:41:21 --> Session: Class initialized using 'CodeIgniter\Session\Handlers\DatabaseHandler' driver.
INFO - 2024-12-30 15:44:39 --> Session: Class initialized using 'CodeIgniter\Session\Handlers\DatabaseHandler' driver.
INFO - 2024-12-30 15:48:20 --> Session: Class initialized using 'CodeIgniter\Session\Handlers\DatabaseHandler' driver.
INFO - 2024-12-30 16:20:50 --> Session: Class initialized using 'CodeIgniter\Session\Handlers\DatabaseHandler' driver.
INFO - 2024-12-30 16:24:26 --> Session: Class initialized using 'CodeIgniter\Session\Handlers\DatabaseHandler' driver.
INFO - 2024-12-30 16:24:27 --> CSRF token verified.
INFO - 2024-12-30 16:47:24 --> Session: Class initialized using 'CodeIgniter\Session\Handlers\DatabaseHandler' driver.
INFO - 2024-12-30 16:48:14 --> Session: Class initialized using 'CodeIgniter\Session\Handlers\DatabaseHandler' driver.
INFO - 2024-12-30 16:48:22 --> Session: Class initialized using 'CodeIgniter\Session\Handlers\DatabaseHandler' driver.
INFO - 2024-12-30 16:52:39 --> Session: Class initialized using 'CodeIgniter\Session\Handlers\DatabaseHandler' driver.
INFO - 2024-12-30 16:52:50 --> Session: Class initialized using 'CodeIgniter\Session\Handlers\DatabaseHandler' driver.
INFO - 2024-12-30 16:53:24 --> Session: Class initialized using 'CodeIgniter\Session\Handlers\DatabaseHandler' driver.
INFO - 2024-12-30 16:54:24 --> Session: Class initialized using 'CodeIgniter\Session\Handlers\DatabaseHandler' driver.
INFO - 2024-12-30 16:56:49 --> Session: Class initialized using 'CodeIgniter\Session\Handlers\DatabaseHandler' driver.
INFO - 2024-12-30 17:00:54 --> Session: Class initialized using 'CodeIgniter\Session\Handlers\DatabaseHandler' driver.
INFO - 2024-12-30 17:07:45 --> Session: Class initialized using 'CodeIgniter\Session\Handlers\DatabaseHandler' driver.
INFO - 2024-12-30 17:08:40 --> Session: Class initialized using 'CodeIgniter\Session\Handlers\DatabaseHandler' driver.
INFO - 2024-12-30 17:08:58 --> Session: Class initialized using 'CodeIgniter\Session\Handlers\DatabaseHandler' driver.
INFO - 2024-12-30 17:10:01 --> Session: Class initialized using 'CodeIgniter\Session\Handlers\DatabaseHandler' driver.
INFO - 2024-12-30 17:10:31 --> Session: Class initialized using 'CodeIgniter\Session\Handlers\DatabaseHandler' driver.
INFO - 2024-12-30 17:16:17 --> Session: Class initialized using 'CodeIgniter\Session\Handlers\DatabaseHandler' driver.
INFO - 2024-12-30 17:28:07 --> Session: Class initialized using 'CodeIgniter\Session\Handlers\DatabaseHandler' driver.
INFO - 2024-12-30 17:29:34 --> Session: Class initialized using 'CodeIgniter\Session\Handlers\DatabaseHandler' driver.
INFO - 2024-12-30 17:31:07 --> Session: Class initialized using 'CodeIgniter\Session\Handlers\DatabaseHandler' driver.
INFO - 2024-12-30 17:35:06 --> Session: Class initialized using 'CodeIgniter\Session\Handlers\DatabaseHandler' driver.
INFO - 2024-12-30 17:38:58 --> Session: Class initialized using 'CodeIgniter\Session\Handlers\DatabaseHandler' driver.
INFO - 2024-12-30 17:39:01 --> Session: Class initialized using 'CodeIgniter\Session\Handlers\DatabaseHandler' driver.
INFO - 2024-12-30 17:39:03 --> Session: Class initialized using 'CodeIgniter\Session\Handlers\DatabaseHandler' driver.
INFO - 2024-12-30 17:39:06 --> Session: Class initialized using 'CodeIgniter\Session\Handlers\DatabaseHandler' driver.
INFO - 2024-12-30 17:39:08 --> Session: Class initialized using 'CodeIgniter\Session\Handlers\DatabaseHandler' driver.
INFO - 2024-12-30 17:39:11 --> Session: Class initialized using 'CodeIgniter\Session\Handlers\DatabaseHandler' driver.
INFO - 2024-12-30 17:39:13 --> Session: Class initialized using 'CodeIgniter\Session\Handlers\DatabaseHandler' driver.
INFO - 2024-12-30 17:39:15 --> Session: Class initialized using 'CodeIgniter\Session\Handlers\DatabaseHandler' driver.
INFO - 2024-12-30 17:39:18 --> Session: Class initialized using 'CodeIgniter\Session\Handlers\DatabaseHandler' driver.
CRITICAL - 2024-12-30 17:39:18 --> ErrorException: Undefined array key 0
[Method: GET, Route: patio-garden]
in APPPATH/Controllers/HomeController.php on line 173.
 1 APPPATH/Controllers/HomeController.php(173): CodeIgniter\Debug\Exceptions->errorHandler(2, 'Undefined array key 0', '/home/carttalog/public_html/app/Controllers/HomeController.php', 173)
 2 APPPATH/Controllers/HomeController.php(82): App\Controllers\HomeController->category(Object(stdClass))
 3 SYSTEMPATH/CodeIgniter.php(933): App\Controllers\HomeController->any('patio-garden')
 4 SYSTEMPATH/CodeIgniter.php(509): CodeIgniter\CodeIgniter->runController(Object(App\Controllers\HomeController))
 5 SYSTEMPATH/CodeIgniter.php(355): CodeIgniter\CodeIgniter->handleRequest(null, Object(Config\Cache), false)
 6 SYSTEMPATH/Boot.php(325): CodeIgniter\CodeIgniter->run()
 7 SYSTEMPATH/Boot.php(67): CodeIgniter\Boot::runCodeIgniter(Object(CodeIgniter\CodeIgniter))
 8 FCPATH/index.php(56): CodeIgniter\Boot::bootWeb(Object(Config\Paths))
CRITICAL - 2024-12-30 17:39:18 --> ErrorException: Uncaught Error: Class "Locale" not found in /home/carttalog/public_html/system/Helpers/number_helper.php:140
Stack trace:
#0 /home/carttalog/public_html/system/Helpers/number_helper.php(58): format_number(16.93, 2, NULL, Array)
#1 /home/carttalog/public_html/system/Debug/BaseExceptionHandler.php(154): number_to_size(16.93, 2)
#2 /home/carttalog/public_html/app/Views/errors/html/error_exception.php(365): CodeIgniter\Debug\BaseExceptionHandler::describeMemory(17752064)
#3 /home/carttalog/public_html/system/Debug/BaseExceptionHandler.php(266): include('/home/carttalog...')
#4 /home/carttalog/public_html/system/Debug/BaseExceptionHandler.php(269): CodeIgniter\Debug\BaseExceptionHandler->CodeIgniter\Debug\{closure}()
#5 /home/carttalog/public_html/system/Debug/ExceptionHandler.php(114): CodeIgniter\Debug\BaseExceptionHandler->render(Object(ErrorException), 500, '/home/carttalog...')
#6 /home/carttalog/public_html/system/Debug/Exceptions.php(164): CodeIgniter\Debug\ExceptionHandler->handle(Object(ErrorException), Object(CodeIgniter\HTTP\IncomingRequest), Object(CodeIgniter\HTTP\Response), 500, 1)
#7 [internal function]: CodeIgniter\Debug\Exceptions->exceptionHandler(Object(ErrorException))
#8 {main}
  thrown
【Previous Exception】
ErrorException
Undefined array key 0
#0 /home/carttalog/public_html/app/Controllers/HomeController.php(173): CodeIgniter\Debug\Exceptions->errorHandler(2, 'Undefined array...', '/home/carttalog...', 173)
#1 /home/carttalog/public_html/app/Controllers/HomeController.php(82): App\Controllers\HomeController->category(Object(stdClass))
#2 /home/carttalog/public_html/system/CodeIgniter.php(933): App\Controllers\HomeController->any('patio-garden')
#3 /home/carttalog/public_html/system/CodeIgniter.php(509): CodeIgniter\CodeIgniter->runController(Object(App\Controllers\HomeController))
#4 /home/carttalog/public_html/system/CodeIgniter.php(355): CodeIgniter\CodeIgniter->handleRequest(NULL, Object(Config\Cache), false)
#5 /home/carttalog/public_html/system/Boot.php(325): CodeIgniter\CodeIgniter->run()
#6 /home/carttalog/public_html/system/Boot.php(67): CodeIgniter\Boot::runCodeIgniter(Object(CodeIgniter\CodeIgniter))
#7 /home/carttalog/public_html/index.php(56): CodeIgniter\Boot::bootWeb(Object(Config\Paths))
#8 {main}
[Method: GET, Route: patio-garden]
in SYSTEMPATH/Helpers/number_helper.php on line 140.
 1 [internal function]: CodeIgniter\Debug\Exceptions->shutdownHandler()
INFO - 2024-12-30 17:41:17 --> Session: Class initialized using 'CodeIgniter\Session\Handlers\DatabaseHandler' driver.
INFO - 2024-12-30 17:44:20 --> Session: Class initialized using 'CodeIgniter\Session\Handlers\DatabaseHandler' driver.
INFO - 2024-12-30 17:45:39 --> Session: Class initialized using 'CodeIgniter\Session\Handlers\DatabaseHandler' driver.
INFO - 2024-12-30 17:53:12 --> Session: Class initialized using 'CodeIgniter\Session\Handlers\DatabaseHandler' driver.
INFO - 2024-12-30 17:56:06 --> Session: Class initialized using 'CodeIgniter\Session\Handlers\DatabaseHandler' driver.
INFO - 2024-12-30 17:59:40 --> Session: Class initialized using 'CodeIgniter\Session\Handlers\DatabaseHandler' driver.
CRITICAL - 2024-12-30 17:59:41 --> ErrorException: Undefined variable $mainCategories
[Method: GET, Route: products]
in APPPATH/Views/product/products.php on line 123.
 1 APPPATH/Views/product/products.php(123): CodeIgniter\Debug\Exceptions->errorHandler(2, 'Undefined variable $mainCategories', '/home/carttalog/public_html/app/Views/product/products.php', 123)
 2 SYSTEMPATH/View/View.php(234): include('/home/carttalog/public_html/app/Views/product/products.php')
 3 SYSTEMPATH/View/View.php(237): CodeIgniter\View\View->CodeIgniter\View\{closure}()
 4 SYSTEMPATH/Common.php(1195): CodeIgniter\View\View->render('product/products', [], true)
 5 APPPATH/Controllers/HomeController.php(139): view('product/products', [...])
 6 SYSTEMPATH/CodeIgniter.php(933): App\Controllers\HomeController->products()
 7 SYSTEMPATH/CodeIgniter.php(509): CodeIgniter\CodeIgniter->runController(Object(App\Controllers\HomeController))
 8 SYSTEMPATH/CodeIgniter.php(355): CodeIgniter\CodeIgniter->handleRequest(null, Object(Config\Cache), false)
 9 SYSTEMPATH/Boot.php(325): CodeIgniter\CodeIgniter->run()
10 SYSTEMPATH/Boot.php(67): CodeIgniter\Boot::runCodeIgniter(Object(CodeIgniter\CodeIgniter))
11 FCPATH/index.php(56): CodeIgniter\Boot::bootWeb(Object(Config\Paths))
CRITICAL - 2024-12-30 17:59:41 --> ErrorException: Uncaught Error: Class "Locale" not found in /home/carttalog/public_html/system/Helpers/number_helper.php:140
Stack trace:
#0 /home/carttalog/public_html/system/Helpers/number_helper.php(58): format_number(17.11, 2, NULL, Array)
#1 /home/carttalog/public_html/system/Debug/BaseExceptionHandler.php(154): number_to_size(17.11, 2)
#2 /home/carttalog/public_html/app/Views/errors/html/error_exception.php(365): CodeIgniter\Debug\BaseExceptionHandler::describeMemory(17944576)
#3 /home/carttalog/public_html/system/Debug/BaseExceptionHandler.php(266): include('/home/carttalog...')
#4 /home/carttalog/public_html/system/Debug/BaseExceptionHandler.php(269): CodeIgniter\Debug\BaseExceptionHandler->CodeIgniter\Debug\{closure}()
#5 /home/carttalog/public_html/system/Debug/ExceptionHandler.php(114): CodeIgniter\Debug\BaseExceptionHandler->render(Object(ErrorException), 500, '/home/carttalog...')
#6 /home/carttalog/public_html/system/Debug/Exceptions.php(164): CodeIgniter\Debug\ExceptionHandler->handle(Object(ErrorException), Object(CodeIgniter\HTTP\IncomingRequest), Object(CodeIgniter\HTTP\Response), 500, 1)
#7 [internal function]: CodeIgniter\Debug\Exceptions->exceptionHandler(Object(ErrorException))
#8 {main}
  thrown
【Previous Exception】
ErrorException
Undefined variable $mainCategories
#0 /home/carttalog/public_html/app/Views/product/products.php(123): CodeIgniter\Debug\Exceptions->errorHandler(2, 'Undefined varia...', '/home/carttalog...', 123)
#1 /home/carttalog/public_html/system/View/View.php(234): include('/home/carttalog...')
#2 /home/carttalog/public_html/system/View/View.php(237): CodeIgniter\View\View->CodeIgniter\View\{closure}()
#3 /home/carttalog/public_html/system/Common.php(1195): CodeIgniter\View\View->render('product/product...', Array, true)
#4 /home/carttalog/public_html/app/Controllers/HomeController.php(139): view('product/product...', Array)
#5 /home/carttalog/public_html/system/CodeIgniter.php(933): App\Controllers\HomeController->products()
#6 /home/carttalog/public_html/system/CodeIgniter.php(509): CodeIgniter\CodeIgniter->runController(Object(App\Controllers\HomeController))
#7 /home/carttalog/public_html/system/CodeIgniter.php(355): CodeIgniter\CodeIgniter->handleRequest(NULL, Object(Config\Cache), false)
#8 /home/carttalog/public_html/system/Boot.php(325): CodeIgniter\CodeIgniter->run()
#9 /home/carttalog/public_html/system/Boot.php(67): CodeIgniter\Boot::runCodeIgniter(Object(CodeIgniter\CodeIgniter))
#10 /home/carttalog/public_html/index.php(56): CodeIgniter\Boot::bootWeb(Object(Config\Paths))
#11 {main}
[Method: GET, Route: products]
in SYSTEMPATH/Helpers/number_helper.php on line 140.
 1 [internal function]: CodeIgniter\Debug\Exceptions->shutdownHandler()
INFO - 2024-12-30 17:59:42 --> Session: Class initialized using 'CodeIgniter\Session\Handlers\DatabaseHandler' driver.
INFO - 2024-12-30 17:59:43 --> Session: Class initialized using 'CodeIgniter\Session\Handlers\DatabaseHandler' driver.
INFO - 2024-12-30 17:59:44 --> Session: Class initialized using 'CodeIgniter\Session\Handlers\DatabaseHandler' driver.
INFO - 2024-12-30 17:59:44 --> CSRF token verified.
INFO - 2024-12-30 17:59:49 --> Session: Class initialized using 'CodeIgniter\Session\Handlers\DatabaseHandler' driver.
INFO - 2024-12-30 17:59:52 --> Session: Class initialized using 'CodeIgniter\Session\Handlers\DatabaseHandler' driver.
INFO - 2024-12-30 17:59:52 --> CSRF token verified.
INFO - 2024-12-30 18:00:11 --> Session: Class initialized using 'CodeIgniter\Session\Handlers\DatabaseHandler' driver.
INFO - 2024-12-30 18:00:12 --> Session: Class initialized using 'CodeIgniter\Session\Handlers\DatabaseHandler' driver.
INFO - 2024-12-30 18:00:12 --> CSRF token verified.
INFO - 2024-12-30 18:00:43 --> Session: Class initialized using 'CodeIgniter\Session\Handlers\DatabaseHandler' driver.
INFO - 2024-12-30 18:00:48 --> Session: Class initialized using 'CodeIgniter\Session\Handlers\DatabaseHandler' driver.
INFO - 2024-12-30 18:00:48 --> CSRF token verified.
INFO - 2024-12-30 18:11:38 --> Session: Class initialized using 'CodeIgniter\Session\Handlers\DatabaseHandler' driver.
CRITICAL - 2024-12-30 18:11:38 --> ErrorException: Undefined array key 0
[Method: GET, Route: patio-garden]
in APPPATH/Controllers/HomeController.php on line 173.
 1 APPPATH/Controllers/HomeController.php(173): CodeIgniter\Debug\Exceptions->errorHandler(2, 'Undefined array key 0', '/home/carttalog/public_html/app/Controllers/HomeController.php', 173)
 2 APPPATH/Controllers/HomeController.php(82): App\Controllers\HomeController->category(Object(stdClass))
 3 SYSTEMPATH/CodeIgniter.php(933): App\Controllers\HomeController->any('patio-garden')
 4 SYSTEMPATH/CodeIgniter.php(509): CodeIgniter\CodeIgniter->runController(Object(App\Controllers\HomeController))
 5 SYSTEMPATH/CodeIgniter.php(355): CodeIgniter\CodeIgniter->handleRequest(null, Object(Config\Cache), false)
 6 SYSTEMPATH/Boot.php(325): CodeIgniter\CodeIgniter->run()
 7 SYSTEMPATH/Boot.php(67): CodeIgniter\Boot::runCodeIgniter(Object(CodeIgniter\CodeIgniter))
 8 FCPATH/index.php(56): CodeIgniter\Boot::bootWeb(Object(Config\Paths))
INFO - 2024-12-30 18:13:21 --> Session: Class initialized using 'CodeIgniter\Session\Handlers\DatabaseHandler' driver.
INFO - 2024-12-30 18:19:10 --> Session: Class initialized using 'CodeIgniter\Session\Handlers\DatabaseHandler' driver.
INFO - 2024-12-30 18:22:12 --> Session: Class initialized using 'CodeIgniter\Session\Handlers\DatabaseHandler' driver.
INFO - 2024-12-30 18:25:16 --> Session: Class initialized using 'CodeIgniter\Session\Handlers\DatabaseHandler' driver.
INFO - 2024-12-30 18:25:34 --> Session: Class initialized using 'CodeIgniter\Session\Handlers\DatabaseHandler' driver.
INFO - 2024-12-30 18:26:58 --> Session: Class initialized using 'CodeIgniter\Session\Handlers\DatabaseHandler' driver.
INFO - 2024-12-30 18:27:28 --> Session: Class initialized using 'CodeIgniter\Session\Handlers\DatabaseHandler' driver.
INFO - 2024-12-30 18:30:54 --> Session: Class initialized using 'CodeIgniter\Session\Handlers\DatabaseHandler' driver.
INFO - 2024-12-30 18:31:51 --> Session: Class initialized using 'CodeIgniter\Session\Handlers\DatabaseHandler' driver.
INFO - 2024-12-30 18:33:06 --> Session: Class initialized using 'CodeIgniter\Session\Handlers\DatabaseHandler' driver.
INFO - 2024-12-30 18:34:07 --> Session: Class initialized using 'CodeIgniter\Session\Handlers\DatabaseHandler' driver.
INFO - 2024-12-30 18:38:16 --> Session: Class initialized using 'CodeIgniter\Session\Handlers\DatabaseHandler' driver.
INFO - 2024-12-30 18:39:53 --> Session: Class initialized using 'CodeIgniter\Session\Handlers\DatabaseHandler' driver.
INFO - 2024-12-30 18:40:30 --> Session: Class initialized using 'CodeIgniter\Session\Handlers\DatabaseHandler' driver.
INFO - 2024-12-30 18:42:09 --> Session: Class initialized using 'CodeIgniter\Session\Handlers\DatabaseHandler' driver.
INFO - 2024-12-30 18:42:14 --> Session: Class initialized using 'CodeIgniter\Session\Handlers\DatabaseHandler' driver.
INFO - 2024-12-30 18:42:42 --> Session: Class initialized using 'CodeIgniter\Session\Handlers\DatabaseHandler' driver.
INFO - 2024-12-30 18:42:43 --> Session: Class initialized using 'CodeIgniter\Session\Handlers\DatabaseHandler' driver.
INFO - 2024-12-30 18:42:43 --> CSRF token verified.
INFO - 2024-12-30 18:47:30 --> Session: Class initialized using 'CodeIgniter\Session\Handlers\DatabaseHandler' driver.
INFO - 2024-12-30 18:47:31 --> Session: Class initialized using 'CodeIgniter\Session\Handlers\DatabaseHandler' driver.
INFO - 2024-12-30 18:47:31 --> CSRF token verified.
INFO - 2024-12-30 18:49:04 --> Session: Class initialized using 'CodeIgniter\Session\Handlers\DatabaseHandler' driver.
INFO - 2024-12-30 18:51:15 --> Session: Class initialized using 'CodeIgniter\Session\Handlers\DatabaseHandler' driver.
INFO - 2024-12-30 19:00:04 --> Session: Class initialized using 'CodeIgniter\Session\Handlers\DatabaseHandler' driver.
INFO - 2024-12-30 19:00:22 --> Session: Class initialized using 'CodeIgniter\Session\Handlers\DatabaseHandler' driver.
INFO - 2024-12-30 19:03:00 --> Session: Class initialized using 'CodeIgniter\Session\Handlers\DatabaseHandler' driver.
INFO - 2024-12-30 19:05:17 --> Session: Class initialized using 'CodeIgniter\Session\Handlers\DatabaseHandler' driver.
INFO - 2024-12-30 19:05:34 --> Session: Class initialized using 'CodeIgniter\Session\Handlers\DatabaseHandler' driver.
INFO - 2024-12-30 19:06:26 --> Session: Class initialized using 'CodeIgniter\Session\Handlers\DatabaseHandler' driver.
INFO - 2024-12-30 19:08:19 --> Session: Class initialized using 'CodeIgniter\Session\Handlers\DatabaseHandler' driver.
INFO - 2024-12-30 19:08:35 --> Session: Class initialized using 'CodeIgniter\Session\Handlers\DatabaseHandler' driver.
INFO - 2024-12-30 19:10:06 --> Session: Class initialized using 'CodeIgniter\Session\Handlers\DatabaseHandler' driver.
INFO - 2024-12-30 19:13:09 --> Session: Class initialized using 'CodeIgniter\Session\Handlers\DatabaseHandler' driver.
INFO - 2024-12-30 19:13:28 --> Session: Class initialized using 'CodeIgniter\Session\Handlers\DatabaseHandler' driver.
INFO - 2024-12-30 19:14:19 --> Session: Class initialized using 'CodeIgniter\Session\Handlers\DatabaseHandler' driver.
INFO - 2024-12-30 19:19:37 --> Session: Class initialized using 'CodeIgniter\Session\Handlers\DatabaseHandler' driver.
INFO - 2024-12-30 19:19:40 --> Session: Class initialized using 'CodeIgniter\Session\Handlers\DatabaseHandler' driver.
INFO - 2024-12-30 19:20:14 --> Session: Class initialized using 'CodeIgniter\Session\Handlers\DatabaseHandler' driver.
INFO - 2024-12-30 19:23:08 --> Session: Class initialized using 'CodeIgniter\Session\Handlers\DatabaseHandler' driver.
INFO - 2024-12-30 19:27:03 --> Session: Class initialized using 'CodeIgniter\Session\Handlers\DatabaseHandler' driver.
INFO - 2024-12-30 19:27:26 --> Session: Class initialized using 'CodeIgniter\Session\Handlers\DatabaseHandler' driver.
INFO - 2024-12-30 19:29:50 --> Session: Class initialized using 'CodeIgniter\Session\Handlers\DatabaseHandler' driver.
INFO - 2024-12-30 19:31:15 --> Session: Class initialized using 'CodeIgniter\Session\Handlers\DatabaseHandler' driver.
INFO - 2024-12-30 19:33:22 --> Session: Class initialized using 'CodeIgniter\Session\Handlers\DatabaseHandler' driver.
INFO - 2024-12-30 19:38:48 --> Session: Class initialized using 'CodeIgniter\Session\Handlers\DatabaseHandler' driver.
INFO - 2024-12-30 19:39:38 --> Session: Class initialized using 'CodeIgniter\Session\Handlers\DatabaseHandler' driver.
INFO - 2024-12-30 19:39:58 --> Session: Class initialized using 'CodeIgniter\Session\Handlers\DatabaseHandler' driver.
INFO - 2024-12-30 19:40:19 --> Session: Class initialized using 'CodeIgniter\Session\Handlers\DatabaseHandler' driver.
INFO - 2024-12-30 19:43:43 --> Session: Class initialized using 'CodeIgniter\Session\Handlers\DatabaseHandler' driver.
INFO - 2024-12-30 19:45:20 --> Session: Class initialized using 'CodeIgniter\Session\Handlers\DatabaseHandler' driver.
INFO - 2024-12-30 19:46:12 --> Session: Class initialized using 'CodeIgniter\Session\Handlers\DatabaseHandler' driver.
INFO - 2024-12-30 19:46:37 --> Session: Class initialized using 'CodeIgniter\Session\Handlers\DatabaseHandler' driver.
INFO - 2024-12-30 19:47:27 --> Session: Class initialized using 'CodeIgniter\Session\Handlers\DatabaseHandler' driver.
INFO - 2024-12-30 19:54:22 --> Session: Class initialized using 'CodeIgniter\Session\Handlers\DatabaseHandler' driver.
INFO - 2024-12-30 19:56:17 --> Session: Class initialized using 'CodeIgniter\Session\Handlers\DatabaseHandler' driver.
INFO - 2024-12-30 19:59:00 --> Session: Class initialized using 'CodeIgniter\Session\Handlers\DatabaseHandler' driver.
INFO - 2024-12-30 20:00:38 --> Session: Class initialized using 'CodeIgniter\Session\Handlers\DatabaseHandler' driver.
INFO - 2024-12-30 20:04:40 --> Session: Class initialized using 'CodeIgniter\Session\Handlers\DatabaseHandler' driver.
INFO - 2024-12-30 20:05:35 --> Session: Class initialized using 'CodeIgniter\Session\Handlers\DatabaseHandler' driver.
INFO - 2024-12-30 20:08:21 --> Session: Class initialized using 'CodeIgniter\Session\Handlers\DatabaseHandler' driver.
INFO - 2024-12-30 20:13:00 --> Session: Class initialized using 'CodeIgniter\Session\Handlers\DatabaseHandler' driver.
INFO - 2024-12-30 20:13:14 --> Session: Class initialized using 'CodeIgniter\Session\Handlers\DatabaseHandler' driver.
INFO - 2024-12-30 20:13:48 --> Session: Class initialized using 'CodeIgniter\Session\Handlers\DatabaseHandler' driver.
INFO - 2024-12-30 20:15:18 --> Session: Class initialized using 'CodeIgniter\Session\Handlers\DatabaseHandler' driver.
INFO - 2024-12-30 20:16:49 --> Session: Class initialized using 'CodeIgniter\Session\Handlers\DatabaseHandler' driver.
INFO - 2024-12-30 20:19:23 --> Session: Class initialized using 'CodeIgniter\Session\Handlers\DatabaseHandler' driver.
INFO - 2024-12-30 20:22:04 --> Session: Class initialized using 'CodeIgniter\Session\Handlers\DatabaseHandler' driver.
INFO - 2024-12-30 20:22:38 --> Session: Class initialized using 'CodeIgniter\Session\Handlers\DatabaseHandler' driver.
INFO - 2024-12-30 20:22:44 --> Session: Class initialized using 'CodeIgniter\Session\Handlers\DatabaseHandler' driver.
INFO - 2024-12-30 20:22:45 --> Session: Class initialized using 'CodeIgniter\Session\Handlers\DatabaseHandler' driver.
INFO - 2024-12-30 20:24:50 --> Session: Class initialized using 'CodeIgniter\Session\Handlers\DatabaseHandler' driver.
INFO - 2024-12-30 20:27:57 --> Session: Class initialized using 'CodeIgniter\Session\Handlers\DatabaseHandler' driver.
INFO - 2024-12-30 20:28:16 --> Session: Class initialized using 'CodeIgniter\Session\Handlers\DatabaseHandler' driver.
INFO - 2024-12-30 20:28:28 --> Session: Class initialized using 'CodeIgniter\Session\Handlers\DatabaseHandler' driver.
INFO - 2024-12-30 20:29:27 --> Session: Class initialized using 'CodeIgniter\Session\Handlers\DatabaseHandler' driver.
INFO - 2024-12-30 20:29:49 --> Session: Class initialized using 'CodeIgniter\Session\Handlers\DatabaseHandler' driver.
INFO - 2024-12-30 20:31:51 --> Session: Class initialized using 'CodeIgniter\Session\Handlers\DatabaseHandler' driver.
INFO - 2024-12-30 20:32:12 --> Session: Class initialized using 'CodeIgniter\Session\Handlers\DatabaseHandler' driver.
INFO - 2024-12-30 20:32:38 --> Session: Class initialized using 'CodeIgniter\Session\Handlers\DatabaseHandler' driver.
INFO - 2024-12-30 20:34:17 --> Session: Class initialized using 'CodeIgniter\Session\Handlers\DatabaseHandler' driver.
INFO - 2024-12-30 20:38:59 --> Session: Class initialized using 'CodeIgniter\Session\Handlers\DatabaseHandler' driver.
INFO - 2024-12-30 20:39:02 --> Session: Class initialized using 'CodeIgniter\Session\Handlers\DatabaseHandler' driver.
INFO - 2024-12-30 20:39:18 --> Session: Class initialized using 'CodeIgniter\Session\Handlers\DatabaseHandler' driver.
INFO - 2024-12-30 20:40:16 --> Session: Class initialized using 'CodeIgniter\Session\Handlers\DatabaseHandler' driver.
INFO - 2024-12-30 20:45:15 --> Session: Class initialized using 'CodeIgniter\Session\Handlers\DatabaseHandler' driver.
INFO - 2024-12-30 20:46:06 --> Session: Class initialized using 'CodeIgniter\Session\Handlers\DatabaseHandler' driver.
INFO - 2024-12-30 20:47:23 --> Session: Class initialized using 'CodeIgniter\Session\Handlers\DatabaseHandler' driver.
INFO - 2024-12-30 20:48:59 --> Session: Class initialized using 'CodeIgniter\Session\Handlers\DatabaseHandler' driver.
INFO - 2024-12-30 20:50:27 --> Session: Class initialized using 'CodeIgniter\Session\Handlers\DatabaseHandler' driver.
INFO - 2024-12-30 20:50:49 --> Session: Class initialized using 'CodeIgniter\Session\Handlers\DatabaseHandler' driver.
INFO - 2024-12-30 20:58:19 --> Session: Class initialized using 'CodeIgniter\Session\Handlers\DatabaseHandler' driver.
INFO - 2024-12-30 21:02:12 --> Session: Class initialized using 'CodeIgniter\Session\Handlers\DatabaseHandler' driver.
INFO - 2024-12-30 21:03:16 --> Session: Class initialized using 'CodeIgniter\Session\Handlers\DatabaseHandler' driver.
INFO - 2024-12-30 21:04:31 --> Session: Class initialized using 'CodeIgniter\Session\Handlers\DatabaseHandler' driver.
INFO - 2024-12-30 21:04:57 --> Session: Class initialized using 'CodeIgniter\Session\Handlers\DatabaseHandler' driver.
INFO - 2024-12-30 21:05:35 --> Session: Class initialized using 'CodeIgniter\Session\Handlers\DatabaseHandler' driver.
INFO - 2024-12-30 21:05:51 --> Session: Class initialized using 'CodeIgniter\Session\Handlers\DatabaseHandler' driver.
INFO - 2024-12-30 21:09:47 --> Session: Class initialized using 'CodeIgniter\Session\Handlers\DatabaseHandler' driver.
INFO - 2024-12-30 21:11:17 --> Session: Class initialized using 'CodeIgniter\Session\Handlers\DatabaseHandler' driver.
INFO - 2024-12-30 21:11:52 --> Session: Class initialized using 'CodeIgniter\Session\Handlers\DatabaseHandler' driver.
INFO - 2024-12-30 21:15:01 --> Session: Class initialized using 'CodeIgniter\Session\Handlers\DatabaseHandler' driver.
INFO - 2024-12-30 21:15:03 --> Session: Class initialized using 'CodeIgniter\Session\Handlers\DatabaseHandler' driver.
INFO - 2024-12-30 21:16:53 --> Session: Class initialized using 'CodeIgniter\Session\Handlers\DatabaseHandler' driver.
INFO - 2024-12-30 21:22:57 --> Session: Class initialized using 'CodeIgniter\Session\Handlers\DatabaseHandler' driver.
INFO - 2024-12-30 21:24:29 --> Session: Class initialized using 'CodeIgniter\Session\Handlers\DatabaseHandler' driver.
INFO - 2024-12-30 21:24:32 --> Session: Class initialized using 'CodeIgniter\Session\Handlers\DatabaseHandler' driver.
INFO - 2024-12-30 21:24:32 --> CSRF token verified.
INFO - 2024-12-30 21:24:43 --> Session: Class initialized using 'CodeIgniter\Session\Handlers\DatabaseHandler' driver.
INFO - 2024-12-30 21:24:46 --> Session: Class initialized using 'CodeIgniter\Session\Handlers\DatabaseHandler' driver.
INFO - 2024-12-30 21:24:46 --> CSRF token verified.
INFO - 2024-12-30 21:27:52 --> Session: Class initialized using 'CodeIgniter\Session\Handlers\DatabaseHandler' driver.
INFO - 2024-12-30 21:27:59 --> Session: Class initialized using 'CodeIgniter\Session\Handlers\DatabaseHandler' driver.
INFO - 2024-12-30 21:27:59 --> CSRF token verified.
INFO - 2024-12-30 21:28:59 --> Session: Class initialized using 'CodeIgniter\Session\Handlers\DatabaseHandler' driver.
INFO - 2024-12-30 21:29:04 --> Session: Class initialized using 'CodeIgniter\Session\Handlers\DatabaseHandler' driver.
INFO - 2024-12-30 21:29:04 --> CSRF token verified.
INFO - 2024-12-30 21:29:16 --> Session: Class initialized using 'CodeIgniter\Session\Handlers\DatabaseHandler' driver.
INFO - 2024-12-30 21:29:19 --> Session: Class initialized using 'CodeIgniter\Session\Handlers\DatabaseHandler' driver.
INFO - 2024-12-30 21:29:19 --> CSRF token verified.
INFO - 2024-12-30 21:32:17 --> Session: Class initialized using 'CodeIgniter\Session\Handlers\DatabaseHandler' driver.
INFO - 2024-12-30 21:32:55 --> Session: Class initialized using 'CodeIgniter\Session\Handlers\DatabaseHandler' driver.
INFO - 2024-12-30 21:33:36 --> Session: Class initialized using 'CodeIgniter\Session\Handlers\DatabaseHandler' driver.
INFO - 2024-12-30 21:33:38 --> Session: Class initialized using 'CodeIgniter\Session\Handlers\DatabaseHandler' driver.
INFO - 2024-12-30 21:33:38 --> CSRF token verified.
INFO - 2024-12-30 21:33:50 --> Session: Class initialized using 'CodeIgniter\Session\Handlers\DatabaseHandler' driver.
INFO - 2024-12-30 21:33:53 --> Session: Class initialized using 'CodeIgniter\Session\Handlers\DatabaseHandler' driver.
INFO - 2024-12-30 21:33:53 --> CSRF token verified.
INFO - 2024-12-30 21:35:55 --> Session: Class initialized using 'CodeIgniter\Session\Handlers\DatabaseHandler' driver.
INFO - 2024-12-30 21:37:27 --> Session: Class initialized using 'CodeIgniter\Session\Handlers\DatabaseHandler' driver.
INFO - 2024-12-30 21:42:43 --> Session: Class initialized using 'CodeIgniter\Session\Handlers\DatabaseHandler' driver.
INFO - 2024-12-30 21:46:27 --> Session: Class initialized using 'CodeIgniter\Session\Handlers\DatabaseHandler' driver.
INFO - 2024-12-30 21:49:25 --> Session: Class initialized using 'CodeIgniter\Session\Handlers\DatabaseHandler' driver.
INFO - 2024-12-30 21:49:29 --> Session: Class initialized using 'CodeIgniter\Session\Handlers\DatabaseHandler' driver.
INFO - 2024-12-30 21:49:37 --> Session: Class initialized using 'CodeIgniter\Session\Handlers\DatabaseHandler' driver.
INFO - 2024-12-30 21:49:37 --> CSRF token verified.
INFO - 2024-12-30 21:50:46 --> Session: Class initialized using 'CodeIgniter\Session\Handlers\DatabaseHandler' driver.
INFO - 2024-12-30 21:53:37 --> Session: Class initialized using 'CodeIgniter\Session\Handlers\DatabaseHandler' driver.
INFO - 2024-12-30 21:53:40 --> Session: Class initialized using 'CodeIgniter\Session\Handlers\DatabaseHandler' driver.
INFO - 2024-12-30 21:53:40 --> CSRF token verified.
INFO - 2024-12-30 21:53:43 --> Session: Class initialized using 'CodeIgniter\Session\Handlers\DatabaseHandler' driver.
INFO - 2024-12-30 21:54:52 --> Session: Class initialized using 'CodeIgniter\Session\Handlers\DatabaseHandler' driver.
INFO - 2024-12-30 21:54:56 --> Session: Class initialized using 'CodeIgniter\Session\Handlers\DatabaseHandler' driver.
INFO - 2024-12-30 21:54:56 --> CSRF token verified.
INFO - 2024-12-30 21:55:37 --> Session: Class initialized using 'CodeIgniter\Session\Handlers\DatabaseHandler' driver.
INFO - 2024-12-30 21:55:46 --> Session: Class initialized using 'CodeIgniter\Session\Handlers\DatabaseHandler' driver.
INFO - 2024-12-30 21:55:48 --> Session: Class initialized using 'CodeIgniter\Session\Handlers\DatabaseHandler' driver.
INFO - 2024-12-30 21:55:48 --> CSRF token verified.
INFO - 2024-12-30 21:56:23 --> Session: Class initialized using 'CodeIgniter\Session\Handlers\DatabaseHandler' driver.
INFO - 2024-12-30 21:56:25 --> Session: Class initialized using 'CodeIgniter\Session\Handlers\DatabaseHandler' driver.
INFO - 2024-12-30 21:56:25 --> CSRF token verified.
INFO - 2024-12-30 21:56:53 --> Session: Class initialized using 'CodeIgniter\Session\Handlers\DatabaseHandler' driver.
INFO - 2024-12-30 21:56:55 --> Session: Class initialized using 'CodeIgniter\Session\Handlers\DatabaseHandler' driver.
INFO - 2024-12-30 21:56:55 --> CSRF token verified.
INFO - 2024-12-30 22:00:18 --> Session: Class initialized using 'CodeIgniter\Session\Handlers\DatabaseHandler' driver.
INFO - 2024-12-30 22:01:49 --> Session: Class initialized using 'CodeIgniter\Session\Handlers\DatabaseHandler' driver.
INFO - 2024-12-30 22:03:07 --> Session: Class initialized using 'CodeIgniter\Session\Handlers\DatabaseHandler' driver.
INFO - 2024-12-30 22:04:11 --> Session: Class initialized using 'CodeIgniter\Session\Handlers\DatabaseHandler' driver.
INFO - 2024-12-30 22:07:27 --> Session: Class initialized using 'CodeIgniter\Session\Handlers\DatabaseHandler' driver.
INFO - 2024-12-30 22:09:18 --> Session: Class initialized using 'CodeIgniter\Session\Handlers\DatabaseHandler' driver.
INFO - 2024-12-30 22:12:34 --> Session: Class initialized using 'CodeIgniter\Session\Handlers\DatabaseHandler' driver.
INFO - 2024-12-30 22:12:39 --> Session: Class initialized using 'CodeIgniter\Session\Handlers\DatabaseHandler' driver.
INFO - 2024-12-30 22:12:39 --> CSRF token verified.
INFO - 2024-12-30 22:15:29 --> Session: Class initialized using 'CodeIgniter\Session\Handlers\DatabaseHandler' driver.
INFO - 2024-12-30 22:15:46 --> Session: Class initialized using 'CodeIgniter\Session\Handlers\DatabaseHandler' driver.
INFO - 2024-12-30 22:16:48 --> Session: Class initialized using 'CodeIgniter\Session\Handlers\DatabaseHandler' driver.
INFO - 2024-12-30 22:17:46 --> Session: Class initialized using 'CodeIgniter\Session\Handlers\DatabaseHandler' driver.
INFO - 2024-12-30 22:19:47 --> Session: Class initialized using 'CodeIgniter\Session\Handlers\DatabaseHandler' driver.
INFO - 2024-12-30 22:21:33 --> Session: Class initialized using 'CodeIgniter\Session\Handlers\DatabaseHandler' driver.
INFO - 2024-12-30 22:21:49 --> Session: Class initialized using 'CodeIgniter\Session\Handlers\DatabaseHandler' driver.
INFO - 2024-12-30 22:24:08 --> Session: Class initialized using 'CodeIgniter\Session\Handlers\DatabaseHandler' driver.
INFO - 2024-12-30 22:25:28 --> Session: Class initialized using 'CodeIgniter\Session\Handlers\DatabaseHandler' driver.
INFO - 2024-12-30 22:25:30 --> Session: Class initialized using 'CodeIgniter\Session\Handlers\DatabaseHandler' driver.
INFO - 2024-12-30 22:25:30 --> CSRF token verified.
INFO - 2024-12-30 22:33:20 --> Session: Class initialized using 'CodeIgniter\Session\Handlers\DatabaseHandler' driver.
INFO - 2024-12-30 22:33:23 --> Session: Class initialized using 'CodeIgniter\Session\Handlers\DatabaseHandler' driver.
INFO - 2024-12-30 22:33:23 --> CSRF token verified.
INFO - 2024-12-30 22:33:34 --> Session: Class initialized using 'CodeIgniter\Session\Handlers\DatabaseHandler' driver.
INFO - 2024-12-30 22:34:33 --> Session: Class initialized using 'CodeIgniter\Session\Handlers\DatabaseHandler' driver.
INFO - 2024-12-30 22:38:07 --> Session: Class initialized using 'CodeIgniter\Session\Handlers\DatabaseHandler' driver.
INFO - 2024-12-30 22:39:11 --> Session: Class initialized using 'CodeIgniter\Session\Handlers\DatabaseHandler' driver.
INFO - 2024-12-30 22:43:58 --> Session: Class initialized using 'CodeIgniter\Session\Handlers\DatabaseHandler' driver.
INFO - 2024-12-30 22:45:04 --> Session: Class initialized using 'CodeIgniter\Session\Handlers\DatabaseHandler' driver.
INFO - 2024-12-30 22:46:34 --> Session: Class initialized using 'CodeIgniter\Session\Handlers\DatabaseHandler' driver.
INFO - 2024-12-30 22:49:40 --> Session: Class initialized using 'CodeIgniter\Session\Handlers\DatabaseHandler' driver.
INFO - 2024-12-30 22:52:27 --> Session: Class initialized using 'CodeIgniter\Session\Handlers\DatabaseHandler' driver.
INFO - 2024-12-30 22:54:48 --> Session: Class initialized using 'CodeIgniter\Session\Handlers\DatabaseHandler' driver.
INFO - 2024-12-30 23:05:32 --> Session: Class initialized using 'CodeIgniter\Session\Handlers\DatabaseHandler' driver.
INFO - 2024-12-30 23:07:02 --> Session: Class initialized using 'CodeIgniter\Session\Handlers\DatabaseHandler' driver.
INFO - 2024-12-30 23:10:33 --> Session: Class initialized using 'CodeIgniter\Session\Handlers\DatabaseHandler' driver.
INFO - 2024-12-30 23:11:44 --> Session: Class initialized using 'CodeIgniter\Session\Handlers\DatabaseHandler' driver.
INFO - 2024-12-30 23:11:56 --> Session: Class initialized using 'CodeIgniter\Session\Handlers\DatabaseHandler' driver.
INFO - 2024-12-30 23:12:05 --> Session: Class initialized using 'CodeIgniter\Session\Handlers\DatabaseHandler' driver.
INFO - 2024-12-30 23:12:12 --> Session: Class initialized using 'CodeIgniter\Session\Handlers\DatabaseHandler' driver.
INFO - 2024-12-30 23:12:24 --> Session: Class initialized using 'CodeIgniter\Session\Handlers\DatabaseHandler' driver.
INFO - 2024-12-30 23:12:36 --> Session: Class initialized using 'CodeIgniter\Session\Handlers\DatabaseHandler' driver.
INFO - 2024-12-30 23:12:49 --> Session: Class initialized using 'CodeIgniter\Session\Handlers\DatabaseHandler' driver.
INFO - 2024-12-30 23:13:07 --> Session: Class initialized using 'CodeIgniter\Session\Handlers\DatabaseHandler' driver.
INFO - 2024-12-30 23:13:22 --> Session: Class initialized using 'CodeIgniter\Session\Handlers\DatabaseHandler' driver.
INFO - 2024-12-30 23:13:42 --> Session: Class initialized using 'CodeIgniter\Session\Handlers\DatabaseHandler' driver.
INFO - 2024-12-30 23:14:04 --> Session: Class initialized using 'CodeIgniter\Session\Handlers\DatabaseHandler' driver.
INFO - 2024-12-30 23:14:15 --> Session: Class initialized using 'CodeIgniter\Session\Handlers\DatabaseHandler' driver.
INFO - 2024-12-30 23:18:25 --> Session: Class initialized using 'CodeIgniter\Session\Handlers\DatabaseHandler' driver.
INFO - 2024-12-30 23:18:42 --> Session: Class initialized using 'CodeIgniter\Session\Handlers\DatabaseHandler' driver.
INFO - 2024-12-30 23:23:36 --> Session: Class initialized using 'CodeIgniter\Session\Handlers\DatabaseHandler' driver.
INFO - 2024-12-30 23:24:01 --> Session: Class initialized using 'CodeIgniter\Session\Handlers\DatabaseHandler' driver.
INFO - 2024-12-30 23:32:39 --> Session: Class initialized using 'CodeIgniter\Session\Handlers\DatabaseHandler' driver.
INFO - 2024-12-30 23:33:20 --> Session: Class initialized using 'CodeIgniter\Session\Handlers\DatabaseHandler' driver.
INFO - 2024-12-30 23:34:22 --> Session: Class initialized using 'CodeIgniter\Session\Handlers\DatabaseHandler' driver.
INFO - 2024-12-30 23:36:21 --> Session: Class initialized using 'CodeIgniter\Session\Handlers\DatabaseHandler' driver.
INFO - 2024-12-30 23:38:15 --> Session: Class initialized using 'CodeIgniter\Session\Handlers\DatabaseHandler' driver.
INFO - 2024-12-30 23:38:19 --> Session: Class initialized using 'CodeIgniter\Session\Handlers\DatabaseHandler' driver.
INFO - 2024-12-30 23:38:19 --> CSRF token verified.
INFO - 2024-12-30 23:39:51 --> Session: Class initialized using 'CodeIgniter\Session\Handlers\DatabaseHandler' driver.
CRITICAL - 2024-12-30 23:39:51 --> ErrorException: Undefined variable $mainCategories
[Method: GET, Route: products]
in APPPATH/Views/product/products.php on line 123.
 1 APPPATH/Views/product/products.php(123): CodeIgniter\Debug\Exceptions->errorHandler(2, 'Undefined variable $mainCategories', '/home/carttalog/public_html/app/Views/product/products.php', 123)
 2 SYSTEMPATH/View/View.php(234): include('/home/carttalog/public_html/app/Views/product/products.php')
 3 SYSTEMPATH/View/View.php(237): CodeIgniter\View\View->CodeIgniter\View\{closure}()
 4 SYSTEMPATH/Common.php(1195): CodeIgniter\View\View->render('product/products', [], true)
 5 APPPATH/Controllers/HomeController.php(139): view('product/products', [...])
 6 SYSTEMPATH/CodeIgniter.php(933): App\Controllers\HomeController->products()
 7 SYSTEMPATH/CodeIgniter.php(509): CodeIgniter\CodeIgniter->runController(Object(App\Controllers\HomeController))
 8 SYSTEMPATH/CodeIgniter.php(355): CodeIgniter\CodeIgniter->handleRequest(null, Object(Config\Cache), false)
 9 SYSTEMPATH/Boot.php(325): CodeIgniter\CodeIgniter->run()
10 SYSTEMPATH/Boot.php(67): CodeIgniter\Boot::runCodeIgniter(Object(CodeIgniter\CodeIgniter))
11 FCPATH/index.php(56): CodeIgniter\Boot::bootWeb(Object(Config\Paths))
CRITICAL - 2024-12-30 23:39:52 --> ErrorException: Uncaught Error: Class "Locale" not found in /home/carttalog/public_html/system/Helpers/number_helper.php:140
Stack trace:
#0 /home/carttalog/public_html/system/Helpers/number_helper.php(58): format_number(17.11, 2, NULL, Array)
#1 /home/carttalog/public_html/system/Debug/BaseExceptionHandler.php(154): number_to_size(17.11, 2)
#2 /home/carttalog/public_html/app/Views/errors/html/error_exception.php(365): CodeIgniter\Debug\BaseExceptionHandler::describeMemory(17944576)
#3 /home/carttalog/public_html/system/Debug/BaseExceptionHandler.php(266): include('/home/carttalog...')
#4 /home/carttalog/public_html/system/Debug/BaseExceptionHandler.php(269): CodeIgniter\Debug\BaseExceptionHandler->CodeIgniter\Debug\{closure}()
#5 /home/carttalog/public_html/system/Debug/ExceptionHandler.php(114): CodeIgniter\Debug\BaseExceptionHandler->render(Object(ErrorException), 500, '/home/carttalog...')
#6 /home/carttalog/public_html/system/Debug/Exceptions.php(164): CodeIgniter\Debug\ExceptionHandler->handle(Object(ErrorException), Object(CodeIgniter\HTTP\IncomingRequest), Object(CodeIgniter\HTTP\Response), 500, 1)
#7 [internal function]: CodeIgniter\Debug\Exceptions->exceptionHandler(Object(ErrorException))
#8 {main}
  thrown
【Previous Exception】
ErrorException
Undefined variable $mainCategories
#0 /home/carttalog/public_html/app/Views/product/products.php(123): CodeIgniter\Debug\Exceptions->errorHandler(2, 'Undefined varia...', '/home/carttalog...', 123)
#1 /home/carttalog/public_html/system/View/View.php(234): include('/home/carttalog...')
#2 /home/carttalog/public_html/system/View/View.php(237): CodeIgniter\View\View->CodeIgniter\View\{closure}()
#3 /home/carttalog/public_html/system/Common.php(1195): CodeIgniter\View\View->render('product/product...', Array, true)
#4 /home/carttalog/public_html/app/Controllers/HomeController.php(139): view('product/product...', Array)
#5 /home/carttalog/public_html/system/CodeIgniter.php(933): App\Controllers\HomeController->products()
#6 /home/carttalog/public_html/system/CodeIgniter.php(509): CodeIgniter\CodeIgniter->runController(Object(App\Controllers\HomeController))
#7 /home/carttalog/public_html/system/CodeIgniter.php(355): CodeIgniter\CodeIgniter->handleRequest(NULL, Object(Config\Cache), false)
#8 /home/carttalog/public_html/system/Boot.php(325): CodeIgniter\CodeIgniter->run()
#9 /home/carttalog/public_html/system/Boot.php(67): CodeIgniter\Boot::runCodeIgniter(Object(CodeIgniter\CodeIgniter))
#10 /home/carttalog/public_html/index.php(56): CodeIgniter\Boot::bootWeb(Object(Config\Paths))
#11 {main}
[Method: GET, Route: products]
in SYSTEMPATH/Helpers/number_helper.php on line 140.
 1 [internal function]: CodeIgniter\Debug\Exceptions->shutdownHandler()
INFO - 2024-12-30 23:40:13 --> Session: Class initialized using 'CodeIgniter\Session\Handlers\DatabaseHandler' driver.
INFO - 2024-12-30 23:40:14 --> Session: Class initialized using 'CodeIgniter\Session\Handlers\DatabaseHandler' driver.
INFO - 2024-12-30 23:40:16 --> Session: Class initialized using 'CodeIgniter\Session\Handlers\DatabaseHandler' driver.
INFO - 2024-12-30 23:40:16 --> CSRF token verified.
INFO - 2024-12-30 23:40:24 --> Session: Class initialized using 'CodeIgniter\Session\Handlers\DatabaseHandler' driver.
INFO - 2024-12-30 23:40:26 --> Session: Class initialized using 'CodeIgniter\Session\Handlers\DatabaseHandler' driver.
INFO - 2024-12-30 23:40:26 --> CSRF token verified.
INFO - 2024-12-30 23:40:56 --> Session: Class initialized using 'CodeIgniter\Session\Handlers\DatabaseHandler' driver.
CRITICAL - 2024-12-30 23:40:56 --> ErrorException: Undefined variable $mainCategories
[Method: GET, Route: products]
in APPPATH/Views/product/products.php on line 123.
 1 APPPATH/Views/product/products.php(123): CodeIgniter\Debug\Exceptions->errorHandler(2, 'Undefined variable $mainCategories', '/home/carttalog/public_html/app/Views/product/products.php', 123)
 2 SYSTEMPATH/View/View.php(234): include('/home/carttalog/public_html/app/Views/product/products.php')
 3 SYSTEMPATH/View/View.php(237): CodeIgniter\View\View->CodeIgniter\View\{closure}()
 4 SYSTEMPATH/Common.php(1195): CodeIgniter\View\View->render('product/products', [], true)
 5 APPPATH/Controllers/HomeController.php(139): view('product/products', [...])
 6 SYSTEMPATH/CodeIgniter.php(933): App\Controllers\HomeController->products()
 7 SYSTEMPATH/CodeIgniter.php(509): CodeIgniter\CodeIgniter->runController(Object(App\Controllers\HomeController))
 8 SYSTEMPATH/CodeIgniter.php(355): CodeIgniter\CodeIgniter->handleRequest(null, Object(Config\Cache), false)
 9 SYSTEMPATH/Boot.php(325): CodeIgniter\CodeIgniter->run()
10 SYSTEMPATH/Boot.php(67): CodeIgniter\Boot::runCodeIgniter(Object(CodeIgniter\CodeIgniter))
11 FCPATH/index.php(56): CodeIgniter\Boot::bootWeb(Object(Config\Paths))
INFO - 2024-12-30 23:43:48 --> Session: Class initialized using 'CodeIgniter\Session\Handlers\DatabaseHandler' driver.
INFO - 2024-12-30 23:47:09 --> Session: Class initialized using 'CodeIgniter\Session\Handlers\DatabaseHandler' driver.
INFO - 2024-12-30 23:50:07 --> Session: Class initialized using 'CodeIgniter\Session\Handlers\DatabaseHandler' driver.
INFO - 2024-12-30 23:53:26 --> Session: Class initialized using 'CodeIgniter\Session\Handlers\DatabaseHandler' driver.
INFO - 2024-12-30 23:59:46 --> Session: Class initialized using 'CodeIgniter\Session\Handlers\DatabaseHandler' driver.
CRITICAL - 2024-12-30 23:59:46 --> ErrorException: Undefined array key 0
[Method: GET, Route: autos]
in APPPATH/Controllers/HomeController.php on line 173.
 1 APPPATH/Controllers/HomeController.php(173): CodeIgniter\Debug\Exceptions->errorHandler(2, 'Undefined array key 0', '/home/carttalog/public_html/app/Controllers/HomeController.php', 173)
 2 APPPATH/Controllers/HomeController.php(82): App\Controllers\HomeController->category(Object(stdClass))
 3 SYSTEMPATH/CodeIgniter.php(933): App\Controllers\HomeController->any('autos')
 4 SYSTEMPATH/CodeIgniter.php(509): CodeIgniter\CodeIgniter->runController(Object(App\Controllers\HomeController))
 5 SYSTEMPATH/CodeIgniter.php(355): CodeIgniter\CodeIgniter->handleRequest(null, Object(Config\Cache), false)
 6 SYSTEMPATH/Boot.php(325): CodeIgniter\CodeIgniter->run()
 7 SYSTEMPATH/Boot.php(67): CodeIgniter\Boot::runCodeIgniter(Object(CodeIgniter\CodeIgniter))
 8 FCPATH/index.php(56): CodeIgniter\Boot::bootWeb(Object(Config\Paths))
