INFO - 2024-12-16 00:06:41 --> Session: Class initialized using 'CodeIgniter\Session\Handlers\DatabaseHandler' driver.
INFO - 2024-12-16 00:12:19 --> Session: Class initialized using 'CodeIgniter\Session\Handlers\DatabaseHandler' driver.
INFO - 2024-12-16 00:35:44 --> Session: Class initialized using 'CodeIgniter\Session\Handlers\DatabaseHandler' driver.
INFO - 2024-12-16 00:35:59 --> Session: Class initialized using 'CodeIgniter\Session\Handlers\DatabaseHandler' driver.
INFO - 2024-12-16 00:35:59 --> CSRF token verified.
INFO - 2024-12-16 00:42:02 --> Session: Class initialized using 'CodeIgniter\Session\Handlers\DatabaseHandler' driver.
INFO - 2024-12-16 00:44:49 --> Session: Class initialized using 'CodeIgniter\Session\Handlers\DatabaseHandler' driver.
INFO - 2024-12-16 00:45:05 --> Session: Class initialized using 'CodeIgniter\Session\Handlers\DatabaseHandler' driver.
INFO - 2024-12-16 00:45:05 --> CSRF token verified.
INFO - 2024-12-16 00:49:48 --> Session: Class initialized using 'CodeIgniter\Session\Handlers\DatabaseHandler' driver.
INFO - 2024-12-16 00:50:17 --> Session: Class initialized using 'CodeIgniter\Session\Handlers\DatabaseHandler' driver.
INFO - 2024-12-16 00:50:17 --> CSRF token verified.
INFO - 2024-12-16 00:50:30 --> Session: Class initialized using 'CodeIgniter\Session\Handlers\DatabaseHandler' driver.
INFO - 2024-12-16 00:52:00 --> Session: Class initialized using 'CodeIgniter\Session\Handlers\DatabaseHandler' driver.
INFO - 2024-12-16 00:52:00 --> CSRF token verified.
INFO - 2024-12-16 01:14:05 --> Session: Class initialized using 'CodeIgniter\Session\Handlers\DatabaseHandler' driver.
INFO - 2024-12-16 01:17:48 --> Session: Class initialized using 'CodeIgniter\Session\Handlers\DatabaseHandler' driver.
INFO - 2024-12-16 01:18:08 --> Session: Class initialized using 'CodeIgniter\Session\Handlers\DatabaseHandler' driver.
INFO - 2024-12-16 01:18:08 --> CSRF token verified.
INFO - 2024-12-16 01:30:37 --> Session: Class initialized using 'CodeIgniter\Session\Handlers\DatabaseHandler' driver.
INFO - 2024-12-16 01:37:09 --> Session: Class initialized using 'CodeIgniter\Session\Handlers\DatabaseHandler' driver.
INFO - 2024-12-16 01:54:08 --> Session: Class initialized using 'CodeIgniter\Session\Handlers\DatabaseHandler' driver.
INFO - 2024-12-16 02:07:32 --> Session: Class initialized using 'CodeIgniter\Session\Handlers\DatabaseHandler' driver.
INFO - 2024-12-16 02:07:45 --> Session: Class initialized using 'CodeIgniter\Session\Handlers\DatabaseHandler' driver.
INFO - 2024-12-16 02:07:45 --> CSRF token verified.
INFO - 2024-12-16 02:10:28 --> Session: Class initialized using 'CodeIgniter\Session\Handlers\DatabaseHandler' driver.
INFO - 2024-12-16 02:17:09 --> Session: Class initialized using 'CodeIgniter\Session\Handlers\DatabaseHandler' driver.
INFO - 2024-12-16 02:17:09 --> CSRF token verified.
INFO - 2024-12-16 02:23:12 --> Session: Class initialized using 'CodeIgniter\Session\Handlers\DatabaseHandler' driver.
INFO - 2024-12-16 02:27:18 --> Session: Class initialized using 'CodeIgniter\Session\Handlers\DatabaseHandler' driver.
INFO - 2024-12-16 02:30:53 --> Session: Class initialized using 'CodeIgniter\Session\Handlers\DatabaseHandler' driver.
INFO - 2024-12-16 02:32:07 --> Session: Class initialized using 'CodeIgniter\Session\Handlers\DatabaseHandler' driver.
INFO - 2024-12-16 02:40:14 --> Session: Class initialized using 'CodeIgniter\Session\Handlers\DatabaseHandler' driver.
INFO - 2024-12-16 02:52:12 --> Session: Class initialized using 'CodeIgniter\Session\Handlers\DatabaseHandler' driver.
INFO - 2024-12-16 02:53:13 --> Session: Class initialized using 'CodeIgniter\Session\Handlers\DatabaseHandler' driver.
INFO - 2024-12-16 03:11:00 --> Session: Class initialized using 'CodeIgniter\Session\Handlers\DatabaseHandler' driver.
INFO - 2024-12-16 03:54:19 --> Session: Class initialized using 'CodeIgniter\Session\Handlers\DatabaseHandler' driver.
INFO - 2024-12-16 04:25:50 --> Session: Class initialized using 'CodeIgniter\Session\Handlers\DatabaseHandler' driver.
INFO - 2024-12-16 04:26:03 --> Session: Class initialized using 'CodeIgniter\Session\Handlers\DatabaseHandler' driver.
INFO - 2024-12-16 04:42:21 --> Session: Class initialized using 'CodeIgniter\Session\Handlers\DatabaseHandler' driver.
INFO - 2024-12-16 04:47:10 --> Session: Class initialized using 'CodeIgniter\Session\Handlers\DatabaseHandler' driver.
INFO - 2024-12-16 04:47:52 --> Session: Class initialized using 'CodeIgniter\Session\Handlers\DatabaseHandler' driver.
INFO - 2024-12-16 04:49:43 --> Session: Class initialized using 'CodeIgniter\Session\Handlers\DatabaseHandler' driver.
INFO - 2024-12-16 04:50:28 --> Session: Class initialized using 'CodeIgniter\Session\Handlers\DatabaseHandler' driver.
INFO - 2024-12-16 04:52:22 --> Session: Class initialized using 'CodeIgniter\Session\Handlers\DatabaseHandler' driver.
INFO - 2024-12-16 04:52:22 --> CSRF token verified.
INFO - 2024-12-16 05:17:27 --> Session: Class initialized using 'CodeIgniter\Session\Handlers\DatabaseHandler' driver.
INFO - 2024-12-16 05:29:49 --> Session: Class initialized using 'CodeIgniter\Session\Handlers\DatabaseHandler' driver.
INFO - 2024-12-16 05:32:34 --> Session: Class initialized using 'CodeIgniter\Session\Handlers\DatabaseHandler' driver.
INFO - 2024-12-16 05:33:47 --> Session: Class initialized using 'CodeIgniter\Session\Handlers\DatabaseHandler' driver.
INFO - 2024-12-16 05:38:40 --> Session: Class initialized using 'CodeIgniter\Session\Handlers\DatabaseHandler' driver.
INFO - 2024-12-16 05:48:07 --> Session: Class initialized using 'CodeIgniter\Session\Handlers\DatabaseHandler' driver.
INFO - 2024-12-16 05:48:08 --> Session: Class initialized using 'CodeIgniter\Session\Handlers\DatabaseHandler' driver.
INFO - 2024-12-16 05:48:09 --> Session: Class initialized using 'CodeIgniter\Session\Handlers\DatabaseHandler' driver.
INFO - 2024-12-16 05:48:10 --> Session: Class initialized using 'CodeIgniter\Session\Handlers\DatabaseHandler' driver.
INFO - 2024-12-16 05:48:10 --> CSRF token verified.
INFO - 2024-12-16 05:48:10 --> Session: Class initialized using 'CodeIgniter\Session\Handlers\DatabaseHandler' driver.
INFO - 2024-12-16 05:48:11 --> CSRF token verified.
INFO - 2024-12-16 05:52:16 --> Session: Class initialized using 'CodeIgniter\Session\Handlers\DatabaseHandler' driver.
INFO - 2024-12-16 05:52:21 --> Session: Class initialized using 'CodeIgniter\Session\Handlers\DatabaseHandler' driver.
INFO - 2024-12-16 05:52:29 --> Session: Class initialized using 'CodeIgniter\Session\Handlers\DatabaseHandler' driver.
INFO - 2024-12-16 05:52:29 --> Session: Class initialized using 'CodeIgniter\Session\Handlers\DatabaseHandler' driver.
INFO - 2024-12-16 05:52:30 --> Session: Class initialized using 'CodeIgniter\Session\Handlers\DatabaseHandler' driver.
INFO - 2024-12-16 05:52:30 --> Session: Class initialized using 'CodeIgniter\Session\Handlers\DatabaseHandler' driver.
INFO - 2024-12-16 05:52:36 --> Session: Class initialized using 'CodeIgniter\Session\Handlers\DatabaseHandler' driver.
INFO - 2024-12-16 05:53:11 --> Session: Class initialized using 'CodeIgniter\Session\Handlers\DatabaseHandler' driver.
INFO - 2024-12-16 05:53:17 --> Session: Class initialized using 'CodeIgniter\Session\Handlers\DatabaseHandler' driver.
INFO - 2024-12-16 05:53:17 --> CSRF token verified.
INFO - 2024-12-16 05:54:30 --> Session: Class initialized using 'CodeIgniter\Session\Handlers\DatabaseHandler' driver.
INFO - 2024-12-16 05:54:33 --> Session: Class initialized using 'CodeIgniter\Session\Handlers\DatabaseHandler' driver.
INFO - 2024-12-16 05:54:33 --> CSRF token verified.
INFO - 2024-12-16 05:55:24 --> Session: Class initialized using 'CodeIgniter\Session\Handlers\DatabaseHandler' driver.
INFO - 2024-12-16 05:59:18 --> Session: Class initialized using 'CodeIgniter\Session\Handlers\DatabaseHandler' driver.
INFO - 2024-12-16 05:59:20 --> Session: Class initialized using 'CodeIgniter\Session\Handlers\DatabaseHandler' driver.
INFO - 2024-12-16 05:59:20 --> CSRF token verified.
INFO - 2024-12-16 06:00:28 --> Session: Class initialized using 'CodeIgniter\Session\Handlers\DatabaseHandler' driver.
INFO - 2024-12-16 06:00:31 --> Session: Class initialized using 'CodeIgniter\Session\Handlers\DatabaseHandler' driver.
INFO - 2024-12-16 06:00:31 --> CSRF token verified.
INFO - 2024-12-16 06:17:28 --> Session: Class initialized using 'CodeIgniter\Session\Handlers\DatabaseHandler' driver.
INFO - 2024-12-16 06:25:49 --> Session: Class initialized using 'CodeIgniter\Session\Handlers\DatabaseHandler' driver.
INFO - 2024-12-16 07:00:11 --> Session: Class initialized using 'CodeIgniter\Session\Handlers\DatabaseHandler' driver.
INFO - 2024-12-16 07:01:54 --> Session: Class initialized using 'CodeIgniter\Session\Handlers\DatabaseHandler' driver.
INFO - 2024-12-16 07:16:32 --> Session: Class initialized using 'CodeIgniter\Session\Handlers\DatabaseHandler' driver.
INFO - 2024-12-16 07:28:49 --> Session: Class initialized using 'CodeIgniter\Session\Handlers\DatabaseHandler' driver.
INFO - 2024-12-16 07:47:17 --> Session: Class initialized using 'CodeIgniter\Session\Handlers\DatabaseHandler' driver.
INFO - 2024-12-16 07:47:22 --> Session: Class initialized using 'CodeIgniter\Session\Handlers\DatabaseHandler' driver.
INFO - 2024-12-16 07:47:22 --> CSRF token verified.
INFO - 2024-12-16 07:49:41 --> Session: Class initialized using 'CodeIgniter\Session\Handlers\DatabaseHandler' driver.
CRITICAL - 2024-12-16 07:49:41 --> CodeIgniter\HTTP\Exceptions\BadRequestException: The URI you submitted has disallowed characters: "لايف-ستايل"
[Method: GET, Route: ar/blog/%D9%84%D8%A7%D9%8A%D9%81-%D8%B3%D8%AA%D8%A7%D9%8A%D9%84/%D9%87%D9%86%D8%A7%D9%83-%D8%A7%D9%84%D8%B9%D8%AF%D9%8A%D8%AF-%D9%85%D9%86-%D8%A7%D9%84%D8%A7%D8%AE%D8%AA%D9%84%D8%A7%D9%81%D8%A7%D8%AA-%D9%81%D9%8A-%D8%A7%D9%84%D9%81%D9%82%D8%B1%D8%A7%D8%AA]
in SYSTEMPATH/Router/Router.php on line 737.
 1 SYSTEMPATH/Router/Router.php(204): CodeIgniter\Router\Router->checkDisallowedChars('ar/blog/لايف-ستايل/هناك-العديد-من-الاختلافات-في-الفقرات')
 2 SYSTEMPATH/CodeIgniter.php(834): CodeIgniter\Router\Router->handle('ar/blog/لايف-ستايل/هناك-العديد-من-الاختلافات-في-الفقرات')
 3 SYSTEMPATH/CodeIgniter.php(457): CodeIgniter\CodeIgniter->tryToRouteIt(Object(CodeIgniter\Router\RouteCollection))
 4 SYSTEMPATH/CodeIgniter.php(355): CodeIgniter\CodeIgniter->handleRequest(null, Object(Config\Cache), false)
 5 SYSTEMPATH/Boot.php(325): CodeIgniter\CodeIgniter->run()
 6 SYSTEMPATH/Boot.php(67): CodeIgniter\Boot::runCodeIgniter(Object(CodeIgniter\CodeIgniter))
 7 FCPATH/index.php(56): CodeIgniter\Boot::bootWeb(Object(Config\Paths))
INFO - 2024-12-16 07:50:40 --> Session: Class initialized using 'CodeIgniter\Session\Handlers\DatabaseHandler' driver.
INFO - 2024-12-16 07:51:32 --> Session: Class initialized using 'CodeIgniter\Session\Handlers\DatabaseHandler' driver.
INFO - 2024-12-16 07:51:33 --> Session: Class initialized using 'CodeIgniter\Session\Handlers\DatabaseHandler' driver.
INFO - 2024-12-16 07:51:35 --> Session: Class initialized using 'CodeIgniter\Session\Handlers\DatabaseHandler' driver.
INFO - 2024-12-16 08:03:48 --> Session: Class initialized using 'CodeIgniter\Session\Handlers\DatabaseHandler' driver.
INFO - 2024-12-16 08:03:51 --> Session: Class initialized using 'CodeIgniter\Session\Handlers\DatabaseHandler' driver.
INFO - 2024-12-16 08:03:51 --> CSRF token verified.
INFO - 2024-12-16 08:05:45 --> Session: Class initialized using 'CodeIgniter\Session\Handlers\DatabaseHandler' driver.
INFO - 2024-12-16 08:07:52 --> Session: Class initialized using 'CodeIgniter\Session\Handlers\DatabaseHandler' driver.
INFO - 2024-12-16 08:08:16 --> Session: Class initialized using 'CodeIgniter\Session\Handlers\DatabaseHandler' driver.
INFO - 2024-12-16 08:13:18 --> Session: Class initialized using 'CodeIgniter\Session\Handlers\DatabaseHandler' driver.
INFO - 2024-12-16 08:13:20 --> Session: Class initialized using 'CodeIgniter\Session\Handlers\DatabaseHandler' driver.
INFO - 2024-12-16 08:13:20 --> CSRF token verified.
INFO - 2024-12-16 08:16:52 --> Session: Class initialized using 'CodeIgniter\Session\Handlers\DatabaseHandler' driver.
INFO - 2024-12-16 08:17:07 --> Session: Class initialized using 'CodeIgniter\Session\Handlers\DatabaseHandler' driver.
INFO - 2024-12-16 08:17:07 --> CSRF token verified.
INFO - 2024-12-16 08:18:29 --> Session: Class initialized using 'CodeIgniter\Session\Handlers\DatabaseHandler' driver.
INFO - 2024-12-16 08:19:59 --> Session: Class initialized using 'CodeIgniter\Session\Handlers\DatabaseHandler' driver.
INFO - 2024-12-16 08:20:01 --> Session: Class initialized using 'CodeIgniter\Session\Handlers\DatabaseHandler' driver.
INFO - 2024-12-16 08:20:12 --> Session: Class initialized using 'CodeIgniter\Session\Handlers\DatabaseHandler' driver.
INFO - 2024-12-16 08:20:12 --> CSRF token verified.
INFO - 2024-12-16 08:22:46 --> Session: Class initialized using 'CodeIgniter\Session\Handlers\DatabaseHandler' driver.
INFO - 2024-12-16 08:22:58 --> Session: Class initialized using 'CodeIgniter\Session\Handlers\DatabaseHandler' driver.
INFO - 2024-12-16 08:22:58 --> CSRF token verified.
INFO - 2024-12-16 08:24:47 --> Session: Class initialized using 'CodeIgniter\Session\Handlers\DatabaseHandler' driver.
INFO - 2024-12-16 08:25:44 --> Session: Class initialized using 'CodeIgniter\Session\Handlers\DatabaseHandler' driver.
INFO - 2024-12-16 08:26:44 --> Session: Class initialized using 'CodeIgniter\Session\Handlers\DatabaseHandler' driver.
INFO - 2024-12-16 08:27:00 --> Session: Class initialized using 'CodeIgniter\Session\Handlers\DatabaseHandler' driver.
INFO - 2024-12-16 08:30:26 --> Session: Class initialized using 'CodeIgniter\Session\Handlers\DatabaseHandler' driver.
INFO - 2024-12-16 08:36:01 --> Session: Class initialized using 'CodeIgniter\Session\Handlers\DatabaseHandler' driver.
INFO - 2024-12-16 08:51:05 --> Session: Class initialized using 'CodeIgniter\Session\Handlers\DatabaseHandler' driver.
INFO - 2024-12-16 08:52:41 --> Session: Class initialized using 'CodeIgniter\Session\Handlers\DatabaseHandler' driver.
INFO - 2024-12-16 08:52:58 --> Session: Class initialized using 'CodeIgniter\Session\Handlers\DatabaseHandler' driver.
INFO - 2024-12-16 08:53:13 --> Session: Class initialized using 'CodeIgniter\Session\Handlers\DatabaseHandler' driver.
INFO - 2024-12-16 08:53:13 --> CSRF token verified.
INFO - 2024-12-16 08:53:20 --> Session: Class initialized using 'CodeIgniter\Session\Handlers\DatabaseHandler' driver.
INFO - 2024-12-16 08:53:20 --> CSRF token verified.
INFO - 2024-12-16 09:00:14 --> Session: Class initialized using 'CodeIgniter\Session\Handlers\DatabaseHandler' driver.
INFO - 2024-12-16 09:10:30 --> Session: Class initialized using 'CodeIgniter\Session\Handlers\DatabaseHandler' driver.
INFO - 2024-12-16 09:17:08 --> Session: Class initialized using 'CodeIgniter\Session\Handlers\DatabaseHandler' driver.
INFO - 2024-12-16 09:49:30 --> Session: Class initialized using 'CodeIgniter\Session\Handlers\DatabaseHandler' driver.
INFO - 2024-12-16 09:55:25 --> Session: Class initialized using 'CodeIgniter\Session\Handlers\DatabaseHandler' driver.
INFO - 2024-12-16 09:55:41 --> Session: Class initialized using 'CodeIgniter\Session\Handlers\DatabaseHandler' driver.
INFO - 2024-12-16 09:55:46 --> Session: Class initialized using 'CodeIgniter\Session\Handlers\DatabaseHandler' driver.
INFO - 2024-12-16 09:55:46 --> CSRF token verified.
INFO - 2024-12-16 09:55:47 --> Session: Class initialized using 'CodeIgniter\Session\Handlers\DatabaseHandler' driver.
INFO - 2024-12-16 09:56:13 --> Session: Class initialized using 'CodeIgniter\Session\Handlers\DatabaseHandler' driver.
INFO - 2024-12-16 09:56:16 --> Session: Class initialized using 'CodeIgniter\Session\Handlers\DatabaseHandler' driver.
INFO - 2024-12-16 09:56:16 --> CSRF token verified.
INFO - 2024-12-16 09:56:30 --> Session: Class initialized using 'CodeIgniter\Session\Handlers\DatabaseHandler' driver.
INFO - 2024-12-16 09:56:35 --> Session: Class initialized using 'CodeIgniter\Session\Handlers\DatabaseHandler' driver.
INFO - 2024-12-16 09:56:35 --> CSRF token verified.
INFO - 2024-12-16 10:08:42 --> Session: Class initialized using 'CodeIgniter\Session\Handlers\DatabaseHandler' driver.
INFO - 2024-12-16 10:08:43 --> Session: Class initialized using 'CodeIgniter\Session\Handlers\DatabaseHandler' driver.
INFO - 2024-12-16 10:08:44 --> Session: Class initialized using 'CodeIgniter\Session\Handlers\DatabaseHandler' driver.
INFO - 2024-12-16 10:08:44 --> CSRF token verified.
INFO - 2024-12-16 10:08:45 --> Session: Class initialized using 'CodeIgniter\Session\Handlers\DatabaseHandler' driver.
INFO - 2024-12-16 10:11:36 --> Session: Class initialized using 'CodeIgniter\Session\Handlers\DatabaseHandler' driver.
INFO - 2024-12-16 10:15:44 --> Session: Class initialized using 'CodeIgniter\Session\Handlers\DatabaseHandler' driver.
INFO - 2024-12-16 10:15:46 --> Session: Class initialized using 'CodeIgniter\Session\Handlers\DatabaseHandler' driver.
INFO - 2024-12-16 10:15:47 --> Session: Class initialized using 'CodeIgniter\Session\Handlers\DatabaseHandler' driver.
INFO - 2024-12-16 10:15:47 --> Session: Class initialized using 'CodeIgniter\Session\Handlers\DatabaseHandler' driver.
INFO - 2024-12-16 10:15:48 --> Session: Class initialized using 'CodeIgniter\Session\Handlers\DatabaseHandler' driver.
INFO - 2024-12-16 10:15:49 --> Session: Class initialized using 'CodeIgniter\Session\Handlers\DatabaseHandler' driver.
INFO - 2024-12-16 10:15:51 --> Session: Class initialized using 'CodeIgniter\Session\Handlers\DatabaseHandler' driver.
INFO - 2024-12-16 10:15:51 --> Session: Class initialized using 'CodeIgniter\Session\Handlers\DatabaseHandler' driver.
INFO - 2024-12-16 10:25:16 --> Session: Class initialized using 'CodeIgniter\Session\Handlers\DatabaseHandler' driver.
INFO - 2024-12-16 10:25:17 --> Session: Class initialized using 'CodeIgniter\Session\Handlers\DatabaseHandler' driver.
INFO - 2024-12-16 10:25:26 --> Session: Class initialized using 'CodeIgniter\Session\Handlers\DatabaseHandler' driver.
INFO - 2024-12-16 10:25:28 --> Session: Class initialized using 'CodeIgniter\Session\Handlers\DatabaseHandler' driver.
INFO - 2024-12-16 10:25:29 --> Session: Class initialized using 'CodeIgniter\Session\Handlers\DatabaseHandler' driver.
INFO - 2024-12-16 10:25:29 --> CSRF token verified.
INFO - 2024-12-16 10:26:38 --> Session: Class initialized using 'CodeIgniter\Session\Handlers\DatabaseHandler' driver.
INFO - 2024-12-16 10:26:41 --> Session: Class initialized using 'CodeIgniter\Session\Handlers\DatabaseHandler' driver.
INFO - 2024-12-16 10:26:41 --> CSRF token verified.
INFO - 2024-12-16 10:26:58 --> Session: Class initialized using 'CodeIgniter\Session\Handlers\DatabaseHandler' driver.
INFO - 2024-12-16 10:27:10 --> Session: Class initialized using 'CodeIgniter\Session\Handlers\DatabaseHandler' driver.
INFO - 2024-12-16 10:29:17 --> Session: Class initialized using 'CodeIgniter\Session\Handlers\DatabaseHandler' driver.
INFO - 2024-12-16 10:29:19 --> Session: Class initialized using 'CodeIgniter\Session\Handlers\DatabaseHandler' driver.
INFO - 2024-12-16 10:29:20 --> Session: Class initialized using 'CodeIgniter\Session\Handlers\DatabaseHandler' driver.
INFO - 2024-12-16 10:29:20 --> CSRF token verified.
INFO - 2024-12-16 10:29:56 --> Session: Class initialized using 'CodeIgniter\Session\Handlers\DatabaseHandler' driver.
INFO - 2024-12-16 10:29:59 --> Session: Class initialized using 'CodeIgniter\Session\Handlers\DatabaseHandler' driver.
INFO - 2024-12-16 10:29:59 --> CSRF token verified.
INFO - 2024-12-16 10:29:59 --> Session: Class initialized using 'CodeIgniter\Session\Handlers\DatabaseHandler' driver.
INFO - 2024-12-16 10:30:02 --> Session: Class initialized using 'CodeIgniter\Session\Handlers\DatabaseHandler' driver.
INFO - 2024-12-16 10:30:05 --> Session: Class initialized using 'CodeIgniter\Session\Handlers\DatabaseHandler' driver.
INFO - 2024-12-16 10:30:05 --> Session: Class initialized using 'CodeIgniter\Session\Handlers\DatabaseHandler' driver.
INFO - 2024-12-16 10:30:05 --> CSRF token verified.
INFO - 2024-12-16 10:30:08 --> Session: Class initialized using 'CodeIgniter\Session\Handlers\DatabaseHandler' driver.
INFO - 2024-12-16 10:30:09 --> Session: Class initialized using 'CodeIgniter\Session\Handlers\DatabaseHandler' driver.
INFO - 2024-12-16 10:30:09 --> CSRF token verified.
INFO - 2024-12-16 10:30:48 --> Session: Class initialized using 'CodeIgniter\Session\Handlers\DatabaseHandler' driver.
INFO - 2024-12-16 10:30:48 --> Session: Class initialized using 'CodeIgniter\Session\Handlers\DatabaseHandler' driver.
INFO - 2024-12-16 10:30:49 --> Session: Class initialized using 'CodeIgniter\Session\Handlers\DatabaseHandler' driver.
INFO - 2024-12-16 10:30:49 --> Session: Class initialized using 'CodeIgniter\Session\Handlers\DatabaseHandler' driver.
INFO - 2024-12-16 10:30:51 --> Session: Class initialized using 'CodeIgniter\Session\Handlers\DatabaseHandler' driver.
INFO - 2024-12-16 10:30:51 --> CSRF token verified.
INFO - 2024-12-16 10:30:51 --> Session: Class initialized using 'CodeIgniter\Session\Handlers\DatabaseHandler' driver.
INFO - 2024-12-16 10:30:59 --> Session: Class initialized using 'CodeIgniter\Session\Handlers\DatabaseHandler' driver.
INFO - 2024-12-16 10:30:59 --> CSRF token verified.
INFO - 2024-12-16 10:31:03 --> Session: Class initialized using 'CodeIgniter\Session\Handlers\DatabaseHandler' driver.
INFO - 2024-12-16 10:31:27 --> Session: Class initialized using 'CodeIgniter\Session\Handlers\DatabaseHandler' driver.
INFO - 2024-12-16 10:31:28 --> Session: Class initialized using 'CodeIgniter\Session\Handlers\DatabaseHandler' driver.
INFO - 2024-12-16 10:31:28 --> CSRF token verified.
INFO - 2024-12-16 10:31:46 --> Session: Class initialized using 'CodeIgniter\Session\Handlers\DatabaseHandler' driver.
INFO - 2024-12-16 10:31:46 --> CSRF token verified.
INFO - 2024-12-16 10:32:01 --> Session: Class initialized using 'CodeIgniter\Session\Handlers\DatabaseHandler' driver.
INFO - 2024-12-16 10:32:02 --> Session: Class initialized using 'CodeIgniter\Session\Handlers\DatabaseHandler' driver.
INFO - 2024-12-16 10:32:02 --> CSRF token verified.
INFO - 2024-12-16 10:32:10 --> Session: Class initialized using 'CodeIgniter\Session\Handlers\DatabaseHandler' driver.
INFO - 2024-12-16 10:32:10 --> Session: Class initialized using 'CodeIgniter\Session\Handlers\DatabaseHandler' driver.
INFO - 2024-12-16 10:32:10 --> CSRF token verified.
INFO - 2024-12-16 10:32:14 --> Session: Class initialized using 'CodeIgniter\Session\Handlers\DatabaseHandler' driver.
INFO - 2024-12-16 10:32:15 --> Session: Class initialized using 'CodeIgniter\Session\Handlers\DatabaseHandler' driver.
INFO - 2024-12-16 10:32:15 --> CSRF token verified.
INFO - 2024-12-16 10:32:54 --> Session: Class initialized using 'CodeIgniter\Session\Handlers\DatabaseHandler' driver.
INFO - 2024-12-16 10:32:54 --> Session: Class initialized using 'CodeIgniter\Session\Handlers\DatabaseHandler' driver.
INFO - 2024-12-16 10:32:54 --> CSRF token verified.
INFO - 2024-12-16 10:32:55 --> Session: Class initialized using 'CodeIgniter\Session\Handlers\DatabaseHandler' driver.
INFO - 2024-12-16 10:32:56 --> Session: Class initialized using 'CodeIgniter\Session\Handlers\DatabaseHandler' driver.
INFO - 2024-12-16 10:32:56 --> CSRF token verified.
INFO - 2024-12-16 10:33:10 --> Session: Class initialized using 'CodeIgniter\Session\Handlers\DatabaseHandler' driver.
INFO - 2024-12-16 10:33:10 --> Session: Class initialized using 'CodeIgniter\Session\Handlers\DatabaseHandler' driver.
INFO - 2024-12-16 10:33:10 --> CSRF token verified.
INFO - 2024-12-16 10:33:53 --> Session: Class initialized using 'CodeIgniter\Session\Handlers\DatabaseHandler' driver.
INFO - 2024-12-16 10:33:53 --> CSRF token verified.
CRITICAL - 2024-12-16 10:33:53 --> Intervention\Image\Exception\NotSupportedException: Reading Exif data is not supported by this PHP installation.
[Method: POST, Route: Category/editCategoryPost]
in APPPATH/ThirdParty/intervention-image/vendor/intervention/image/src/Intervention/Image/Commands/ExifCommand.php on line 22.
 1 APPPATH/ThirdParty/intervention-image/vendor/intervention/image/src/Intervention/Image/AbstractDriver.php(94): Intervention\Image\Commands\ExifCommand->execute(Object(Intervention\Image\Image))
 2 APPPATH/ThirdParty/intervention-image/vendor/intervention/image/src/Intervention/Image/Image.php(108): Intervention\Image\AbstractDriver->executeCommand(Object(Intervention\Image\Image), 'exif', [...])
 3 APPPATH/ThirdParty/intervention-image/vendor/intervention/image/src/Intervention/Image/Commands/OrientateCommand.php(15): Intervention\Image\Image->__call('exif', [...])
 4 APPPATH/ThirdParty/intervention-image/vendor/intervention/image/src/Intervention/Image/AbstractDriver.php(94): Intervention\Image\Commands\OrientateCommand->execute(Object(Intervention\Image\Image))
 5 APPPATH/ThirdParty/intervention-image/vendor/intervention/image/src/Intervention/Image/Image.php(108): Intervention\Image\AbstractDriver->executeCommand(Object(Intervention\Image\Image), 'orientate', [])
 6 APPPATH/Models/UploadModel.php(173): Intervention\Image\Image->__call('orientate', [])
 7 APPPATH/Models/CategoryModel.php(534): App\Models\UploadModel->uploadCategoryImage('uploads/temp/temp_67600211b9d6a5-35496800.jpg')
 8 APPPATH/Controllers/CategoryController.php(103): App\Models\CategoryModel->editCategory('26')
 9 SYSTEMPATH/CodeIgniter.php(933): App\Controllers\CategoryController->editCategoryPost()
10 SYSTEMPATH/CodeIgniter.php(509): CodeIgniter\CodeIgniter->runController(Object(App\Controllers\CategoryController))
11 SYSTEMPATH/CodeIgniter.php(355): CodeIgniter\CodeIgniter->handleRequest(null, Object(Config\Cache), false)
12 SYSTEMPATH/Boot.php(325): CodeIgniter\CodeIgniter->run()
13 SYSTEMPATH/Boot.php(67): CodeIgniter\Boot::runCodeIgniter(Object(CodeIgniter\CodeIgniter))
14 FCPATH/index.php(56): CodeIgniter\Boot::bootWeb(Object(Config\Paths))
CRITICAL - 2024-12-16 10:33:53 --> ErrorException: Uncaught Error: Class "Locale" not found in /home/carttalog/public_html/system/Helpers/number_helper.php:140
Stack trace:
#0 /home/carttalog/public_html/system/Helpers/number_helper.php(58): format_number(18.0, 2, NULL, Array)
#1 /home/carttalog/public_html/system/Debug/BaseExceptionHandler.php(154): number_to_size(18.0, 2)
#2 /home/carttalog/public_html/app/Views/errors/html/error_exception.php(365): CodeIgniter\Debug\BaseExceptionHandler::describeMemory(18874368)
#3 /home/carttalog/public_html/system/Debug/BaseExceptionHandler.php(266): include('/home/carttalog...')
#4 /home/carttalog/public_html/system/Debug/BaseExceptionHandler.php(269): CodeIgniter\Debug\BaseExceptionHandler->CodeIgniter\Debug\{closure}()
#5 /home/carttalog/public_html/system/Debug/ExceptionHandler.php(114): CodeIgniter\Debug\BaseExceptionHandler->render(Object(Intervention\Image\Exception\NotSupportedException), 500, '/home/carttalog...')
#6 /home/carttalog/public_html/system/Debug/Exceptions.php(164): CodeIgniter\Debug\ExceptionHandler->handle(Object(Intervention\Image\Exception\NotSupportedException), Object(CodeIgniter\HTTP\IncomingRequest), Object(CodeIgniter\HTTP\Response), 500, 1)
#7 [internal function]: CodeIgniter\Debug\Exceptions->exceptionHandler(Object(Intervention\Image\Exception\NotSupportedException))
#8 {main}
  thrown
【Previous Exception】
Intervention\Image\Exception\NotSupportedException
Reading Exif data is not supported by this PHP installation.
#0 /home/carttalog/public_html/app/ThirdParty/intervention-image/vendor/intervention/image/src/Intervention/Image/AbstractDriver.php(94): Intervention\Image\Commands\ExifCommand->execute(Object(Intervention\Image\Image))
#1 /home/carttalog/public_html/app/ThirdParty/intervention-image/vendor/intervention/image/src/Intervention/Image/Image.php(108): Intervention\Image\AbstractDriver->executeCommand(Object(Intervention\Image\Image), 'exif', Array)
#2 /home/carttalog/public_html/app/ThirdParty/intervention-image/vendor/intervention/image/src/Intervention/Image/Commands/OrientateCommand.php(15): Intervention\Image\Image->__call('exif', Array)
#3 /home/carttalog/public_html/app/ThirdParty/intervention-image/vendor/intervention/image/src/Intervention/Image/AbstractDriver.php(94): Intervention\Image\Commands\OrientateCommand->execute(Object(Intervention\Image\Image))
#4 /home/carttalog/public_html/app/ThirdParty/intervention-image/vendor/intervention/image/src/Intervention/Image/Image.php(108): Intervention\Image\AbstractDriver->executeCommand(Object(Intervention\Image\Image), 'orientate', Array)
#5 /home/carttalog/public_html/app/Models/UploadModel.php(173): Intervention\Image\Image->__call('orientate', Array)
#6 /home/carttalog/public_html/app/Models/CategoryModel.php(534): App\Models\UploadModel->uploadCategoryImage('uploads/temp/te...')
#7 /home/carttalog/public_html/app/Controllers/CategoryController.php(103): App\Models\CategoryModel->editCategory('26')
#8 /home/carttalog/public_html/system/CodeIgniter.php(933): App\Controllers\CategoryController->editCategoryPost()
#9 /home/carttalog/public_html/system/CodeIgniter.php(509): CodeIgniter\CodeIgniter->runController(Object(App\Controllers\CategoryController))
#10 /home/carttalog/public_html/system/CodeIgniter.php(355): CodeIgniter\CodeIgniter->handleRequest(NULL, Object(Config\Cache), false)
#11 /home/carttalog/public_html/system/Boot.php(325): CodeIgniter\CodeIgniter->run()
#12 /home/carttalog/public_html/system/Boot.php(67): CodeIgniter\Boot::runCodeIgniter(Object(CodeIgniter\CodeIgniter))
#13 /home/carttalog/public_html/index.php(56): CodeIgniter\Boot::bootWeb(Object(Config\Paths))
#14 {main}
[Method: POST, Route: Category/editCategoryPost]
in SYSTEMPATH/Helpers/number_helper.php on line 140.
 1 [internal function]: CodeIgniter\Debug\Exceptions->shutdownHandler()
INFO - 2024-12-16 10:33:58 --> Session: Class initialized using 'CodeIgniter\Session\Handlers\DatabaseHandler' driver.
INFO - 2024-12-16 10:34:01 --> Session: Class initialized using 'CodeIgniter\Session\Handlers\DatabaseHandler' driver.
INFO - 2024-12-16 10:34:03 --> Session: Class initialized using 'CodeIgniter\Session\Handlers\DatabaseHandler' driver.
INFO - 2024-12-16 10:34:03 --> CSRF token verified.
INFO - 2024-12-16 10:34:03 --> Session: Class initialized using 'CodeIgniter\Session\Handlers\DatabaseHandler' driver.
INFO - 2024-12-16 10:35:20 --> Session: Class initialized using 'CodeIgniter\Session\Handlers\DatabaseHandler' driver.
INFO - 2024-12-16 10:35:24 --> Session: Class initialized using 'CodeIgniter\Session\Handlers\DatabaseHandler' driver.
INFO - 2024-12-16 10:35:27 --> Session: Class initialized using 'CodeIgniter\Session\Handlers\DatabaseHandler' driver.
INFO - 2024-12-16 10:35:29 --> Session: Class initialized using 'CodeIgniter\Session\Handlers\DatabaseHandler' driver.
INFO - 2024-12-16 10:35:32 --> Session: Class initialized using 'CodeIgniter\Session\Handlers\DatabaseHandler' driver.
INFO - 2024-12-16 10:35:33 --> Session: Class initialized using 'CodeIgniter\Session\Handlers\DatabaseHandler' driver.
INFO - 2024-12-16 10:35:36 --> Session: Class initialized using 'CodeIgniter\Session\Handlers\DatabaseHandler' driver.
INFO - 2024-12-16 10:35:39 --> Session: Class initialized using 'CodeIgniter\Session\Handlers\DatabaseHandler' driver.
INFO - 2024-12-16 10:35:42 --> Session: Class initialized using 'CodeIgniter\Session\Handlers\DatabaseHandler' driver.
INFO - 2024-12-16 10:35:45 --> Session: Class initialized using 'CodeIgniter\Session\Handlers\DatabaseHandler' driver.
INFO - 2024-12-16 10:35:47 --> Session: Class initialized using 'CodeIgniter\Session\Handlers\DatabaseHandler' driver.
INFO - 2024-12-16 10:35:51 --> Session: Class initialized using 'CodeIgniter\Session\Handlers\DatabaseHandler' driver.
INFO - 2024-12-16 10:35:54 --> Session: Class initialized using 'CodeIgniter\Session\Handlers\DatabaseHandler' driver.
INFO - 2024-12-16 10:35:58 --> Session: Class initialized using 'CodeIgniter\Session\Handlers\DatabaseHandler' driver.
INFO - 2024-12-16 10:36:02 --> Session: Class initialized using 'CodeIgniter\Session\Handlers\DatabaseHandler' driver.
INFO - 2024-12-16 10:36:03 --> Session: Class initialized using 'CodeIgniter\Session\Handlers\DatabaseHandler' driver.
INFO - 2024-12-16 10:36:07 --> Session: Class initialized using 'CodeIgniter\Session\Handlers\DatabaseHandler' driver.
INFO - 2024-12-16 10:36:10 --> Session: Class initialized using 'CodeIgniter\Session\Handlers\DatabaseHandler' driver.
INFO - 2024-12-16 10:36:14 --> Session: Class initialized using 'CodeIgniter\Session\Handlers\DatabaseHandler' driver.
INFO - 2024-12-16 10:36:16 --> Session: Class initialized using 'CodeIgniter\Session\Handlers\DatabaseHandler' driver.
INFO - 2024-12-16 10:36:19 --> Session: Class initialized using 'CodeIgniter\Session\Handlers\DatabaseHandler' driver.
INFO - 2024-12-16 10:36:23 --> Session: Class initialized using 'CodeIgniter\Session\Handlers\DatabaseHandler' driver.
INFO - 2024-12-16 10:36:26 --> Session: Class initialized using 'CodeIgniter\Session\Handlers\DatabaseHandler' driver.
INFO - 2024-12-16 10:36:28 --> Session: Class initialized using 'CodeIgniter\Session\Handlers\DatabaseHandler' driver.
INFO - 2024-12-16 10:36:30 --> Session: Class initialized using 'CodeIgniter\Session\Handlers\DatabaseHandler' driver.
INFO - 2024-12-16 10:36:31 --> Session: Class initialized using 'CodeIgniter\Session\Handlers\DatabaseHandler' driver.
INFO - 2024-12-16 10:36:35 --> Session: Class initialized using 'CodeIgniter\Session\Handlers\DatabaseHandler' driver.
INFO - 2024-12-16 10:36:38 --> Session: Class initialized using 'CodeIgniter\Session\Handlers\DatabaseHandler' driver.
INFO - 2024-12-16 10:36:42 --> Session: Class initialized using 'CodeIgniter\Session\Handlers\DatabaseHandler' driver.
INFO - 2024-12-16 10:36:45 --> Session: Class initialized using 'CodeIgniter\Session\Handlers\DatabaseHandler' driver.
INFO - 2024-12-16 10:36:47 --> Session: Class initialized using 'CodeIgniter\Session\Handlers\DatabaseHandler' driver.
INFO - 2024-12-16 10:36:50 --> Session: Class initialized using 'CodeIgniter\Session\Handlers\DatabaseHandler' driver.
INFO - 2024-12-16 10:36:53 --> Session: Class initialized using 'CodeIgniter\Session\Handlers\DatabaseHandler' driver.
INFO - 2024-12-16 10:36:54 --> Session: Class initialized using 'CodeIgniter\Session\Handlers\DatabaseHandler' driver.
INFO - 2024-12-16 10:36:57 --> Session: Class initialized using 'CodeIgniter\Session\Handlers\DatabaseHandler' driver.
INFO - 2024-12-16 10:37:00 --> Session: Class initialized using 'CodeIgniter\Session\Handlers\DatabaseHandler' driver.
INFO - 2024-12-16 10:37:03 --> Session: Class initialized using 'CodeIgniter\Session\Handlers\DatabaseHandler' driver.
INFO - 2024-12-16 10:37:06 --> Session: Class initialized using 'CodeIgniter\Session\Handlers\DatabaseHandler' driver.
INFO - 2024-12-16 10:37:11 --> Session: Class initialized using 'CodeIgniter\Session\Handlers\DatabaseHandler' driver.
INFO - 2024-12-16 10:37:14 --> Session: Class initialized using 'CodeIgniter\Session\Handlers\DatabaseHandler' driver.
INFO - 2024-12-16 10:37:15 --> Session: Class initialized using 'CodeIgniter\Session\Handlers\DatabaseHandler' driver.
INFO - 2024-12-16 10:37:17 --> Session: Class initialized using 'CodeIgniter\Session\Handlers\DatabaseHandler' driver.
INFO - 2024-12-16 10:37:19 --> Session: Class initialized using 'CodeIgniter\Session\Handlers\DatabaseHandler' driver.
INFO - 2024-12-16 10:37:22 --> Session: Class initialized using 'CodeIgniter\Session\Handlers\DatabaseHandler' driver.
INFO - 2024-12-16 10:37:24 --> Session: Class initialized using 'CodeIgniter\Session\Handlers\DatabaseHandler' driver.
INFO - 2024-12-16 10:37:27 --> Session: Class initialized using 'CodeIgniter\Session\Handlers\DatabaseHandler' driver.
INFO - 2024-12-16 10:37:30 --> Session: Class initialized using 'CodeIgniter\Session\Handlers\DatabaseHandler' driver.
INFO - 2024-12-16 10:37:32 --> Session: Class initialized using 'CodeIgniter\Session\Handlers\DatabaseHandler' driver.
INFO - 2024-12-16 10:37:35 --> Session: Class initialized using 'CodeIgniter\Session\Handlers\DatabaseHandler' driver.
INFO - 2024-12-16 10:37:59 --> Session: Class initialized using 'CodeIgniter\Session\Handlers\DatabaseHandler' driver.
INFO - 2024-12-16 10:38:01 --> Session: Class initialized using 'CodeIgniter\Session\Handlers\DatabaseHandler' driver.
INFO - 2024-12-16 10:38:03 --> Session: Class initialized using 'CodeIgniter\Session\Handlers\DatabaseHandler' driver.
INFO - 2024-12-16 10:38:05 --> Session: Class initialized using 'CodeIgniter\Session\Handlers\DatabaseHandler' driver.
INFO - 2024-12-16 10:38:06 --> Session: Class initialized using 'CodeIgniter\Session\Handlers\DatabaseHandler' driver.
INFO - 2024-12-16 10:38:06 --> CSRF token verified.
INFO - 2024-12-16 10:38:06 --> Session: Class initialized using 'CodeIgniter\Session\Handlers\DatabaseHandler' driver.
INFO - 2024-12-16 10:38:11 --> Session: Class initialized using 'CodeIgniter\Session\Handlers\DatabaseHandler' driver.
INFO - 2024-12-16 10:38:14 --> Session: Class initialized using 'CodeIgniter\Session\Handlers\DatabaseHandler' driver.
INFO - 2024-12-16 10:38:19 --> Session: Class initialized using 'CodeIgniter\Session\Handlers\DatabaseHandler' driver.
INFO - 2024-12-16 10:38:23 --> Session: Class initialized using 'CodeIgniter\Session\Handlers\DatabaseHandler' driver.
INFO - 2024-12-16 10:38:26 --> Session: Class initialized using 'CodeIgniter\Session\Handlers\DatabaseHandler' driver.
INFO - 2024-12-16 10:38:28 --> Session: Class initialized using 'CodeIgniter\Session\Handlers\DatabaseHandler' driver.
INFO - 2024-12-16 10:38:29 --> Session: Class initialized using 'CodeIgniter\Session\Handlers\DatabaseHandler' driver.
INFO - 2024-12-16 10:38:33 --> Session: Class initialized using 'CodeIgniter\Session\Handlers\DatabaseHandler' driver.
INFO - 2024-12-16 10:38:36 --> Session: Class initialized using 'CodeIgniter\Session\Handlers\DatabaseHandler' driver.
INFO - 2024-12-16 10:38:40 --> Session: Class initialized using 'CodeIgniter\Session\Handlers\DatabaseHandler' driver.
INFO - 2024-12-16 10:38:43 --> Session: Class initialized using 'CodeIgniter\Session\Handlers\DatabaseHandler' driver.
INFO - 2024-12-16 10:38:51 --> Session: Class initialized using 'CodeIgniter\Session\Handlers\DatabaseHandler' driver.
INFO - 2024-12-16 10:38:54 --> Session: Class initialized using 'CodeIgniter\Session\Handlers\DatabaseHandler' driver.
INFO - 2024-12-16 10:38:55 --> Session: Class initialized using 'CodeIgniter\Session\Handlers\DatabaseHandler' driver.
INFO - 2024-12-16 10:38:57 --> Session: Class initialized using 'CodeIgniter\Session\Handlers\DatabaseHandler' driver.
INFO - 2024-12-16 10:38:59 --> Session: Class initialized using 'CodeIgniter\Session\Handlers\DatabaseHandler' driver.
INFO - 2024-12-16 10:39:00 --> Session: Class initialized using 'CodeIgniter\Session\Handlers\DatabaseHandler' driver.
INFO - 2024-12-16 10:39:03 --> Session: Class initialized using 'CodeIgniter\Session\Handlers\DatabaseHandler' driver.
INFO - 2024-12-16 10:39:12 --> Session: Class initialized using 'CodeIgniter\Session\Handlers\DatabaseHandler' driver.
INFO - 2024-12-16 10:39:15 --> Session: Class initialized using 'CodeIgniter\Session\Handlers\DatabaseHandler' driver.
INFO - 2024-12-16 10:39:16 --> Session: Class initialized using 'CodeIgniter\Session\Handlers\DatabaseHandler' driver.
INFO - 2024-12-16 10:39:21 --> Session: Class initialized using 'CodeIgniter\Session\Handlers\DatabaseHandler' driver.
INFO - 2024-12-16 10:39:24 --> Session: Class initialized using 'CodeIgniter\Session\Handlers\DatabaseHandler' driver.
INFO - 2024-12-16 10:39:54 --> Session: Class initialized using 'CodeIgniter\Session\Handlers\DatabaseHandler' driver.
INFO - 2024-12-16 10:39:55 --> Session: Class initialized using 'CodeIgniter\Session\Handlers\DatabaseHandler' driver.
INFO - 2024-12-16 10:39:55 --> CSRF token verified.
INFO - 2024-12-16 10:40:07 --> Session: Class initialized using 'CodeIgniter\Session\Handlers\DatabaseHandler' driver.
INFO - 2024-12-16 10:40:07 --> Session: Class initialized using 'CodeIgniter\Session\Handlers\DatabaseHandler' driver.
INFO - 2024-12-16 10:40:07 --> CSRF token verified.
INFO - 2024-12-16 10:40:15 --> Session: Class initialized using 'CodeIgniter\Session\Handlers\DatabaseHandler' driver.
INFO - 2024-12-16 10:40:15 --> CSRF token verified.
CRITICAL - 2024-12-16 10:40:15 --> Intervention\Image\Exception\NotSupportedException: Reading Exif data is not supported by this PHP installation.
[Method: POST, Route: Category/editCategoryPost]
in APPPATH/ThirdParty/intervention-image/vendor/intervention/image/src/Intervention/Image/Commands/ExifCommand.php on line 22.
 1 APPPATH/ThirdParty/intervention-image/vendor/intervention/image/src/Intervention/Image/AbstractDriver.php(94): Intervention\Image\Commands\ExifCommand->execute(Object(Intervention\Image\Image))
 2 APPPATH/ThirdParty/intervention-image/vendor/intervention/image/src/Intervention/Image/Image.php(108): Intervention\Image\AbstractDriver->executeCommand(Object(Intervention\Image\Image), 'exif', [...])
 3 APPPATH/ThirdParty/intervention-image/vendor/intervention/image/src/Intervention/Image/Commands/OrientateCommand.php(15): Intervention\Image\Image->__call('exif', [...])
 4 APPPATH/ThirdParty/intervention-image/vendor/intervention/image/src/Intervention/Image/AbstractDriver.php(94): Intervention\Image\Commands\OrientateCommand->execute(Object(Intervention\Image\Image))
 5 APPPATH/ThirdParty/intervention-image/vendor/intervention/image/src/Intervention/Image/Image.php(108): Intervention\Image\AbstractDriver->executeCommand(Object(Intervention\Image\Image), 'orientate', [])
 6 APPPATH/Models/UploadModel.php(173): Intervention\Image\Image->__call('orientate', [])
 7 APPPATH/Models/CategoryModel.php(534): App\Models\UploadModel->uploadCategoryImage('uploads/temp/temp_6760038f5f83e0-74722503.jpg')
 8 APPPATH/Controllers/CategoryController.php(103): App\Models\CategoryModel->editCategory('26')
 9 SYSTEMPATH/CodeIgniter.php(933): App\Controllers\CategoryController->editCategoryPost()
10 SYSTEMPATH/CodeIgniter.php(509): CodeIgniter\CodeIgniter->runController(Object(App\Controllers\CategoryController))
11 SYSTEMPATH/CodeIgniter.php(355): CodeIgniter\CodeIgniter->handleRequest(null, Object(Config\Cache), false)
12 SYSTEMPATH/Boot.php(325): CodeIgniter\CodeIgniter->run()
13 SYSTEMPATH/Boot.php(67): CodeIgniter\Boot::runCodeIgniter(Object(CodeIgniter\CodeIgniter))
14 FCPATH/index.php(56): CodeIgniter\Boot::bootWeb(Object(Config\Paths))
CRITICAL - 2024-12-16 10:40:15 --> ErrorException: Uncaught Error: Class "Locale" not found in /home/carttalog/public_html/system/Helpers/number_helper.php:140
Stack trace:
#0 /home/carttalog/public_html/system/Helpers/number_helper.php(58): format_number(18.0, 2, NULL, Array)
#1 /home/carttalog/public_html/system/Debug/BaseExceptionHandler.php(154): number_to_size(18.0, 2)
#2 /home/carttalog/public_html/app/Views/errors/html/error_exception.php(365): CodeIgniter\Debug\BaseExceptionHandler::describeMemory(18874368)
#3 /home/carttalog/public_html/system/Debug/BaseExceptionHandler.php(266): include('/home/carttalog...')
#4 /home/carttalog/public_html/system/Debug/BaseExceptionHandler.php(269): CodeIgniter\Debug\BaseExceptionHandler->CodeIgniter\Debug\{closure}()
#5 /home/carttalog/public_html/system/Debug/ExceptionHandler.php(114): CodeIgniter\Debug\BaseExceptionHandler->render(Object(Intervention\Image\Exception\NotSupportedException), 500, '/home/carttalog...')
#6 /home/carttalog/public_html/system/Debug/Exceptions.php(164): CodeIgniter\Debug\ExceptionHandler->handle(Object(Intervention\Image\Exception\NotSupportedException), Object(CodeIgniter\HTTP\IncomingRequest), Object(CodeIgniter\HTTP\Response), 500, 1)
#7 [internal function]: CodeIgniter\Debug\Exceptions->exceptionHandler(Object(Intervention\Image\Exception\NotSupportedException))
#8 {main}
  thrown
【Previous Exception】
Intervention\Image\Exception\NotSupportedException
Reading Exif data is not supported by this PHP installation.
#0 /home/carttalog/public_html/app/ThirdParty/intervention-image/vendor/intervention/image/src/Intervention/Image/AbstractDriver.php(94): Intervention\Image\Commands\ExifCommand->execute(Object(Intervention\Image\Image))
#1 /home/carttalog/public_html/app/ThirdParty/intervention-image/vendor/intervention/image/src/Intervention/Image/Image.php(108): Intervention\Image\AbstractDriver->executeCommand(Object(Intervention\Image\Image), 'exif', Array)
#2 /home/carttalog/public_html/app/ThirdParty/intervention-image/vendor/intervention/image/src/Intervention/Image/Commands/OrientateCommand.php(15): Intervention\Image\Image->__call('exif', Array)
#3 /home/carttalog/public_html/app/ThirdParty/intervention-image/vendor/intervention/image/src/Intervention/Image/AbstractDriver.php(94): Intervention\Image\Commands\OrientateCommand->execute(Object(Intervention\Image\Image))
#4 /home/carttalog/public_html/app/ThirdParty/intervention-image/vendor/intervention/image/src/Intervention/Image/Image.php(108): Intervention\Image\AbstractDriver->executeCommand(Object(Intervention\Image\Image), 'orientate', Array)
#5 /home/carttalog/public_html/app/Models/UploadModel.php(173): Intervention\Image\Image->__call('orientate', Array)
#6 /home/carttalog/public_html/app/Models/CategoryModel.php(534): App\Models\UploadModel->uploadCategoryImage('uploads/temp/te...')
#7 /home/carttalog/public_html/app/Controllers/CategoryController.php(103): App\Models\CategoryModel->editCategory('26')
#8 /home/carttalog/public_html/system/CodeIgniter.php(933): App\Controllers\CategoryController->editCategoryPost()
#9 /home/carttalog/public_html/system/CodeIgniter.php(509): CodeIgniter\CodeIgniter->runController(Object(App\Controllers\CategoryController))
#10 /home/carttalog/public_html/system/CodeIgniter.php(355): CodeIgniter\CodeIgniter->handleRequest(NULL, Object(Config\Cache), false)
#11 /home/carttalog/public_html/system/Boot.php(325): CodeIgniter\CodeIgniter->run()
#12 /home/carttalog/public_html/system/Boot.php(67): CodeIgniter\Boot::runCodeIgniter(Object(CodeIgniter\CodeIgniter))
#13 /home/carttalog/public_html/index.php(56): CodeIgniter\Boot::bootWeb(Object(Config\Paths))
#14 {main}
[Method: POST, Route: Category/editCategoryPost]
in SYSTEMPATH/Helpers/number_helper.php on line 140.
 1 [internal function]: CodeIgniter\Debug\Exceptions->shutdownHandler()
INFO - 2024-12-16 10:44:44 --> Session: Class initialized using 'CodeIgniter\Session\Handlers\DatabaseHandler' driver.
INFO - 2024-12-16 10:44:44 --> CSRF token verified.
INFO - 2024-12-16 10:48:01 --> Session: Class initialized using 'CodeIgniter\Session\Handlers\DatabaseHandler' driver.
INFO - 2024-12-16 10:48:01 --> CSRF token verified.
CRITICAL - 2024-12-16 10:48:02 --> Intervention\Image\Exception\NotSupportedException: Reading Exif data is not supported by this PHP installation.
[Method: POST, Route: Category/editCategoryPost]
in APPPATH/ThirdParty/intervention-image/vendor/intervention/image/src/Intervention/Image/Commands/ExifCommand.php on line 22.
 1 APPPATH/ThirdParty/intervention-image/vendor/intervention/image/src/Intervention/Image/AbstractDriver.php(94): Intervention\Image\Commands\ExifCommand->execute(Object(Intervention\Image\Image))
 2 APPPATH/ThirdParty/intervention-image/vendor/intervention/image/src/Intervention/Image/Image.php(108): Intervention\Image\AbstractDriver->executeCommand(Object(Intervention\Image\Image), 'exif', [...])
 3 APPPATH/ThirdParty/intervention-image/vendor/intervention/image/src/Intervention/Image/Commands/OrientateCommand.php(15): Intervention\Image\Image->__call('exif', [...])
 4 APPPATH/ThirdParty/intervention-image/vendor/intervention/image/src/Intervention/Image/AbstractDriver.php(94): Intervention\Image\Commands\OrientateCommand->execute(Object(Intervention\Image\Image))
 5 APPPATH/ThirdParty/intervention-image/vendor/intervention/image/src/Intervention/Image/Image.php(108): Intervention\Image\AbstractDriver->executeCommand(Object(Intervention\Image\Image), 'orientate', [])
 6 APPPATH/Models/UploadModel.php(173): Intervention\Image\Image->__call('orientate', [])
 7 APPPATH/Models/CategoryModel.php(534): App\Models\UploadModel->uploadCategoryImage('uploads/temp/temp_67600561f22a97-83040217.jpg')
 8 APPPATH/Controllers/CategoryController.php(103): App\Models\CategoryModel->editCategory('26')
 9 SYSTEMPATH/CodeIgniter.php(933): App\Controllers\CategoryController->editCategoryPost()
10 SYSTEMPATH/CodeIgniter.php(509): CodeIgniter\CodeIgniter->runController(Object(App\Controllers\CategoryController))
11 SYSTEMPATH/CodeIgniter.php(355): CodeIgniter\CodeIgniter->handleRequest(null, Object(Config\Cache), false)
12 SYSTEMPATH/Boot.php(325): CodeIgniter\CodeIgniter->run()
13 SYSTEMPATH/Boot.php(67): CodeIgniter\Boot::runCodeIgniter(Object(CodeIgniter\CodeIgniter))
14 FCPATH/index.php(56): CodeIgniter\Boot::bootWeb(Object(Config\Paths))
CRITICAL - 2024-12-16 10:48:02 --> ErrorException: Uncaught Error: Class "Locale" not found in /home/carttalog/public_html/system/Helpers/number_helper.php:140
Stack trace:
#0 /home/carttalog/public_html/system/Helpers/number_helper.php(58): format_number(18.0, 2, NULL, Array)
#1 /home/carttalog/public_html/system/Debug/BaseExceptionHandler.php(154): number_to_size(18.0, 2)
#2 /home/carttalog/public_html/app/Views/errors/html/error_exception.php(365): CodeIgniter\Debug\BaseExceptionHandler::describeMemory(18874368)
#3 /home/carttalog/public_html/system/Debug/BaseExceptionHandler.php(266): include('/home/carttalog...')
#4 /home/carttalog/public_html/system/Debug/BaseExceptionHandler.php(269): CodeIgniter\Debug\BaseExceptionHandler->CodeIgniter\Debug\{closure}()
#5 /home/carttalog/public_html/system/Debug/ExceptionHandler.php(114): CodeIgniter\Debug\BaseExceptionHandler->render(Object(Intervention\Image\Exception\NotSupportedException), 500, '/home/carttalog...')
#6 /home/carttalog/public_html/system/Debug/Exceptions.php(164): CodeIgniter\Debug\ExceptionHandler->handle(Object(Intervention\Image\Exception\NotSupportedException), Object(CodeIgniter\HTTP\IncomingRequest), Object(CodeIgniter\HTTP\Response), 500, 1)
#7 [internal function]: CodeIgniter\Debug\Exceptions->exceptionHandler(Object(Intervention\Image\Exception\NotSupportedException))
#8 {main}
  thrown
【Previous Exception】
Intervention\Image\Exception\NotSupportedException
Reading Exif data is not supported by this PHP installation.
#0 /home/carttalog/public_html/app/ThirdParty/intervention-image/vendor/intervention/image/src/Intervention/Image/AbstractDriver.php(94): Intervention\Image\Commands\ExifCommand->execute(Object(Intervention\Image\Image))
#1 /home/carttalog/public_html/app/ThirdParty/intervention-image/vendor/intervention/image/src/Intervention/Image/Image.php(108): Intervention\Image\AbstractDriver->executeCommand(Object(Intervention\Image\Image), 'exif', Array)
#2 /home/carttalog/public_html/app/ThirdParty/intervention-image/vendor/intervention/image/src/Intervention/Image/Commands/OrientateCommand.php(15): Intervention\Image\Image->__call('exif', Array)
#3 /home/carttalog/public_html/app/ThirdParty/intervention-image/vendor/intervention/image/src/Intervention/Image/AbstractDriver.php(94): Intervention\Image\Commands\OrientateCommand->execute(Object(Intervention\Image\Image))
#4 /home/carttalog/public_html/app/ThirdParty/intervention-image/vendor/intervention/image/src/Intervention/Image/Image.php(108): Intervention\Image\AbstractDriver->executeCommand(Object(Intervention\Image\Image), 'orientate', Array)
#5 /home/carttalog/public_html/app/Models/UploadModel.php(173): Intervention\Image\Image->__call('orientate', Array)
#6 /home/carttalog/public_html/app/Models/CategoryModel.php(534): App\Models\UploadModel->uploadCategoryImage('uploads/temp/te...')
#7 /home/carttalog/public_html/app/Controllers/CategoryController.php(103): App\Models\CategoryModel->editCategory('26')
#8 /home/carttalog/public_html/system/CodeIgniter.php(933): App\Controllers\CategoryController->editCategoryPost()
#9 /home/carttalog/public_html/system/CodeIgniter.php(509): CodeIgniter\CodeIgniter->runController(Object(App\Controllers\CategoryController))
#10 /home/carttalog/public_html/system/CodeIgniter.php(355): CodeIgniter\CodeIgniter->handleRequest(NULL, Object(Config\Cache), false)
#11 /home/carttalog/public_html/system/Boot.php(325): CodeIgniter\CodeIgniter->run()
#12 /home/carttalog/public_html/system/Boot.php(67): CodeIgniter\Boot::runCodeIgniter(Object(CodeIgniter\CodeIgniter))
#13 /home/carttalog/public_html/index.php(56): CodeIgniter\Boot::bootWeb(Object(Config\Paths))
#14 {main}
[Method: POST, Route: Category/editCategoryPost]
in SYSTEMPATH/Helpers/number_helper.php on line 140.
 1 [internal function]: CodeIgniter\Debug\Exceptions->shutdownHandler()
INFO - 2024-12-16 10:48:10 --> Session: Class initialized using 'CodeIgniter\Session\Handlers\DatabaseHandler' driver.
INFO - 2024-12-16 10:48:10 --> Session: Class initialized using 'CodeIgniter\Session\Handlers\DatabaseHandler' driver.
INFO - 2024-12-16 10:48:10 --> CSRF token verified.
INFO - 2024-12-16 10:48:13 --> Session: Class initialized using 'CodeIgniter\Session\Handlers\DatabaseHandler' driver.
INFO - 2024-12-16 10:48:14 --> Session: Class initialized using 'CodeIgniter\Session\Handlers\DatabaseHandler' driver.
INFO - 2024-12-16 10:48:14 --> CSRF token verified.
INFO - 2024-12-16 10:48:24 --> Session: Class initialized using 'CodeIgniter\Session\Handlers\DatabaseHandler' driver.
INFO - 2024-12-16 10:48:24 --> CSRF token verified.
CRITICAL - 2024-12-16 10:48:24 --> Intervention\Image\Exception\NotSupportedException: Reading Exif data is not supported by this PHP installation.
[Method: POST, Route: Category/editCategoryPost]
in APPPATH/ThirdParty/intervention-image/vendor/intervention/image/src/Intervention/Image/Commands/ExifCommand.php on line 22.
 1 APPPATH/ThirdParty/intervention-image/vendor/intervention/image/src/Intervention/Image/AbstractDriver.php(94): Intervention\Image\Commands\ExifCommand->execute(Object(Intervention\Image\Image))
 2 APPPATH/ThirdParty/intervention-image/vendor/intervention/image/src/Intervention/Image/Image.php(108): Intervention\Image\AbstractDriver->executeCommand(Object(Intervention\Image\Image), 'exif', [...])
 3 APPPATH/ThirdParty/intervention-image/vendor/intervention/image/src/Intervention/Image/Commands/OrientateCommand.php(15): Intervention\Image\Image->__call('exif', [...])
 4 APPPATH/ThirdParty/intervention-image/vendor/intervention/image/src/Intervention/Image/AbstractDriver.php(94): Intervention\Image\Commands\OrientateCommand->execute(Object(Intervention\Image\Image))
 5 APPPATH/ThirdParty/intervention-image/vendor/intervention/image/src/Intervention/Image/Image.php(108): Intervention\Image\AbstractDriver->executeCommand(Object(Intervention\Image\Image), 'orientate', [])
 6 APPPATH/Models/UploadModel.php(173): Intervention\Image\Image->__call('orientate', [])
 7 APPPATH/Models/CategoryModel.php(534): App\Models\UploadModel->uploadCategoryImage('uploads/temp/temp_6760057874a813-01741767.jpg')
 8 APPPATH/Controllers/CategoryController.php(103): App\Models\CategoryModel->editCategory('26')
 9 SYSTEMPATH/CodeIgniter.php(933): App\Controllers\CategoryController->editCategoryPost()
10 SYSTEMPATH/CodeIgniter.php(509): CodeIgniter\CodeIgniter->runController(Object(App\Controllers\CategoryController))
11 SYSTEMPATH/CodeIgniter.php(355): CodeIgniter\CodeIgniter->handleRequest(null, Object(Config\Cache), false)
12 SYSTEMPATH/Boot.php(325): CodeIgniter\CodeIgniter->run()
13 SYSTEMPATH/Boot.php(67): CodeIgniter\Boot::runCodeIgniter(Object(CodeIgniter\CodeIgniter))
14 FCPATH/index.php(56): CodeIgniter\Boot::bootWeb(Object(Config\Paths))
CRITICAL - 2024-12-16 10:48:24 --> ErrorException: Uncaught Error: Class "Locale" not found in /home/carttalog/public_html/system/Helpers/number_helper.php:140
Stack trace:
#0 /home/carttalog/public_html/system/Helpers/number_helper.php(58): format_number(18.0, 2, NULL, Array)
#1 /home/carttalog/public_html/system/Debug/BaseExceptionHandler.php(154): number_to_size(18.0, 2)
#2 /home/carttalog/public_html/app/Views/errors/html/error_exception.php(365): CodeIgniter\Debug\BaseExceptionHandler::describeMemory(18874368)
#3 /home/carttalog/public_html/system/Debug/BaseExceptionHandler.php(266): include('/home/carttalog...')
#4 /home/carttalog/public_html/system/Debug/BaseExceptionHandler.php(269): CodeIgniter\Debug\BaseExceptionHandler->CodeIgniter\Debug\{closure}()
#5 /home/carttalog/public_html/system/Debug/ExceptionHandler.php(114): CodeIgniter\Debug\BaseExceptionHandler->render(Object(Intervention\Image\Exception\NotSupportedException), 500, '/home/carttalog...')
#6 /home/carttalog/public_html/system/Debug/Exceptions.php(164): CodeIgniter\Debug\ExceptionHandler->handle(Object(Intervention\Image\Exception\NotSupportedException), Object(CodeIgniter\HTTP\IncomingRequest), Object(CodeIgniter\HTTP\Response), 500, 1)
#7 [internal function]: CodeIgniter\Debug\Exceptions->exceptionHandler(Object(Intervention\Image\Exception\NotSupportedException))
#8 {main}
  thrown
【Previous Exception】
Intervention\Image\Exception\NotSupportedException
Reading Exif data is not supported by this PHP installation.
#0 /home/carttalog/public_html/app/ThirdParty/intervention-image/vendor/intervention/image/src/Intervention/Image/AbstractDriver.php(94): Intervention\Image\Commands\ExifCommand->execute(Object(Intervention\Image\Image))
#1 /home/carttalog/public_html/app/ThirdParty/intervention-image/vendor/intervention/image/src/Intervention/Image/Image.php(108): Intervention\Image\AbstractDriver->executeCommand(Object(Intervention\Image\Image), 'exif', Array)
#2 /home/carttalog/public_html/app/ThirdParty/intervention-image/vendor/intervention/image/src/Intervention/Image/Commands/OrientateCommand.php(15): Intervention\Image\Image->__call('exif', Array)
#3 /home/carttalog/public_html/app/ThirdParty/intervention-image/vendor/intervention/image/src/Intervention/Image/AbstractDriver.php(94): Intervention\Image\Commands\OrientateCommand->execute(Object(Intervention\Image\Image))
#4 /home/carttalog/public_html/app/ThirdParty/intervention-image/vendor/intervention/image/src/Intervention/Image/Image.php(108): Intervention\Image\AbstractDriver->executeCommand(Object(Intervention\Image\Image), 'orientate', Array)
#5 /home/carttalog/public_html/app/Models/UploadModel.php(173): Intervention\Image\Image->__call('orientate', Array)
#6 /home/carttalog/public_html/app/Models/CategoryModel.php(534): App\Models\UploadModel->uploadCategoryImage('uploads/temp/te...')
#7 /home/carttalog/public_html/app/Controllers/CategoryController.php(103): App\Models\CategoryModel->editCategory('26')
#8 /home/carttalog/public_html/system/CodeIgniter.php(933): App\Controllers\CategoryController->editCategoryPost()
#9 /home/carttalog/public_html/system/CodeIgniter.php(509): CodeIgniter\CodeIgniter->runController(Object(App\Controllers\CategoryController))
#10 /home/carttalog/public_html/system/CodeIgniter.php(355): CodeIgniter\CodeIgniter->handleRequest(NULL, Object(Config\Cache), false)
#11 /home/carttalog/public_html/system/Boot.php(325): CodeIgniter\CodeIgniter->run()
#12 /home/carttalog/public_html/system/Boot.php(67): CodeIgniter\Boot::runCodeIgniter(Object(CodeIgniter\CodeIgniter))
#13 /home/carttalog/public_html/index.php(56): CodeIgniter\Boot::bootWeb(Object(Config\Paths))
#14 {main}
[Method: POST, Route: Category/editCategoryPost]
in SYSTEMPATH/Helpers/number_helper.php on line 140.
 1 [internal function]: CodeIgniter\Debug\Exceptions->shutdownHandler()
INFO - 2024-12-16 10:49:02 --> Session: Class initialized using 'CodeIgniter\Session\Handlers\DatabaseHandler' driver.
INFO - 2024-12-16 10:49:18 --> Session: Class initialized using 'CodeIgniter\Session\Handlers\DatabaseHandler' driver.
INFO - 2024-12-16 10:49:18 --> CSRF token verified.
INFO - 2024-12-16 10:49:44 --> Session: Class initialized using 'CodeIgniter\Session\Handlers\DatabaseHandler' driver.
INFO - 2024-12-16 10:50:04 --> Session: Class initialized using 'CodeIgniter\Session\Handlers\DatabaseHandler' driver.
INFO - 2024-12-16 10:50:04 --> CSRF token verified.
INFO - 2024-12-16 10:54:18 --> Session: Class initialized using 'CodeIgniter\Session\Handlers\DatabaseHandler' driver.
INFO - 2024-12-16 11:00:02 --> Session: Class initialized using 'CodeIgniter\Session\Handlers\DatabaseHandler' driver.
INFO - 2024-12-16 11:00:02 --> CSRF token verified.
CRITICAL - 2024-12-16 11:00:02 --> Intervention\Image\Exception\NotSupportedException: Reading Exif data is not supported by this PHP installation.
[Method: POST, Route: Category/editCategoryPost]
in APPPATH/ThirdParty/intervention-image/vendor/intervention/image/src/Intervention/Image/Commands/ExifCommand.php on line 22.
 1 APPPATH/ThirdParty/intervention-image/vendor/intervention/image/src/Intervention/Image/AbstractDriver.php(94): Intervention\Image\Commands\ExifCommand->execute(Object(Intervention\Image\Image))
 2 APPPATH/ThirdParty/intervention-image/vendor/intervention/image/src/Intervention/Image/Image.php(108): Intervention\Image\AbstractDriver->executeCommand(Object(Intervention\Image\Image), 'exif', [...])
 3 APPPATH/ThirdParty/intervention-image/vendor/intervention/image/src/Intervention/Image/Commands/OrientateCommand.php(15): Intervention\Image\Image->__call('exif', [...])
 4 APPPATH/ThirdParty/intervention-image/vendor/intervention/image/src/Intervention/Image/AbstractDriver.php(94): Intervention\Image\Commands\OrientateCommand->execute(Object(Intervention\Image\Image))
 5 APPPATH/ThirdParty/intervention-image/vendor/intervention/image/src/Intervention/Image/Image.php(108): Intervention\Image\AbstractDriver->executeCommand(Object(Intervention\Image\Image), 'orientate', [])
 6 APPPATH/Models/UploadModel.php(173): Intervention\Image\Image->__call('orientate', [])
 7 APPPATH/Models/CategoryModel.php(534): App\Models\UploadModel->uploadCategoryImage('uploads/temp/temp_67600832977ea6-98054291.jpg')
 8 APPPATH/Controllers/CategoryController.php(103): App\Models\CategoryModel->editCategory('26')
 9 SYSTEMPATH/CodeIgniter.php(933): App\Controllers\CategoryController->editCategoryPost()
10 SYSTEMPATH/CodeIgniter.php(509): CodeIgniter\CodeIgniter->runController(Object(App\Controllers\CategoryController))
11 SYSTEMPATH/CodeIgniter.php(355): CodeIgniter\CodeIgniter->handleRequest(null, Object(Config\Cache), false)
12 SYSTEMPATH/Boot.php(325): CodeIgniter\CodeIgniter->run()
13 SYSTEMPATH/Boot.php(67): CodeIgniter\Boot::runCodeIgniter(Object(CodeIgniter\CodeIgniter))
14 FCPATH/index.php(56): CodeIgniter\Boot::bootWeb(Object(Config\Paths))
CRITICAL - 2024-12-16 11:00:02 --> ErrorException: Uncaught Error: Class "Locale" not found in /home/carttalog/public_html/system/Helpers/number_helper.php:140
Stack trace:
#0 /home/carttalog/public_html/system/Helpers/number_helper.php(58): format_number(18.0, 2, NULL, Array)
#1 /home/carttalog/public_html/system/Debug/BaseExceptionHandler.php(154): number_to_size(18.0, 2)
#2 /home/carttalog/public_html/app/Views/errors/html/error_exception.php(365): CodeIgniter\Debug\BaseExceptionHandler::describeMemory(18874368)
#3 /home/carttalog/public_html/system/Debug/BaseExceptionHandler.php(266): include('/home/carttalog...')
#4 /home/carttalog/public_html/system/Debug/BaseExceptionHandler.php(269): CodeIgniter\Debug\BaseExceptionHandler->CodeIgniter\Debug\{closure}()
#5 /home/carttalog/public_html/system/Debug/ExceptionHandler.php(114): CodeIgniter\Debug\BaseExceptionHandler->render(Object(Intervention\Image\Exception\NotSupportedException), 500, '/home/carttalog...')
#6 /home/carttalog/public_html/system/Debug/Exceptions.php(164): CodeIgniter\Debug\ExceptionHandler->handle(Object(Intervention\Image\Exception\NotSupportedException), Object(CodeIgniter\HTTP\IncomingRequest), Object(CodeIgniter\HTTP\Response), 500, 1)
#7 [internal function]: CodeIgniter\Debug\Exceptions->exceptionHandler(Object(Intervention\Image\Exception\NotSupportedException))
#8 {main}
  thrown
【Previous Exception】
Intervention\Image\Exception\NotSupportedException
Reading Exif data is not supported by this PHP installation.
#0 /home/carttalog/public_html/app/ThirdParty/intervention-image/vendor/intervention/image/src/Intervention/Image/AbstractDriver.php(94): Intervention\Image\Commands\ExifCommand->execute(Object(Intervention\Image\Image))
#1 /home/carttalog/public_html/app/ThirdParty/intervention-image/vendor/intervention/image/src/Intervention/Image/Image.php(108): Intervention\Image\AbstractDriver->executeCommand(Object(Intervention\Image\Image), 'exif', Array)
#2 /home/carttalog/public_html/app/ThirdParty/intervention-image/vendor/intervention/image/src/Intervention/Image/Commands/OrientateCommand.php(15): Intervention\Image\Image->__call('exif', Array)
#3 /home/carttalog/public_html/app/ThirdParty/intervention-image/vendor/intervention/image/src/Intervention/Image/AbstractDriver.php(94): Intervention\Image\Commands\OrientateCommand->execute(Object(Intervention\Image\Image))
#4 /home/carttalog/public_html/app/ThirdParty/intervention-image/vendor/intervention/image/src/Intervention/Image/Image.php(108): Intervention\Image\AbstractDriver->executeCommand(Object(Intervention\Image\Image), 'orientate', Array)
#5 /home/carttalog/public_html/app/Models/UploadModel.php(173): Intervention\Image\Image->__call('orientate', Array)
#6 /home/carttalog/public_html/app/Models/CategoryModel.php(534): App\Models\UploadModel->uploadCategoryImage('uploads/temp/te...')
#7 /home/carttalog/public_html/app/Controllers/CategoryController.php(103): App\Models\CategoryModel->editCategory('26')
#8 /home/carttalog/public_html/system/CodeIgniter.php(933): App\Controllers\CategoryController->editCategoryPost()
#9 /home/carttalog/public_html/system/CodeIgniter.php(509): CodeIgniter\CodeIgniter->runController(Object(App\Controllers\CategoryController))
#10 /home/carttalog/public_html/system/CodeIgniter.php(355): CodeIgniter\CodeIgniter->handleRequest(NULL, Object(Config\Cache), false)
#11 /home/carttalog/public_html/system/Boot.php(325): CodeIgniter\CodeIgniter->run()
#12 /home/carttalog/public_html/system/Boot.php(67): CodeIgniter\Boot::runCodeIgniter(Object(CodeIgniter\CodeIgniter))
#13 /home/carttalog/public_html/index.php(56): CodeIgniter\Boot::bootWeb(Object(Config\Paths))
#14 {main}
[Method: POST, Route: Category/editCategoryPost]
in SYSTEMPATH/Helpers/number_helper.php on line 140.
 1 [internal function]: CodeIgniter\Debug\Exceptions->shutdownHandler()
INFO - 2024-12-16 11:03:22 --> Session: Class initialized using 'CodeIgniter\Session\Handlers\DatabaseHandler' driver.
INFO - 2024-12-16 11:03:22 --> Session: Class initialized using 'CodeIgniter\Session\Handlers\DatabaseHandler' driver.
INFO - 2024-12-16 11:03:22 --> CSRF token verified.
INFO - 2024-12-16 11:03:46 --> Session: Class initialized using 'CodeIgniter\Session\Handlers\DatabaseHandler' driver.
INFO - 2024-12-16 11:03:46 --> CSRF token verified.
CRITICAL - 2024-12-16 11:03:46 --> Intervention\Image\Exception\NotSupportedException: Reading Exif data is not supported by this PHP installation.
[Method: POST, Route: Category/editCategoryPost]
in APPPATH/ThirdParty/intervention-image/vendor/intervention/image/src/Intervention/Image/Commands/ExifCommand.php on line 22.
 1 APPPATH/ThirdParty/intervention-image/vendor/intervention/image/src/Intervention/Image/AbstractDriver.php(94): Intervention\Image\Commands\ExifCommand->execute(Object(Intervention\Image\Image))
 2 APPPATH/ThirdParty/intervention-image/vendor/intervention/image/src/Intervention/Image/Image.php(108): Intervention\Image\AbstractDriver->executeCommand(Object(Intervention\Image\Image), 'exif', [...])
 3 APPPATH/ThirdParty/intervention-image/vendor/intervention/image/src/Intervention/Image/Commands/OrientateCommand.php(15): Intervention\Image\Image->__call('exif', [...])
 4 APPPATH/ThirdParty/intervention-image/vendor/intervention/image/src/Intervention/Image/AbstractDriver.php(94): Intervention\Image\Commands\OrientateCommand->execute(Object(Intervention\Image\Image))
 5 APPPATH/ThirdParty/intervention-image/vendor/intervention/image/src/Intervention/Image/Image.php(108): Intervention\Image\AbstractDriver->executeCommand(Object(Intervention\Image\Image), 'orientate', [])
 6 APPPATH/Models/UploadModel.php(173): Intervention\Image\Image->__call('orientate', [])
 7 APPPATH/Models/CategoryModel.php(534): App\Models\UploadModel->uploadCategoryImage('uploads/temp/temp_67600912970819-38590192.jpg')
 8 APPPATH/Controllers/CategoryController.php(103): App\Models\CategoryModel->editCategory('26')
 9 SYSTEMPATH/CodeIgniter.php(933): App\Controllers\CategoryController->editCategoryPost()
10 SYSTEMPATH/CodeIgniter.php(509): CodeIgniter\CodeIgniter->runController(Object(App\Controllers\CategoryController))
11 SYSTEMPATH/CodeIgniter.php(355): CodeIgniter\CodeIgniter->handleRequest(null, Object(Config\Cache), false)
12 SYSTEMPATH/Boot.php(325): CodeIgniter\CodeIgniter->run()
13 SYSTEMPATH/Boot.php(67): CodeIgniter\Boot::runCodeIgniter(Object(CodeIgniter\CodeIgniter))
14 FCPATH/index.php(56): CodeIgniter\Boot::bootWeb(Object(Config\Paths))
CRITICAL - 2024-12-16 11:03:46 --> ErrorException: Uncaught Error: Class "Locale" not found in /home/carttalog/public_html/system/Helpers/number_helper.php:140
Stack trace:
#0 /home/carttalog/public_html/system/Helpers/number_helper.php(58): format_number(18.0, 2, NULL, Array)
#1 /home/carttalog/public_html/system/Debug/BaseExceptionHandler.php(154): number_to_size(18.0, 2)
#2 /home/carttalog/public_html/app/Views/errors/html/error_exception.php(365): CodeIgniter\Debug\BaseExceptionHandler::describeMemory(18874368)
#3 /home/carttalog/public_html/system/Debug/BaseExceptionHandler.php(266): include('/home/carttalog...')
#4 /home/carttalog/public_html/system/Debug/BaseExceptionHandler.php(269): CodeIgniter\Debug\BaseExceptionHandler->CodeIgniter\Debug\{closure}()
#5 /home/carttalog/public_html/system/Debug/ExceptionHandler.php(114): CodeIgniter\Debug\BaseExceptionHandler->render(Object(Intervention\Image\Exception\NotSupportedException), 500, '/home/carttalog...')
#6 /home/carttalog/public_html/system/Debug/Exceptions.php(164): CodeIgniter\Debug\ExceptionHandler->handle(Object(Intervention\Image\Exception\NotSupportedException), Object(CodeIgniter\HTTP\IncomingRequest), Object(CodeIgniter\HTTP\Response), 500, 1)
#7 [internal function]: CodeIgniter\Debug\Exceptions->exceptionHandler(Object(Intervention\Image\Exception\NotSupportedException))
#8 {main}
  thrown
【Previous Exception】
Intervention\Image\Exception\NotSupportedException
Reading Exif data is not supported by this PHP installation.
#0 /home/carttalog/public_html/app/ThirdParty/intervention-image/vendor/intervention/image/src/Intervention/Image/AbstractDriver.php(94): Intervention\Image\Commands\ExifCommand->execute(Object(Intervention\Image\Image))
#1 /home/carttalog/public_html/app/ThirdParty/intervention-image/vendor/intervention/image/src/Intervention/Image/Image.php(108): Intervention\Image\AbstractDriver->executeCommand(Object(Intervention\Image\Image), 'exif', Array)
#2 /home/carttalog/public_html/app/ThirdParty/intervention-image/vendor/intervention/image/src/Intervention/Image/Commands/OrientateCommand.php(15): Intervention\Image\Image->__call('exif', Array)
#3 /home/carttalog/public_html/app/ThirdParty/intervention-image/vendor/intervention/image/src/Intervention/Image/AbstractDriver.php(94): Intervention\Image\Commands\OrientateCommand->execute(Object(Intervention\Image\Image))
#4 /home/carttalog/public_html/app/ThirdParty/intervention-image/vendor/intervention/image/src/Intervention/Image/Image.php(108): Intervention\Image\AbstractDriver->executeCommand(Object(Intervention\Image\Image), 'orientate', Array)
#5 /home/carttalog/public_html/app/Models/UploadModel.php(173): Intervention\Image\Image->__call('orientate', Array)
#6 /home/carttalog/public_html/app/Models/CategoryModel.php(534): App\Models\UploadModel->uploadCategoryImage('uploads/temp/te...')
#7 /home/carttalog/public_html/app/Controllers/CategoryController.php(103): App\Models\CategoryModel->editCategory('26')
#8 /home/carttalog/public_html/system/CodeIgniter.php(933): App\Controllers\CategoryController->editCategoryPost()
#9 /home/carttalog/public_html/system/CodeIgniter.php(509): CodeIgniter\CodeIgniter->runController(Object(App\Controllers\CategoryController))
#10 /home/carttalog/public_html/system/CodeIgniter.php(355): CodeIgniter\CodeIgniter->handleRequest(NULL, Object(Config\Cache), false)
#11 /home/carttalog/public_html/system/Boot.php(325): CodeIgniter\CodeIgniter->run()
#12 /home/carttalog/public_html/system/Boot.php(67): CodeIgniter\Boot::runCodeIgniter(Object(CodeIgniter\CodeIgniter))
#13 /home/carttalog/public_html/index.php(56): CodeIgniter\Boot::bootWeb(Object(Config\Paths))
#14 {main}
[Method: POST, Route: Category/editCategoryPost]
in SYSTEMPATH/Helpers/number_helper.php on line 140.
 1 [internal function]: CodeIgniter\Debug\Exceptions->shutdownHandler()
INFO - 2024-12-16 11:06:42 --> Session: Class initialized using 'CodeIgniter\Session\Handlers\DatabaseHandler' driver.
INFO - 2024-12-16 11:19:30 --> Session: Class initialized using 'CodeIgniter\Session\Handlers\DatabaseHandler' driver.
INFO - 2024-12-16 11:19:49 --> Session: Class initialized using 'CodeIgniter\Session\Handlers\DatabaseHandler' driver.
INFO - 2024-12-16 11:19:49 --> CSRF token verified.
INFO - 2024-12-16 11:19:54 --> Session: Class initialized using 'CodeIgniter\Session\Handlers\DatabaseHandler' driver.
INFO - 2024-12-16 11:19:57 --> Session: Class initialized using 'CodeIgniter\Session\Handlers\DatabaseHandler' driver.
INFO - 2024-12-16 11:19:57 --> Session: Class initialized using 'CodeIgniter\Session\Handlers\DatabaseHandler' driver.
INFO - 2024-12-16 11:19:57 --> CSRF token verified.
INFO - 2024-12-16 11:27:59 --> Session: Class initialized using 'CodeIgniter\Session\Handlers\DatabaseHandler' driver.
INFO - 2024-12-16 11:44:59 --> Session: Class initialized using 'CodeIgniter\Session\Handlers\DatabaseHandler' driver.
INFO - 2024-12-16 11:44:59 --> CSRF token verified.
INFO - 2024-12-16 11:45:20 --> Session: Class initialized using 'CodeIgniter\Session\Handlers\DatabaseHandler' driver.
INFO - 2024-12-16 11:45:44 --> Session: Class initialized using 'CodeIgniter\Session\Handlers\DatabaseHandler' driver.
INFO - 2024-12-16 11:45:44 --> CSRF token verified.
INFO - 2024-12-16 11:46:06 --> Session: Class initialized using 'CodeIgniter\Session\Handlers\DatabaseHandler' driver.
INFO - 2024-12-16 11:46:41 --> Session: Class initialized using 'CodeIgniter\Session\Handlers\DatabaseHandler' driver.
INFO - 2024-12-16 11:46:41 --> CSRF token verified.
INFO - 2024-12-16 11:51:30 --> Session: Class initialized using 'CodeIgniter\Session\Handlers\DatabaseHandler' driver.
INFO - 2024-12-16 11:59:13 --> Session: Class initialized using 'CodeIgniter\Session\Handlers\DatabaseHandler' driver.
INFO - 2024-12-16 12:03:38 --> Session: Class initialized using 'CodeIgniter\Session\Handlers\DatabaseHandler' driver.
INFO - 2024-12-16 12:03:40 --> Session: Class initialized using 'CodeIgniter\Session\Handlers\DatabaseHandler' driver.
INFO - 2024-12-16 12:03:41 --> Session: Class initialized using 'CodeIgniter\Session\Handlers\DatabaseHandler' driver.
INFO - 2024-12-16 12:03:41 --> Session: Class initialized using 'CodeIgniter\Session\Handlers\DatabaseHandler' driver.
INFO - 2024-12-16 12:03:42 --> Session: Class initialized using 'CodeIgniter\Session\Handlers\DatabaseHandler' driver.
INFO - 2024-12-16 12:03:43 --> Session: Class initialized using 'CodeIgniter\Session\Handlers\DatabaseHandler' driver.
INFO - 2024-12-16 12:03:43 --> Session: Class initialized using 'CodeIgniter\Session\Handlers\DatabaseHandler' driver.
INFO - 2024-12-16 12:10:07 --> Session: Class initialized using 'CodeIgniter\Session\Handlers\DatabaseHandler' driver.
INFO - 2024-12-16 12:10:46 --> Session: Class initialized using 'CodeIgniter\Session\Handlers\DatabaseHandler' driver.
INFO - 2024-12-16 12:11:15 --> Session: Class initialized using 'CodeIgniter\Session\Handlers\DatabaseHandler' driver.
INFO - 2024-12-16 12:11:15 --> CSRF token verified.
INFO - 2024-12-16 12:11:18 --> Session: Class initialized using 'CodeIgniter\Session\Handlers\DatabaseHandler' driver.
INFO - 2024-12-16 12:12:00 --> Session: Class initialized using 'CodeIgniter\Session\Handlers\DatabaseHandler' driver.
INFO - 2024-12-16 12:12:31 --> Session: Class initialized using 'CodeIgniter\Session\Handlers\DatabaseHandler' driver.
INFO - 2024-12-16 12:12:31 --> CSRF token verified.
INFO - 2024-12-16 12:12:52 --> Session: Class initialized using 'CodeIgniter\Session\Handlers\DatabaseHandler' driver.
INFO - 2024-12-16 12:15:22 --> Session: Class initialized using 'CodeIgniter\Session\Handlers\DatabaseHandler' driver.
INFO - 2024-12-16 12:15:23 --> Session: Class initialized using 'CodeIgniter\Session\Handlers\DatabaseHandler' driver.
INFO - 2024-12-16 12:15:24 --> Session: Class initialized using 'CodeIgniter\Session\Handlers\DatabaseHandler' driver.
INFO - 2024-12-16 12:15:24 --> CSRF token verified.
INFO - 2024-12-16 12:15:25 --> Session: Class initialized using 'CodeIgniter\Session\Handlers\DatabaseHandler' driver.
INFO - 2024-12-16 12:19:59 --> Session: Class initialized using 'CodeIgniter\Session\Handlers\DatabaseHandler' driver.
INFO - 2024-12-16 12:20:40 --> Session: Class initialized using 'CodeIgniter\Session\Handlers\DatabaseHandler' driver.
INFO - 2024-12-16 12:22:37 --> Session: Class initialized using 'CodeIgniter\Session\Handlers\DatabaseHandler' driver.
INFO - 2024-12-16 12:23:18 --> Session: Class initialized using 'CodeIgniter\Session\Handlers\DatabaseHandler' driver.
INFO - 2024-12-16 12:24:01 --> Session: Class initialized using 'CodeIgniter\Session\Handlers\DatabaseHandler' driver.
INFO - 2024-12-16 12:26:48 --> Session: Class initialized using 'CodeIgniter\Session\Handlers\DatabaseHandler' driver.
INFO - 2024-12-16 12:30:10 --> Session: Class initialized using 'CodeIgniter\Session\Handlers\DatabaseHandler' driver.
INFO - 2024-12-16 12:30:22 --> Session: Class initialized using 'CodeIgniter\Session\Handlers\DatabaseHandler' driver.
INFO - 2024-12-16 12:30:22 --> CSRF token verified.
INFO - 2024-12-16 12:36:03 --> Session: Class initialized using 'CodeIgniter\Session\Handlers\DatabaseHandler' driver.
INFO - 2024-12-16 12:36:36 --> Session: Class initialized using 'CodeIgniter\Session\Handlers\DatabaseHandler' driver.
INFO - 2024-12-16 12:36:36 --> CSRF token verified.
INFO - 2024-12-16 12:36:39 --> Session: Class initialized using 'CodeIgniter\Session\Handlers\DatabaseHandler' driver.
INFO - 2024-12-16 12:36:54 --> Session: Class initialized using 'CodeIgniter\Session\Handlers\DatabaseHandler' driver.
INFO - 2024-12-16 12:36:54 --> CSRF token verified.
INFO - 2024-12-16 12:37:14 --> Session: Class initialized using 'CodeIgniter\Session\Handlers\DatabaseHandler' driver.
INFO - 2024-12-16 12:37:33 --> Session: Class initialized using 'CodeIgniter\Session\Handlers\DatabaseHandler' driver.
INFO - 2024-12-16 12:37:33 --> CSRF token verified.
INFO - 2024-12-16 12:39:10 --> Session: Class initialized using 'CodeIgniter\Session\Handlers\DatabaseHandler' driver.
INFO - 2024-12-16 12:39:12 --> Session: Class initialized using 'CodeIgniter\Session\Handlers\DatabaseHandler' driver.
INFO - 2024-12-16 12:39:13 --> Session: Class initialized using 'CodeIgniter\Session\Handlers\DatabaseHandler' driver.
INFO - 2024-12-16 12:39:14 --> Session: Class initialized using 'CodeIgniter\Session\Handlers\DatabaseHandler' driver.
INFO - 2024-12-16 12:39:14 --> Session: Class initialized using 'CodeIgniter\Session\Handlers\DatabaseHandler' driver.
INFO - 2024-12-16 12:39:16 --> Session: Class initialized using 'CodeIgniter\Session\Handlers\DatabaseHandler' driver.
INFO - 2024-12-16 12:39:17 --> Session: Class initialized using 'CodeIgniter\Session\Handlers\DatabaseHandler' driver.
INFO - 2024-12-16 12:39:33 --> Session: Class initialized using 'CodeIgniter\Session\Handlers\DatabaseHandler' driver.
INFO - 2024-12-16 12:40:08 --> Session: Class initialized using 'CodeIgniter\Session\Handlers\DatabaseHandler' driver.
INFO - 2024-12-16 12:40:25 --> Session: Class initialized using 'CodeIgniter\Session\Handlers\DatabaseHandler' driver.
INFO - 2024-12-16 12:40:25 --> CSRF token verified.
INFO - 2024-12-16 12:41:15 --> Session: Class initialized using 'CodeIgniter\Session\Handlers\DatabaseHandler' driver.
INFO - 2024-12-16 12:44:02 --> Session: Class initialized using 'CodeIgniter\Session\Handlers\DatabaseHandler' driver.
INFO - 2024-12-16 12:44:02 --> CSRF token verified.
INFO - 2024-12-16 12:46:59 --> Session: Class initialized using 'CodeIgniter\Session\Handlers\DatabaseHandler' driver.
INFO - 2024-12-16 12:49:51 --> Session: Class initialized using 'CodeIgniter\Session\Handlers\DatabaseHandler' driver.
INFO - 2024-12-16 12:50:24 --> Session: Class initialized using 'CodeIgniter\Session\Handlers\DatabaseHandler' driver.
INFO - 2024-12-16 12:50:24 --> CSRF token verified.
INFO - 2024-12-16 12:52:13 --> Session: Class initialized using 'CodeIgniter\Session\Handlers\DatabaseHandler' driver.
INFO - 2024-12-16 12:52:18 --> Session: Class initialized using 'CodeIgniter\Session\Handlers\DatabaseHandler' driver.
INFO - 2024-12-16 12:53:08 --> Session: Class initialized using 'CodeIgniter\Session\Handlers\DatabaseHandler' driver.
INFO - 2024-12-16 12:53:58 --> Session: Class initialized using 'CodeIgniter\Session\Handlers\DatabaseHandler' driver.
INFO - 2024-12-16 12:54:35 --> Session: Class initialized using 'CodeIgniter\Session\Handlers\DatabaseHandler' driver.
INFO - 2024-12-16 12:55:16 --> Session: Class initialized using 'CodeIgniter\Session\Handlers\DatabaseHandler' driver.
INFO - 2024-12-16 12:55:32 --> Session: Class initialized using 'CodeIgniter\Session\Handlers\DatabaseHandler' driver.
INFO - 2024-12-16 12:56:09 --> Session: Class initialized using 'CodeIgniter\Session\Handlers\DatabaseHandler' driver.
INFO - 2024-12-16 12:56:25 --> Session: Class initialized using 'CodeIgniter\Session\Handlers\DatabaseHandler' driver.
INFO - 2024-12-16 12:57:10 --> Session: Class initialized using 'CodeIgniter\Session\Handlers\DatabaseHandler' driver.
INFO - 2024-12-16 13:09:51 --> Session: Class initialized using 'CodeIgniter\Session\Handlers\DatabaseHandler' driver.
INFO - 2024-12-16 13:11:45 --> Session: Class initialized using 'CodeIgniter\Session\Handlers\DatabaseHandler' driver.
INFO - 2024-12-16 13:11:45 --> CSRF token verified.
INFO - 2024-12-16 13:20:37 --> Session: Class initialized using 'CodeIgniter\Session\Handlers\DatabaseHandler' driver.
INFO - 2024-12-16 13:31:43 --> Session: Class initialized using 'CodeIgniter\Session\Handlers\DatabaseHandler' driver.
INFO - 2024-12-16 14:06:15 --> Session: Class initialized using 'CodeIgniter\Session\Handlers\DatabaseHandler' driver.
INFO - 2024-12-16 14:10:28 --> Session: Class initialized using 'CodeIgniter\Session\Handlers\DatabaseHandler' driver.
INFO - 2024-12-16 14:20:11 --> Session: Class initialized using 'CodeIgniter\Session\Handlers\DatabaseHandler' driver.
INFO - 2024-12-16 14:20:37 --> Session: Class initialized using 'CodeIgniter\Session\Handlers\DatabaseHandler' driver.
INFO - 2024-12-16 14:20:37 --> CSRF token verified.
INFO - 2024-12-16 14:44:50 --> Session: Class initialized using 'CodeIgniter\Session\Handlers\DatabaseHandler' driver.
INFO - 2024-12-16 14:48:02 --> Session: Class initialized using 'CodeIgniter\Session\Handlers\DatabaseHandler' driver.
INFO - 2024-12-16 14:51:45 --> Session: Class initialized using 'CodeIgniter\Session\Handlers\DatabaseHandler' driver.
INFO - 2024-12-16 14:51:49 --> Session: Class initialized using 'CodeIgniter\Session\Handlers\DatabaseHandler' driver.
INFO - 2024-12-16 14:54:44 --> Session: Class initialized using 'CodeIgniter\Session\Handlers\DatabaseHandler' driver.
INFO - 2024-12-16 15:41:15 --> Session: Class initialized using 'CodeIgniter\Session\Handlers\DatabaseHandler' driver.
INFO - 2024-12-16 15:43:58 --> Session: Class initialized using 'CodeIgniter\Session\Handlers\DatabaseHandler' driver.
INFO - 2024-12-16 16:32:07 --> Session: Class initialized using 'CodeIgniter\Session\Handlers\DatabaseHandler' driver.
INFO - 2024-12-16 16:32:08 --> Session: Class initialized using 'CodeIgniter\Session\Handlers\DatabaseHandler' driver.
INFO - 2024-12-16 16:32:08 --> CSRF token verified.
INFO - 2024-12-16 16:32:09 --> Session: Class initialized using 'CodeIgniter\Session\Handlers\DatabaseHandler' driver.
INFO - 2024-12-16 16:33:53 --> Session: Class initialized using 'CodeIgniter\Session\Handlers\DatabaseHandler' driver.
INFO - 2024-12-16 16:35:30 --> Session: Class initialized using 'CodeIgniter\Session\Handlers\DatabaseHandler' driver.
INFO - 2024-12-16 16:51:44 --> Session: Class initialized using 'CodeIgniter\Session\Handlers\DatabaseHandler' driver.
INFO - 2024-12-16 16:59:33 --> Session: Class initialized using 'CodeIgniter\Session\Handlers\DatabaseHandler' driver.
INFO - 2024-12-16 17:04:57 --> Session: Class initialized using 'CodeIgniter\Session\Handlers\DatabaseHandler' driver.
INFO - 2024-12-16 17:05:00 --> Session: Class initialized using 'CodeIgniter\Session\Handlers\DatabaseHandler' driver.
INFO - 2024-12-16 17:05:01 --> Session: Class initialized using 'CodeIgniter\Session\Handlers\DatabaseHandler' driver.
INFO - 2024-12-16 17:14:31 --> Session: Class initialized using 'CodeIgniter\Session\Handlers\DatabaseHandler' driver.
INFO - 2024-12-16 17:14:33 --> Session: Class initialized using 'CodeIgniter\Session\Handlers\DatabaseHandler' driver.
INFO - 2024-12-16 17:14:33 --> Session: Class initialized using 'CodeIgniter\Session\Handlers\DatabaseHandler' driver.
INFO - 2024-12-16 17:14:34 --> Session: Class initialized using 'CodeIgniter\Session\Handlers\DatabaseHandler' driver.
INFO - 2024-12-16 17:14:35 --> Session: Class initialized using 'CodeIgniter\Session\Handlers\DatabaseHandler' driver.
INFO - 2024-12-16 17:14:36 --> Session: Class initialized using 'CodeIgniter\Session\Handlers\DatabaseHandler' driver.
INFO - 2024-12-16 17:14:37 --> Session: Class initialized using 'CodeIgniter\Session\Handlers\DatabaseHandler' driver.
INFO - 2024-12-16 17:14:38 --> Session: Class initialized using 'CodeIgniter\Session\Handlers\DatabaseHandler' driver.
INFO - 2024-12-16 17:14:39 --> Session: Class initialized using 'CodeIgniter\Session\Handlers\DatabaseHandler' driver.
INFO - 2024-12-16 17:17:25 --> Session: Class initialized using 'CodeIgniter\Session\Handlers\DatabaseHandler' driver.
INFO - 2024-12-16 17:18:51 --> Session: Class initialized using 'CodeIgniter\Session\Handlers\DatabaseHandler' driver.
INFO - 2024-12-16 17:18:56 --> Session: Class initialized using 'CodeIgniter\Session\Handlers\DatabaseHandler' driver.
INFO - 2024-12-16 17:20:56 --> Session: Class initialized using 'CodeIgniter\Session\Handlers\DatabaseHandler' driver.
INFO - 2024-12-16 17:27:43 --> Session: Class initialized using 'CodeIgniter\Session\Handlers\DatabaseHandler' driver.
INFO - 2024-12-16 17:27:44 --> Session: Class initialized using 'CodeIgniter\Session\Handlers\DatabaseHandler' driver.
INFO - 2024-12-16 17:27:45 --> Session: Class initialized using 'CodeIgniter\Session\Handlers\DatabaseHandler' driver.
INFO - 2024-12-16 17:27:46 --> Session: Class initialized using 'CodeIgniter\Session\Handlers\DatabaseHandler' driver.
INFO - 2024-12-16 17:27:47 --> Session: Class initialized using 'CodeIgniter\Session\Handlers\DatabaseHandler' driver.
INFO - 2024-12-16 17:27:48 --> Session: Class initialized using 'CodeIgniter\Session\Handlers\DatabaseHandler' driver.
INFO - 2024-12-16 17:27:49 --> Session: Class initialized using 'CodeIgniter\Session\Handlers\DatabaseHandler' driver.
INFO - 2024-12-16 17:27:50 --> Session: Class initialized using 'CodeIgniter\Session\Handlers\DatabaseHandler' driver.
INFO - 2024-12-16 17:27:51 --> Session: Class initialized using 'CodeIgniter\Session\Handlers\DatabaseHandler' driver.
INFO - 2024-12-16 17:29:50 --> Session: Class initialized using 'CodeIgniter\Session\Handlers\DatabaseHandler' driver.
INFO - 2024-12-16 17:32:55 --> Session: Class initialized using 'CodeIgniter\Session\Handlers\DatabaseHandler' driver.
INFO - 2024-12-16 17:41:54 --> Session: Class initialized using 'CodeIgniter\Session\Handlers\DatabaseHandler' driver.
INFO - 2024-12-16 17:45:58 --> Session: Class initialized using 'CodeIgniter\Session\Handlers\DatabaseHandler' driver.
INFO - 2024-12-16 17:48:08 --> Session: Class initialized using 'CodeIgniter\Session\Handlers\DatabaseHandler' driver.
INFO - 2024-12-16 17:55:09 --> Session: Class initialized using 'CodeIgniter\Session\Handlers\DatabaseHandler' driver.
INFO - 2024-12-16 18:18:20 --> Session: Class initialized using 'CodeIgniter\Session\Handlers\DatabaseHandler' driver.
INFO - 2024-12-16 18:20:02 --> Session: Class initialized using 'CodeIgniter\Session\Handlers\DatabaseHandler' driver.
INFO - 2024-12-16 18:23:50 --> Session: Class initialized using 'CodeIgniter\Session\Handlers\DatabaseHandler' driver.
INFO - 2024-12-16 18:34:16 --> Session: Class initialized using 'CodeIgniter\Session\Handlers\DatabaseHandler' driver.
INFO - 2024-12-16 18:46:50 --> Session: Class initialized using 'CodeIgniter\Session\Handlers\DatabaseHandler' driver.
INFO - 2024-12-16 19:03:59 --> Session: Class initialized using 'CodeIgniter\Session\Handlers\DatabaseHandler' driver.
INFO - 2024-12-16 19:08:04 --> Session: Class initialized using 'CodeIgniter\Session\Handlers\DatabaseHandler' driver.
INFO - 2024-12-16 19:08:05 --> Session: Class initialized using 'CodeIgniter\Session\Handlers\DatabaseHandler' driver.
INFO - 2024-12-16 19:13:05 --> Session: Class initialized using 'CodeIgniter\Session\Handlers\DatabaseHandler' driver.
CRITICAL - 2024-12-16 19:13:05 --> CodeIgniter\HTTP\Exceptions\BadRequestException: The URI you submitted has disallowed characters: "اعمال"
[Method: GET, Route: ar/blog/%D8%A7%D8%B9%D9%85%D8%A7%D9%84/%D8%AE%D9%84%D8%A7%D9%81%D8%A7-%D9%84%D9%84%D8%A7%D8%B9%D8%AA%D9%82%D8%A7%D8%AF-%D8%A7%D9%84%D8%B4%D8%A7%D8%A6%D8%B9-%D9%84%D9%8A%D8%B3-%D9%85%D8%AC%D8%B1%D8%AF-%D9%86%D8%B5-%D8%B9%D8%B4%D9%88%D8%A7%D8%A6%D9%8A]
in SYSTEMPATH/Router/Router.php on line 737.
 1 SYSTEMPATH/Router/Router.php(204): CodeIgniter\Router\Router->checkDisallowedChars('ar/blog/اعمال/خلافا-للاعتقاد-الشائع-ليس-مجرد-نص-عشوائي')
 2 SYSTEMPATH/CodeIgniter.php(834): CodeIgniter\Router\Router->handle('ar/blog/اعمال/خلافا-للاعتقاد-الشائع-ليس-مجرد-نص-عشوائي')
 3 SYSTEMPATH/CodeIgniter.php(457): CodeIgniter\CodeIgniter->tryToRouteIt(Object(CodeIgniter\Router\RouteCollection))
 4 SYSTEMPATH/CodeIgniter.php(355): CodeIgniter\CodeIgniter->handleRequest(null, Object(Config\Cache), false)
 5 SYSTEMPATH/Boot.php(325): CodeIgniter\CodeIgniter->run()
 6 SYSTEMPATH/Boot.php(67): CodeIgniter\Boot::runCodeIgniter(Object(CodeIgniter\CodeIgniter))
 7 FCPATH/index.php(56): CodeIgniter\Boot::bootWeb(Object(Config\Paths))
INFO - 2024-12-16 19:18:05 --> Session: Class initialized using 'CodeIgniter\Session\Handlers\DatabaseHandler' driver.
INFO - 2024-12-16 20:06:01 --> Session: Class initialized using 'CodeIgniter\Session\Handlers\DatabaseHandler' driver.
INFO - 2024-12-16 20:17:21 --> Session: Class initialized using 'CodeIgniter\Session\Handlers\DatabaseHandler' driver.
INFO - 2024-12-16 20:22:22 --> Session: Class initialized using 'CodeIgniter\Session\Handlers\DatabaseHandler' driver.
INFO - 2024-12-16 20:24:59 --> Session: Class initialized using 'CodeIgniter\Session\Handlers\DatabaseHandler' driver.
INFO - 2024-12-16 20:30:45 --> Session: Class initialized using 'CodeIgniter\Session\Handlers\DatabaseHandler' driver.
INFO - 2024-12-16 20:38:47 --> Session: Class initialized using 'CodeIgniter\Session\Handlers\DatabaseHandler' driver.
INFO - 2024-12-16 20:38:49 --> Session: Class initialized using 'CodeIgniter\Session\Handlers\DatabaseHandler' driver.
CRITICAL - 2024-12-16 20:38:49 --> CodeIgniter\HTTP\Exceptions\BadRequestException: The URI you submitted has disallowed characters: "sa9@2x.jpg"
[Method: GET, Route: assets/img/pro/sa9@2x.jpg]
in SYSTEMPATH/Router/Router.php on line 737.
 1 SYSTEMPATH/Router/Router.php(204): CodeIgniter\Router\Router->checkDisallowedChars('assets/img/pro/sa9@2x.jpg')
 2 SYSTEMPATH/CodeIgniter.php(834): CodeIgniter\Router\Router->handle('assets/img/pro/sa9@2x.jpg')
 3 SYSTEMPATH/CodeIgniter.php(457): CodeIgniter\CodeIgniter->tryToRouteIt(Object(CodeIgniter\Router\RouteCollection))
 4 SYSTEMPATH/CodeIgniter.php(355): CodeIgniter\CodeIgniter->handleRequest(null, Object(Config\Cache), false)
 5 SYSTEMPATH/Boot.php(325): CodeIgniter\CodeIgniter->run()
 6 SYSTEMPATH/Boot.php(67): CodeIgniter\Boot::runCodeIgniter(Object(CodeIgniter\CodeIgniter))
 7 FCPATH/index.php(56): CodeIgniter\Boot::bootWeb(Object(Config\Paths))
INFO - 2024-12-16 20:38:49 --> Session: Class initialized using 'CodeIgniter\Session\Handlers\DatabaseHandler' driver.
CRITICAL - 2024-12-16 20:38:49 --> CodeIgniter\HTTP\Exceptions\BadRequestException: The URI you submitted has disallowed characters: "sa10@2x.jpg"
[Method: GET, Route: assets/img/pro/sa10@2x.jpg]
in SYSTEMPATH/Router/Router.php on line 737.
 1 SYSTEMPATH/Router/Router.php(204): CodeIgniter\Router\Router->checkDisallowedChars('assets/img/pro/sa10@2x.jpg')
 2 SYSTEMPATH/CodeIgniter.php(834): CodeIgniter\Router\Router->handle('assets/img/pro/sa10@2x.jpg')
 3 SYSTEMPATH/CodeIgniter.php(457): CodeIgniter\CodeIgniter->tryToRouteIt(Object(CodeIgniter\Router\RouteCollection))
 4 SYSTEMPATH/CodeIgniter.php(355): CodeIgniter\CodeIgniter->handleRequest(null, Object(Config\Cache), false)
 5 SYSTEMPATH/Boot.php(325): CodeIgniter\CodeIgniter->run()
 6 SYSTEMPATH/Boot.php(67): CodeIgniter\Boot::runCodeIgniter(Object(CodeIgniter\CodeIgniter))
 7 FCPATH/index.php(56): CodeIgniter\Boot::bootWeb(Object(Config\Paths))
INFO - 2024-12-16 20:38:49 --> Session: Class initialized using 'CodeIgniter\Session\Handlers\DatabaseHandler' driver.
CRITICAL - 2024-12-16 20:38:49 --> CodeIgniter\HTTP\Exceptions\BadRequestException: The URI you submitted has disallowed characters: "sa11@2x.jpg"
[Method: GET, Route: assets/img/pro/sa11@2x.jpg]
in SYSTEMPATH/Router/Router.php on line 737.
 1 SYSTEMPATH/Router/Router.php(204): CodeIgniter\Router\Router->checkDisallowedChars('assets/img/pro/sa11@2x.jpg')
 2 SYSTEMPATH/CodeIgniter.php(834): CodeIgniter\Router\Router->handle('assets/img/pro/sa11@2x.jpg')
 3 SYSTEMPATH/CodeIgniter.php(457): CodeIgniter\CodeIgniter->tryToRouteIt(Object(CodeIgniter\Router\RouteCollection))
 4 SYSTEMPATH/CodeIgniter.php(355): CodeIgniter\CodeIgniter->handleRequest(null, Object(Config\Cache), false)
 5 SYSTEMPATH/Boot.php(325): CodeIgniter\CodeIgniter->run()
 6 SYSTEMPATH/Boot.php(67): CodeIgniter\Boot::runCodeIgniter(Object(CodeIgniter\CodeIgniter))
 7 FCPATH/index.php(56): CodeIgniter\Boot::bootWeb(Object(Config\Paths))
INFO - 2024-12-16 20:38:49 --> Session: Class initialized using 'CodeIgniter\Session\Handlers\DatabaseHandler' driver.
CRITICAL - 2024-12-16 20:38:49 --> CodeIgniter\HTTP\Exceptions\BadRequestException: The URI you submitted has disallowed characters: "sa12@2x.jpg"
[Method: GET, Route: assets/img/pro/sa12@2x.jpg]
in SYSTEMPATH/Router/Router.php on line 737.
 1 SYSTEMPATH/Router/Router.php(204): CodeIgniter\Router\Router->checkDisallowedChars('assets/img/pro/sa12@2x.jpg')
 2 SYSTEMPATH/CodeIgniter.php(834): CodeIgniter\Router\Router->handle('assets/img/pro/sa12@2x.jpg')
 3 SYSTEMPATH/CodeIgniter.php(457): CodeIgniter\CodeIgniter->tryToRouteIt(Object(CodeIgniter\Router\RouteCollection))
 4 SYSTEMPATH/CodeIgniter.php(355): CodeIgniter\CodeIgniter->handleRequest(null, Object(Config\Cache), false)
 5 SYSTEMPATH/Boot.php(325): CodeIgniter\CodeIgniter->run()
 6 SYSTEMPATH/Boot.php(67): CodeIgniter\Boot::runCodeIgniter(Object(CodeIgniter\CodeIgniter))
 7 FCPATH/index.php(56): CodeIgniter\Boot::bootWeb(Object(Config\Paths))
INFO - 2024-12-16 20:38:49 --> Session: Class initialized using 'CodeIgniter\Session\Handlers\DatabaseHandler' driver.
CRITICAL - 2024-12-16 20:38:49 --> CodeIgniter\HTTP\Exceptions\BadRequestException: The URI you submitted has disallowed characters: "sa13@2x.jpg"
[Method: GET, Route: assets/img/pro/sa13@2x.jpg]
in SYSTEMPATH/Router/Router.php on line 737.
 1 SYSTEMPATH/Router/Router.php(204): CodeIgniter\Router\Router->checkDisallowedChars('assets/img/pro/sa13@2x.jpg')
 2 SYSTEMPATH/CodeIgniter.php(834): CodeIgniter\Router\Router->handle('assets/img/pro/sa13@2x.jpg')
 3 SYSTEMPATH/CodeIgniter.php(457): CodeIgniter\CodeIgniter->tryToRouteIt(Object(CodeIgniter\Router\RouteCollection))
 4 SYSTEMPATH/CodeIgniter.php(355): CodeIgniter\CodeIgniter->handleRequest(null, Object(Config\Cache), false)
 5 SYSTEMPATH/Boot.php(325): CodeIgniter\CodeIgniter->run()
 6 SYSTEMPATH/Boot.php(67): CodeIgniter\Boot::runCodeIgniter(Object(CodeIgniter\CodeIgniter))
 7 FCPATH/index.php(56): CodeIgniter\Boot::bootWeb(Object(Config\Paths))
INFO - 2024-12-16 20:38:50 --> Session: Class initialized using 'CodeIgniter\Session\Handlers\DatabaseHandler' driver.
CRITICAL - 2024-12-16 20:38:50 --> CodeIgniter\HTTP\Exceptions\BadRequestException: The URI you submitted has disallowed characters: "sa14@2x.jpg"
[Method: GET, Route: assets/img/pro/sa14@2x.jpg]
in SYSTEMPATH/Router/Router.php on line 737.
 1 SYSTEMPATH/Router/Router.php(204): CodeIgniter\Router\Router->checkDisallowedChars('assets/img/pro/sa14@2x.jpg')
 2 SYSTEMPATH/CodeIgniter.php(834): CodeIgniter\Router\Router->handle('assets/img/pro/sa14@2x.jpg')
 3 SYSTEMPATH/CodeIgniter.php(457): CodeIgniter\CodeIgniter->tryToRouteIt(Object(CodeIgniter\Router\RouteCollection))
 4 SYSTEMPATH/CodeIgniter.php(355): CodeIgniter\CodeIgniter->handleRequest(null, Object(Config\Cache), false)
 5 SYSTEMPATH/Boot.php(325): CodeIgniter\CodeIgniter->run()
 6 SYSTEMPATH/Boot.php(67): CodeIgniter\Boot::runCodeIgniter(Object(CodeIgniter\CodeIgniter))
 7 FCPATH/index.php(56): CodeIgniter\Boot::bootWeb(Object(Config\Paths))
INFO - 2024-12-16 20:38:50 --> Session: Class initialized using 'CodeIgniter\Session\Handlers\DatabaseHandler' driver.
CRITICAL - 2024-12-16 20:38:50 --> CodeIgniter\HTTP\Exceptions\BadRequestException: The URI you submitted has disallowed characters: "sa15@2x.jpg"
[Method: GET, Route: assets/img/pro/sa15@2x.jpg]
in SYSTEMPATH/Router/Router.php on line 737.
 1 SYSTEMPATH/Router/Router.php(204): CodeIgniter\Router\Router->checkDisallowedChars('assets/img/pro/sa15@2x.jpg')
 2 SYSTEMPATH/CodeIgniter.php(834): CodeIgniter\Router\Router->handle('assets/img/pro/sa15@2x.jpg')
 3 SYSTEMPATH/CodeIgniter.php(457): CodeIgniter\CodeIgniter->tryToRouteIt(Object(CodeIgniter\Router\RouteCollection))
 4 SYSTEMPATH/CodeIgniter.php(355): CodeIgniter\CodeIgniter->handleRequest(null, Object(Config\Cache), false)
 5 SYSTEMPATH/Boot.php(325): CodeIgniter\CodeIgniter->run()
 6 SYSTEMPATH/Boot.php(67): CodeIgniter\Boot::runCodeIgniter(Object(CodeIgniter\CodeIgniter))
 7 FCPATH/index.php(56): CodeIgniter\Boot::bootWeb(Object(Config\Paths))
INFO - 2024-12-16 20:38:50 --> Session: Class initialized using 'CodeIgniter\Session\Handlers\DatabaseHandler' driver.
INFO - 2024-12-16 20:38:50 --> CSRF token verified.
INFO - 2024-12-16 20:41:13 --> Session: Class initialized using 'CodeIgniter\Session\Handlers\DatabaseHandler' driver.
INFO - 2024-12-16 20:41:13 --> CSRF token verified.
INFO - 2024-12-16 20:43:16 --> Session: Class initialized using 'CodeIgniter\Session\Handlers\DatabaseHandler' driver.
INFO - 2024-12-16 20:43:18 --> Session: Class initialized using 'CodeIgniter\Session\Handlers\DatabaseHandler' driver.
INFO - 2024-12-16 20:43:18 --> CSRF token verified.
INFO - 2024-12-16 20:43:29 --> Session: Class initialized using 'CodeIgniter\Session\Handlers\DatabaseHandler' driver.
INFO - 2024-12-16 20:43:30 --> Session: Class initialized using 'CodeIgniter\Session\Handlers\DatabaseHandler' driver.
INFO - 2024-12-16 20:43:30 --> CSRF token verified.
INFO - 2024-12-16 20:49:03 --> Session: Class initialized using 'CodeIgniter\Session\Handlers\DatabaseHandler' driver.
INFO - 2024-12-16 20:49:05 --> Session: Class initialized using 'CodeIgniter\Session\Handlers\DatabaseHandler' driver.
INFO - 2024-12-16 20:49:05 --> Session: Class initialized using 'CodeIgniter\Session\Handlers\DatabaseHandler' driver.
INFO - 2024-12-16 20:49:07 --> Session: Class initialized using 'CodeIgniter\Session\Handlers\DatabaseHandler' driver.
INFO - 2024-12-16 20:49:07 --> CSRF token verified.
INFO - 2024-12-16 20:49:14 --> Session: Class initialized using 'CodeIgniter\Session\Handlers\DatabaseHandler' driver.
INFO - 2024-12-16 20:49:15 --> Session: Class initialized using 'CodeIgniter\Session\Handlers\DatabaseHandler' driver.
INFO - 2024-12-16 20:49:15 --> CSRF token verified.
INFO - 2024-12-16 20:49:32 --> Session: Class initialized using 'CodeIgniter\Session\Handlers\DatabaseHandler' driver.
INFO - 2024-12-16 20:49:32 --> Session: Class initialized using 'CodeIgniter\Session\Handlers\DatabaseHandler' driver.
INFO - 2024-12-16 20:49:32 --> CSRF token verified.
INFO - 2024-12-16 20:51:16 --> Session: Class initialized using 'CodeIgniter\Session\Handlers\DatabaseHandler' driver.
INFO - 2024-12-16 20:51:16 --> Session: Class initialized using 'CodeIgniter\Session\Handlers\DatabaseHandler' driver.
INFO - 2024-12-16 20:51:17 --> Session: Class initialized using 'CodeIgniter\Session\Handlers\DatabaseHandler' driver.
INFO - 2024-12-16 20:51:17 --> CSRF token verified.
INFO - 2024-12-16 20:51:37 --> Session: Class initialized using 'CodeIgniter\Session\Handlers\DatabaseHandler' driver.
INFO - 2024-12-16 20:51:37 --> CSRF token verified.
INFO - 2024-12-16 20:51:38 --> Session: Class initialized using 'CodeIgniter\Session\Handlers\DatabaseHandler' driver.
INFO - 2024-12-16 20:51:38 --> Session: Class initialized using 'CodeIgniter\Session\Handlers\DatabaseHandler' driver.
INFO - 2024-12-16 20:51:38 --> CSRF token verified.
INFO - 2024-12-16 20:51:49 --> Session: Class initialized using 'CodeIgniter\Session\Handlers\DatabaseHandler' driver.
INFO - 2024-12-16 20:51:51 --> Session: Class initialized using 'CodeIgniter\Session\Handlers\DatabaseHandler' driver.
CRITICAL - 2024-12-16 20:51:51 --> CodeIgniter\HTTP\Exceptions\BadRequestException: The URI you submitted has disallowed characters: "sa9@2x.jpg"
[Method: GET, Route: assets/img/pro/sa9@2x.jpg]
in SYSTEMPATH/Router/Router.php on line 737.
 1 SYSTEMPATH/Router/Router.php(204): CodeIgniter\Router\Router->checkDisallowedChars('assets/img/pro/sa9@2x.jpg')
 2 SYSTEMPATH/CodeIgniter.php(834): CodeIgniter\Router\Router->handle('assets/img/pro/sa9@2x.jpg')
 3 SYSTEMPATH/CodeIgniter.php(457): CodeIgniter\CodeIgniter->tryToRouteIt(Object(CodeIgniter\Router\RouteCollection))
 4 SYSTEMPATH/CodeIgniter.php(355): CodeIgniter\CodeIgniter->handleRequest(null, Object(Config\Cache), false)
 5 SYSTEMPATH/Boot.php(325): CodeIgniter\CodeIgniter->run()
 6 SYSTEMPATH/Boot.php(67): CodeIgniter\Boot::runCodeIgniter(Object(CodeIgniter\CodeIgniter))
 7 FCPATH/index.php(56): CodeIgniter\Boot::bootWeb(Object(Config\Paths))
INFO - 2024-12-16 20:51:51 --> Session: Class initialized using 'CodeIgniter\Session\Handlers\DatabaseHandler' driver.
CRITICAL - 2024-12-16 20:51:51 --> CodeIgniter\HTTP\Exceptions\BadRequestException: The URI you submitted has disallowed characters: "sa10@2x.jpg"
[Method: GET, Route: assets/img/pro/sa10@2x.jpg]
in SYSTEMPATH/Router/Router.php on line 737.
 1 SYSTEMPATH/Router/Router.php(204): CodeIgniter\Router\Router->checkDisallowedChars('assets/img/pro/sa10@2x.jpg')
 2 SYSTEMPATH/CodeIgniter.php(834): CodeIgniter\Router\Router->handle('assets/img/pro/sa10@2x.jpg')
 3 SYSTEMPATH/CodeIgniter.php(457): CodeIgniter\CodeIgniter->tryToRouteIt(Object(CodeIgniter\Router\RouteCollection))
 4 SYSTEMPATH/CodeIgniter.php(355): CodeIgniter\CodeIgniter->handleRequest(null, Object(Config\Cache), false)
 5 SYSTEMPATH/Boot.php(325): CodeIgniter\CodeIgniter->run()
 6 SYSTEMPATH/Boot.php(67): CodeIgniter\Boot::runCodeIgniter(Object(CodeIgniter\CodeIgniter))
 7 FCPATH/index.php(56): CodeIgniter\Boot::bootWeb(Object(Config\Paths))
INFO - 2024-12-16 20:51:51 --> Session: Class initialized using 'CodeIgniter\Session\Handlers\DatabaseHandler' driver.
CRITICAL - 2024-12-16 20:51:51 --> CodeIgniter\HTTP\Exceptions\BadRequestException: The URI you submitted has disallowed characters: "sa12@2x.jpg"
[Method: GET, Route: assets/img/pro/sa12@2x.jpg]
in SYSTEMPATH/Router/Router.php on line 737.
 1 SYSTEMPATH/Router/Router.php(204): CodeIgniter\Router\Router->checkDisallowedChars('assets/img/pro/sa12@2x.jpg')
 2 SYSTEMPATH/CodeIgniter.php(834): CodeIgniter\Router\Router->handle('assets/img/pro/sa12@2x.jpg')
 3 SYSTEMPATH/CodeIgniter.php(457): CodeIgniter\CodeIgniter->tryToRouteIt(Object(CodeIgniter\Router\RouteCollection))
 4 SYSTEMPATH/CodeIgniter.php(355): CodeIgniter\CodeIgniter->handleRequest(null, Object(Config\Cache), false)
 5 SYSTEMPATH/Boot.php(325): CodeIgniter\CodeIgniter->run()
 6 SYSTEMPATH/Boot.php(67): CodeIgniter\Boot::runCodeIgniter(Object(CodeIgniter\CodeIgniter))
 7 FCPATH/index.php(56): CodeIgniter\Boot::bootWeb(Object(Config\Paths))
INFO - 2024-12-16 20:51:51 --> Session: Class initialized using 'CodeIgniter\Session\Handlers\DatabaseHandler' driver.
CRITICAL - 2024-12-16 20:51:51 --> CodeIgniter\HTTP\Exceptions\BadRequestException: The URI you submitted has disallowed characters: "sa14@2x.jpg"
[Method: GET, Route: assets/img/pro/sa14@2x.jpg]
in SYSTEMPATH/Router/Router.php on line 737.
 1 SYSTEMPATH/Router/Router.php(204): CodeIgniter\Router\Router->checkDisallowedChars('assets/img/pro/sa14@2x.jpg')
 2 SYSTEMPATH/CodeIgniter.php(834): CodeIgniter\Router\Router->handle('assets/img/pro/sa14@2x.jpg')
 3 SYSTEMPATH/CodeIgniter.php(457): CodeIgniter\CodeIgniter->tryToRouteIt(Object(CodeIgniter\Router\RouteCollection))
 4 SYSTEMPATH/CodeIgniter.php(355): CodeIgniter\CodeIgniter->handleRequest(null, Object(Config\Cache), false)
 5 SYSTEMPATH/Boot.php(325): CodeIgniter\CodeIgniter->run()
 6 SYSTEMPATH/Boot.php(67): CodeIgniter\Boot::runCodeIgniter(Object(CodeIgniter\CodeIgniter))
 7 FCPATH/index.php(56): CodeIgniter\Boot::bootWeb(Object(Config\Paths))
INFO - 2024-12-16 20:51:51 --> Session: Class initialized using 'CodeIgniter\Session\Handlers\DatabaseHandler' driver.
CRITICAL - 2024-12-16 20:51:51 --> CodeIgniter\HTTP\Exceptions\BadRequestException: The URI you submitted has disallowed characters: "sa15@2x.jpg"
[Method: GET, Route: assets/img/pro/sa15@2x.jpg]
in SYSTEMPATH/Router/Router.php on line 737.
 1 SYSTEMPATH/Router/Router.php(204): CodeIgniter\Router\Router->checkDisallowedChars('assets/img/pro/sa15@2x.jpg')
 2 SYSTEMPATH/CodeIgniter.php(834): CodeIgniter\Router\Router->handle('assets/img/pro/sa15@2x.jpg')
 3 SYSTEMPATH/CodeIgniter.php(457): CodeIgniter\CodeIgniter->tryToRouteIt(Object(CodeIgniter\Router\RouteCollection))
 4 SYSTEMPATH/CodeIgniter.php(355): CodeIgniter\CodeIgniter->handleRequest(null, Object(Config\Cache), false)
 5 SYSTEMPATH/Boot.php(325): CodeIgniter\CodeIgniter->run()
 6 SYSTEMPATH/Boot.php(67): CodeIgniter\Boot::runCodeIgniter(Object(CodeIgniter\CodeIgniter))
 7 FCPATH/index.php(56): CodeIgniter\Boot::bootWeb(Object(Config\Paths))
INFO - 2024-12-16 20:51:51 --> Session: Class initialized using 'CodeIgniter\Session\Handlers\DatabaseHandler' driver.
CRITICAL - 2024-12-16 20:51:51 --> CodeIgniter\HTTP\Exceptions\BadRequestException: The URI you submitted has disallowed characters: "sa11@2x.jpg"
[Method: GET, Route: assets/img/pro/sa11@2x.jpg]
in SYSTEMPATH/Router/Router.php on line 737.
 1 SYSTEMPATH/Router/Router.php(204): CodeIgniter\Router\Router->checkDisallowedChars('assets/img/pro/sa11@2x.jpg')
 2 SYSTEMPATH/CodeIgniter.php(834): CodeIgniter\Router\Router->handle('assets/img/pro/sa11@2x.jpg')
 3 SYSTEMPATH/CodeIgniter.php(457): CodeIgniter\CodeIgniter->tryToRouteIt(Object(CodeIgniter\Router\RouteCollection))
 4 SYSTEMPATH/CodeIgniter.php(355): CodeIgniter\CodeIgniter->handleRequest(null, Object(Config\Cache), false)
 5 SYSTEMPATH/Boot.php(325): CodeIgniter\CodeIgniter->run()
 6 SYSTEMPATH/Boot.php(67): CodeIgniter\Boot::runCodeIgniter(Object(CodeIgniter\CodeIgniter))
 7 FCPATH/index.php(56): CodeIgniter\Boot::bootWeb(Object(Config\Paths))
INFO - 2024-12-16 20:51:51 --> Session: Class initialized using 'CodeIgniter\Session\Handlers\DatabaseHandler' driver.
CRITICAL - 2024-12-16 20:51:51 --> CodeIgniter\HTTP\Exceptions\BadRequestException: The URI you submitted has disallowed characters: "sa13@2x.jpg"
[Method: GET, Route: assets/img/pro/sa13@2x.jpg]
in SYSTEMPATH/Router/Router.php on line 737.
 1 SYSTEMPATH/Router/Router.php(204): CodeIgniter\Router\Router->checkDisallowedChars('assets/img/pro/sa13@2x.jpg')
 2 SYSTEMPATH/CodeIgniter.php(834): CodeIgniter\Router\Router->handle('assets/img/pro/sa13@2x.jpg')
 3 SYSTEMPATH/CodeIgniter.php(457): CodeIgniter\CodeIgniter->tryToRouteIt(Object(CodeIgniter\Router\RouteCollection))
 4 SYSTEMPATH/CodeIgniter.php(355): CodeIgniter\CodeIgniter->handleRequest(null, Object(Config\Cache), false)
 5 SYSTEMPATH/Boot.php(325): CodeIgniter\CodeIgniter->run()
 6 SYSTEMPATH/Boot.php(67): CodeIgniter\Boot::runCodeIgniter(Object(CodeIgniter\CodeIgniter))
 7 FCPATH/index.php(56): CodeIgniter\Boot::bootWeb(Object(Config\Paths))
INFO - 2024-12-16 20:51:51 --> Session: Class initialized using 'CodeIgniter\Session\Handlers\DatabaseHandler' driver.
INFO - 2024-12-16 20:51:51 --> CSRF token verified.
INFO - 2024-12-16 20:52:35 --> Session: Class initialized using 'CodeIgniter\Session\Handlers\DatabaseHandler' driver.
INFO - 2024-12-16 20:52:37 --> Session: Class initialized using 'CodeIgniter\Session\Handlers\DatabaseHandler' driver.
INFO - 2024-12-16 20:52:37 --> CSRF token verified.
INFO - 2024-12-16 20:52:55 --> Session: Class initialized using 'CodeIgniter\Session\Handlers\DatabaseHandler' driver.
INFO - 2024-12-16 20:52:56 --> Session: Class initialized using 'CodeIgniter\Session\Handlers\DatabaseHandler' driver.
INFO - 2024-12-16 20:52:58 --> Session: Class initialized using 'CodeIgniter\Session\Handlers\DatabaseHandler' driver.
INFO - 2024-12-16 20:52:58 --> CSRF token verified.
INFO - 2024-12-16 21:33:49 --> Session: Class initialized using 'CodeIgniter\Session\Handlers\DatabaseHandler' driver.
INFO - 2024-12-16 21:34:06 --> Session: Class initialized using 'CodeIgniter\Session\Handlers\DatabaseHandler' driver.
INFO - 2024-12-16 21:34:08 --> Session: Class initialized using 'CodeIgniter\Session\Handlers\DatabaseHandler' driver.
INFO - 2024-12-16 21:34:08 --> CSRF token verified.
INFO - 2024-12-16 21:34:13 --> Session: Class initialized using 'CodeIgniter\Session\Handlers\DatabaseHandler' driver.
INFO - 2024-12-16 21:34:14 --> Session: Class initialized using 'CodeIgniter\Session\Handlers\DatabaseHandler' driver.
INFO - 2024-12-16 21:34:14 --> CSRF token verified.
INFO - 2024-12-16 21:34:15 --> Session: Class initialized using 'CodeIgniter\Session\Handlers\DatabaseHandler' driver.
INFO - 2024-12-16 21:34:16 --> Session: Class initialized using 'CodeIgniter\Session\Handlers\DatabaseHandler' driver.
INFO - 2024-12-16 21:34:16 --> CSRF token verified.
INFO - 2024-12-16 21:34:17 --> Session: Class initialized using 'CodeIgniter\Session\Handlers\DatabaseHandler' driver.
INFO - 2024-12-16 21:34:18 --> Session: Class initialized using 'CodeIgniter\Session\Handlers\DatabaseHandler' driver.
INFO - 2024-12-16 21:34:18 --> CSRF token verified.
INFO - 2024-12-16 21:35:26 --> Session: Class initialized using 'CodeIgniter\Session\Handlers\DatabaseHandler' driver.
INFO - 2024-12-16 21:35:28 --> Session: Class initialized using 'CodeIgniter\Session\Handlers\DatabaseHandler' driver.
CRITICAL - 2024-12-16 21:35:28 --> CodeIgniter\HTTP\Exceptions\BadRequestException: The URI you submitted has disallowed characters: "sa10@2x.jpg"
[Method: GET, Route: assets/img/pro/sa10@2x.jpg]
in SYSTEMPATH/Router/Router.php on line 737.
 1 SYSTEMPATH/Router/Router.php(204): CodeIgniter\Router\Router->checkDisallowedChars('assets/img/pro/sa10@2x.jpg')
 2 SYSTEMPATH/CodeIgniter.php(834): CodeIgniter\Router\Router->handle('assets/img/pro/sa10@2x.jpg')
 3 SYSTEMPATH/CodeIgniter.php(457): CodeIgniter\CodeIgniter->tryToRouteIt(Object(CodeIgniter\Router\RouteCollection))
 4 SYSTEMPATH/CodeIgniter.php(355): CodeIgniter\CodeIgniter->handleRequest(null, Object(Config\Cache), false)
 5 SYSTEMPATH/Boot.php(325): CodeIgniter\CodeIgniter->run()
 6 SYSTEMPATH/Boot.php(67): CodeIgniter\Boot::runCodeIgniter(Object(CodeIgniter\CodeIgniter))
 7 FCPATH/index.php(56): CodeIgniter\Boot::bootWeb(Object(Config\Paths))
INFO - 2024-12-16 21:35:28 --> Session: Class initialized using 'CodeIgniter\Session\Handlers\DatabaseHandler' driver.
CRITICAL - 2024-12-16 21:35:28 --> CodeIgniter\HTTP\Exceptions\BadRequestException: The URI you submitted has disallowed characters: "sa9@2x.jpg"
[Method: GET, Route: assets/img/pro/sa9@2x.jpg]
in SYSTEMPATH/Router/Router.php on line 737.
 1 SYSTEMPATH/Router/Router.php(204): CodeIgniter\Router\Router->checkDisallowedChars('assets/img/pro/sa9@2x.jpg')
 2 SYSTEMPATH/CodeIgniter.php(834): CodeIgniter\Router\Router->handle('assets/img/pro/sa9@2x.jpg')
 3 SYSTEMPATH/CodeIgniter.php(457): CodeIgniter\CodeIgniter->tryToRouteIt(Object(CodeIgniter\Router\RouteCollection))
 4 SYSTEMPATH/CodeIgniter.php(355): CodeIgniter\CodeIgniter->handleRequest(null, Object(Config\Cache), false)
 5 SYSTEMPATH/Boot.php(325): CodeIgniter\CodeIgniter->run()
 6 SYSTEMPATH/Boot.php(67): CodeIgniter\Boot::runCodeIgniter(Object(CodeIgniter\CodeIgniter))
 7 FCPATH/index.php(56): CodeIgniter\Boot::bootWeb(Object(Config\Paths))
INFO - 2024-12-16 21:35:28 --> Session: Class initialized using 'CodeIgniter\Session\Handlers\DatabaseHandler' driver.
CRITICAL - 2024-12-16 21:35:28 --> CodeIgniter\HTTP\Exceptions\BadRequestException: The URI you submitted has disallowed characters: "sa11@2x.jpg"
[Method: GET, Route: assets/img/pro/sa11@2x.jpg]
in SYSTEMPATH/Router/Router.php on line 737.
 1 SYSTEMPATH/Router/Router.php(204): CodeIgniter\Router\Router->checkDisallowedChars('assets/img/pro/sa11@2x.jpg')
 2 SYSTEMPATH/CodeIgniter.php(834): CodeIgniter\Router\Router->handle('assets/img/pro/sa11@2x.jpg')
 3 SYSTEMPATH/CodeIgniter.php(457): CodeIgniter\CodeIgniter->tryToRouteIt(Object(CodeIgniter\Router\RouteCollection))
 4 SYSTEMPATH/CodeIgniter.php(355): CodeIgniter\CodeIgniter->handleRequest(null, Object(Config\Cache), false)
 5 SYSTEMPATH/Boot.php(325): CodeIgniter\CodeIgniter->run()
 6 SYSTEMPATH/Boot.php(67): CodeIgniter\Boot::runCodeIgniter(Object(CodeIgniter\CodeIgniter))
 7 FCPATH/index.php(56): CodeIgniter\Boot::bootWeb(Object(Config\Paths))
INFO - 2024-12-16 21:35:28 --> Session: Class initialized using 'CodeIgniter\Session\Handlers\DatabaseHandler' driver.
CRITICAL - 2024-12-16 21:35:28 --> CodeIgniter\HTTP\Exceptions\BadRequestException: The URI you submitted has disallowed characters: "sa12@2x.jpg"
[Method: GET, Route: assets/img/pro/sa12@2x.jpg]
in SYSTEMPATH/Router/Router.php on line 737.
 1 SYSTEMPATH/Router/Router.php(204): CodeIgniter\Router\Router->checkDisallowedChars('assets/img/pro/sa12@2x.jpg')
 2 SYSTEMPATH/CodeIgniter.php(834): CodeIgniter\Router\Router->handle('assets/img/pro/sa12@2x.jpg')
 3 SYSTEMPATH/CodeIgniter.php(457): CodeIgniter\CodeIgniter->tryToRouteIt(Object(CodeIgniter\Router\RouteCollection))
 4 SYSTEMPATH/CodeIgniter.php(355): CodeIgniter\CodeIgniter->handleRequest(null, Object(Config\Cache), false)
 5 SYSTEMPATH/Boot.php(325): CodeIgniter\CodeIgniter->run()
 6 SYSTEMPATH/Boot.php(67): CodeIgniter\Boot::runCodeIgniter(Object(CodeIgniter\CodeIgniter))
 7 FCPATH/index.php(56): CodeIgniter\Boot::bootWeb(Object(Config\Paths))
INFO - 2024-12-16 21:35:28 --> Session: Class initialized using 'CodeIgniter\Session\Handlers\DatabaseHandler' driver.
CRITICAL - 2024-12-16 21:35:28 --> CodeIgniter\HTTP\Exceptions\BadRequestException: The URI you submitted has disallowed characters: "sa14@2x.jpg"
[Method: GET, Route: assets/img/pro/sa14@2x.jpg]
in SYSTEMPATH/Router/Router.php on line 737.
 1 SYSTEMPATH/Router/Router.php(204): CodeIgniter\Router\Router->checkDisallowedChars('assets/img/pro/sa14@2x.jpg')
 2 SYSTEMPATH/CodeIgniter.php(834): CodeIgniter\Router\Router->handle('assets/img/pro/sa14@2x.jpg')
 3 SYSTEMPATH/CodeIgniter.php(457): CodeIgniter\CodeIgniter->tryToRouteIt(Object(CodeIgniter\Router\RouteCollection))
 4 SYSTEMPATH/CodeIgniter.php(355): CodeIgniter\CodeIgniter->handleRequest(null, Object(Config\Cache), false)
 5 SYSTEMPATH/Boot.php(325): CodeIgniter\CodeIgniter->run()
 6 SYSTEMPATH/Boot.php(67): CodeIgniter\Boot::runCodeIgniter(Object(CodeIgniter\CodeIgniter))
 7 FCPATH/index.php(56): CodeIgniter\Boot::bootWeb(Object(Config\Paths))
INFO - 2024-12-16 21:35:28 --> Session: Class initialized using 'CodeIgniter\Session\Handlers\DatabaseHandler' driver.
CRITICAL - 2024-12-16 21:35:28 --> CodeIgniter\HTTP\Exceptions\BadRequestException: The URI you submitted has disallowed characters: "sa15@2x.jpg"
[Method: GET, Route: assets/img/pro/sa15@2x.jpg]
in SYSTEMPATH/Router/Router.php on line 737.
 1 SYSTEMPATH/Router/Router.php(204): CodeIgniter\Router\Router->checkDisallowedChars('assets/img/pro/sa15@2x.jpg')
 2 SYSTEMPATH/CodeIgniter.php(834): CodeIgniter\Router\Router->handle('assets/img/pro/sa15@2x.jpg')
 3 SYSTEMPATH/CodeIgniter.php(457): CodeIgniter\CodeIgniter->tryToRouteIt(Object(CodeIgniter\Router\RouteCollection))
 4 SYSTEMPATH/CodeIgniter.php(355): CodeIgniter\CodeIgniter->handleRequest(null, Object(Config\Cache), false)
 5 SYSTEMPATH/Boot.php(325): CodeIgniter\CodeIgniter->run()
 6 SYSTEMPATH/Boot.php(67): CodeIgniter\Boot::runCodeIgniter(Object(CodeIgniter\CodeIgniter))
 7 FCPATH/index.php(56): CodeIgniter\Boot::bootWeb(Object(Config\Paths))
INFO - 2024-12-16 21:35:28 --> Session: Class initialized using 'CodeIgniter\Session\Handlers\DatabaseHandler' driver.
CRITICAL - 2024-12-16 21:35:28 --> CodeIgniter\HTTP\Exceptions\BadRequestException: The URI you submitted has disallowed characters: "sa13@2x.jpg"
[Method: GET, Route: assets/img/pro/sa13@2x.jpg]
in SYSTEMPATH/Router/Router.php on line 737.
 1 SYSTEMPATH/Router/Router.php(204): CodeIgniter\Router\Router->checkDisallowedChars('assets/img/pro/sa13@2x.jpg')
 2 SYSTEMPATH/CodeIgniter.php(834): CodeIgniter\Router\Router->handle('assets/img/pro/sa13@2x.jpg')
 3 SYSTEMPATH/CodeIgniter.php(457): CodeIgniter\CodeIgniter->tryToRouteIt(Object(CodeIgniter\Router\RouteCollection))
 4 SYSTEMPATH/CodeIgniter.php(355): CodeIgniter\CodeIgniter->handleRequest(null, Object(Config\Cache), false)
 5 SYSTEMPATH/Boot.php(325): CodeIgniter\CodeIgniter->run()
 6 SYSTEMPATH/Boot.php(67): CodeIgniter\Boot::runCodeIgniter(Object(CodeIgniter\CodeIgniter))
 7 FCPATH/index.php(56): CodeIgniter\Boot::bootWeb(Object(Config\Paths))
INFO - 2024-12-16 21:35:28 --> Session: Class initialized using 'CodeIgniter\Session\Handlers\DatabaseHandler' driver.
INFO - 2024-12-16 21:35:28 --> CSRF token verified.
INFO - 2024-12-16 21:45:20 --> Session: Class initialized using 'CodeIgniter\Session\Handlers\DatabaseHandler' driver.
INFO - 2024-12-16 21:45:21 --> Session: Class initialized using 'CodeIgniter\Session\Handlers\DatabaseHandler' driver.
CRITICAL - 2024-12-16 21:45:21 --> CodeIgniter\HTTP\Exceptions\BadRequestException: The URI you submitted has disallowed characters: "sa9@2x.jpg"
[Method: GET, Route: assets/img/pro/sa9@2x.jpg]
in SYSTEMPATH/Router/Router.php on line 737.
 1 SYSTEMPATH/Router/Router.php(204): CodeIgniter\Router\Router->checkDisallowedChars('assets/img/pro/sa9@2x.jpg')
 2 SYSTEMPATH/CodeIgniter.php(834): CodeIgniter\Router\Router->handle('assets/img/pro/sa9@2x.jpg')
 3 SYSTEMPATH/CodeIgniter.php(457): CodeIgniter\CodeIgniter->tryToRouteIt(Object(CodeIgniter\Router\RouteCollection))
 4 SYSTEMPATH/CodeIgniter.php(355): CodeIgniter\CodeIgniter->handleRequest(null, Object(Config\Cache), false)
 5 SYSTEMPATH/Boot.php(325): CodeIgniter\CodeIgniter->run()
 6 SYSTEMPATH/Boot.php(67): CodeIgniter\Boot::runCodeIgniter(Object(CodeIgniter\CodeIgniter))
 7 FCPATH/index.php(56): CodeIgniter\Boot::bootWeb(Object(Config\Paths))
INFO - 2024-12-16 21:45:21 --> Session: Class initialized using 'CodeIgniter\Session\Handlers\DatabaseHandler' driver.
CRITICAL - 2024-12-16 21:45:21 --> CodeIgniter\HTTP\Exceptions\BadRequestException: The URI you submitted has disallowed characters: "sa11@2x.jpg"
[Method: GET, Route: assets/img/pro/sa11@2x.jpg]
in SYSTEMPATH/Router/Router.php on line 737.
 1 SYSTEMPATH/Router/Router.php(204): CodeIgniter\Router\Router->checkDisallowedChars('assets/img/pro/sa11@2x.jpg')
 2 SYSTEMPATH/CodeIgniter.php(834): CodeIgniter\Router\Router->handle('assets/img/pro/sa11@2x.jpg')
 3 SYSTEMPATH/CodeIgniter.php(457): CodeIgniter\CodeIgniter->tryToRouteIt(Object(CodeIgniter\Router\RouteCollection))
 4 SYSTEMPATH/CodeIgniter.php(355): CodeIgniter\CodeIgniter->handleRequest(null, Object(Config\Cache), false)
 5 SYSTEMPATH/Boot.php(325): CodeIgniter\CodeIgniter->run()
 6 SYSTEMPATH/Boot.php(67): CodeIgniter\Boot::runCodeIgniter(Object(CodeIgniter\CodeIgniter))
 7 FCPATH/index.php(56): CodeIgniter\Boot::bootWeb(Object(Config\Paths))
INFO - 2024-12-16 21:45:21 --> Session: Class initialized using 'CodeIgniter\Session\Handlers\DatabaseHandler' driver.
CRITICAL - 2024-12-16 21:45:21 --> CodeIgniter\HTTP\Exceptions\BadRequestException: The URI you submitted has disallowed characters: "sa10@2x.jpg"
[Method: GET, Route: assets/img/pro/sa10@2x.jpg]
in SYSTEMPATH/Router/Router.php on line 737.
 1 SYSTEMPATH/Router/Router.php(204): CodeIgniter\Router\Router->checkDisallowedChars('assets/img/pro/sa10@2x.jpg')
 2 SYSTEMPATH/CodeIgniter.php(834): CodeIgniter\Router\Router->handle('assets/img/pro/sa10@2x.jpg')
 3 SYSTEMPATH/CodeIgniter.php(457): CodeIgniter\CodeIgniter->tryToRouteIt(Object(CodeIgniter\Router\RouteCollection))
 4 SYSTEMPATH/CodeIgniter.php(355): CodeIgniter\CodeIgniter->handleRequest(null, Object(Config\Cache), false)
 5 SYSTEMPATH/Boot.php(325): CodeIgniter\CodeIgniter->run()
 6 SYSTEMPATH/Boot.php(67): CodeIgniter\Boot::runCodeIgniter(Object(CodeIgniter\CodeIgniter))
 7 FCPATH/index.php(56): CodeIgniter\Boot::bootWeb(Object(Config\Paths))
INFO - 2024-12-16 21:45:21 --> Session: Class initialized using 'CodeIgniter\Session\Handlers\DatabaseHandler' driver.
CRITICAL - 2024-12-16 21:45:21 --> CodeIgniter\HTTP\Exceptions\BadRequestException: The URI you submitted has disallowed characters: "sa14@2x.jpg"
[Method: GET, Route: assets/img/pro/sa14@2x.jpg]
in SYSTEMPATH/Router/Router.php on line 737.
 1 SYSTEMPATH/Router/Router.php(204): CodeIgniter\Router\Router->checkDisallowedChars('assets/img/pro/sa14@2x.jpg')
 2 SYSTEMPATH/CodeIgniter.php(834): CodeIgniter\Router\Router->handle('assets/img/pro/sa14@2x.jpg')
 3 SYSTEMPATH/CodeIgniter.php(457): CodeIgniter\CodeIgniter->tryToRouteIt(Object(CodeIgniter\Router\RouteCollection))
 4 SYSTEMPATH/CodeIgniter.php(355): CodeIgniter\CodeIgniter->handleRequest(null, Object(Config\Cache), false)
 5 SYSTEMPATH/Boot.php(325): CodeIgniter\CodeIgniter->run()
 6 SYSTEMPATH/Boot.php(67): CodeIgniter\Boot::runCodeIgniter(Object(CodeIgniter\CodeIgniter))
 7 FCPATH/index.php(56): CodeIgniter\Boot::bootWeb(Object(Config\Paths))
INFO - 2024-12-16 21:45:21 --> Session: Class initialized using 'CodeIgniter\Session\Handlers\DatabaseHandler' driver.
CRITICAL - 2024-12-16 21:45:21 --> CodeIgniter\HTTP\Exceptions\BadRequestException: The URI you submitted has disallowed characters: "sa13@2x.jpg"
[Method: GET, Route: assets/img/pro/sa13@2x.jpg]
in SYSTEMPATH/Router/Router.php on line 737.
 1 SYSTEMPATH/Router/Router.php(204): CodeIgniter\Router\Router->checkDisallowedChars('assets/img/pro/sa13@2x.jpg')
 2 SYSTEMPATH/CodeIgniter.php(834): CodeIgniter\Router\Router->handle('assets/img/pro/sa13@2x.jpg')
 3 SYSTEMPATH/CodeIgniter.php(457): CodeIgniter\CodeIgniter->tryToRouteIt(Object(CodeIgniter\Router\RouteCollection))
 4 SYSTEMPATH/CodeIgniter.php(355): CodeIgniter\CodeIgniter->handleRequest(null, Object(Config\Cache), false)
 5 SYSTEMPATH/Boot.php(325): CodeIgniter\CodeIgniter->run()
 6 SYSTEMPATH/Boot.php(67): CodeIgniter\Boot::runCodeIgniter(Object(CodeIgniter\CodeIgniter))
 7 FCPATH/index.php(56): CodeIgniter\Boot::bootWeb(Object(Config\Paths))
INFO - 2024-12-16 21:45:21 --> Session: Class initialized using 'CodeIgniter\Session\Handlers\DatabaseHandler' driver.
CRITICAL - 2024-12-16 21:45:21 --> CodeIgniter\HTTP\Exceptions\BadRequestException: The URI you submitted has disallowed characters: "sa12@2x.jpg"
[Method: GET, Route: assets/img/pro/sa12@2x.jpg]
in SYSTEMPATH/Router/Router.php on line 737.
 1 SYSTEMPATH/Router/Router.php(204): CodeIgniter\Router\Router->checkDisallowedChars('assets/img/pro/sa12@2x.jpg')
 2 SYSTEMPATH/CodeIgniter.php(834): CodeIgniter\Router\Router->handle('assets/img/pro/sa12@2x.jpg')
 3 SYSTEMPATH/CodeIgniter.php(457): CodeIgniter\CodeIgniter->tryToRouteIt(Object(CodeIgniter\Router\RouteCollection))
 4 SYSTEMPATH/CodeIgniter.php(355): CodeIgniter\CodeIgniter->handleRequest(null, Object(Config\Cache), false)
 5 SYSTEMPATH/Boot.php(325): CodeIgniter\CodeIgniter->run()
 6 SYSTEMPATH/Boot.php(67): CodeIgniter\Boot::runCodeIgniter(Object(CodeIgniter\CodeIgniter))
 7 FCPATH/index.php(56): CodeIgniter\Boot::bootWeb(Object(Config\Paths))
INFO - 2024-12-16 21:45:21 --> Session: Class initialized using 'CodeIgniter\Session\Handlers\DatabaseHandler' driver.
CRITICAL - 2024-12-16 21:45:21 --> CodeIgniter\HTTP\Exceptions\BadRequestException: The URI you submitted has disallowed characters: "sa15@2x.jpg"
[Method: GET, Route: assets/img/pro/sa15@2x.jpg]
in SYSTEMPATH/Router/Router.php on line 737.
 1 SYSTEMPATH/Router/Router.php(204): CodeIgniter\Router\Router->checkDisallowedChars('assets/img/pro/sa15@2x.jpg')
 2 SYSTEMPATH/CodeIgniter.php(834): CodeIgniter\Router\Router->handle('assets/img/pro/sa15@2x.jpg')
 3 SYSTEMPATH/CodeIgniter.php(457): CodeIgniter\CodeIgniter->tryToRouteIt(Object(CodeIgniter\Router\RouteCollection))
 4 SYSTEMPATH/CodeIgniter.php(355): CodeIgniter\CodeIgniter->handleRequest(null, Object(Config\Cache), false)
 5 SYSTEMPATH/Boot.php(325): CodeIgniter\CodeIgniter->run()
 6 SYSTEMPATH/Boot.php(67): CodeIgniter\Boot::runCodeIgniter(Object(CodeIgniter\CodeIgniter))
 7 FCPATH/index.php(56): CodeIgniter\Boot::bootWeb(Object(Config\Paths))
INFO - 2024-12-16 21:45:21 --> Session: Class initialized using 'CodeIgniter\Session\Handlers\DatabaseHandler' driver.
INFO - 2024-12-16 21:45:22 --> CSRF token verified.
INFO - 2024-12-16 22:03:16 --> Session: Class initialized using 'CodeIgniter\Session\Handlers\DatabaseHandler' driver.
INFO - 2024-12-16 22:03:17 --> Session: Class initialized using 'CodeIgniter\Session\Handlers\DatabaseHandler' driver.
INFO - 2024-12-16 22:15:22 --> Session: Class initialized using 'CodeIgniter\Session\Handlers\DatabaseHandler' driver.
INFO - 2024-12-16 22:20:29 --> Session: Class initialized using 'CodeIgniter\Session\Handlers\DatabaseHandler' driver.
INFO - 2024-12-16 22:20:30 --> Session: Class initialized using 'CodeIgniter\Session\Handlers\DatabaseHandler' driver.
CRITICAL - 2024-12-16 22:20:30 --> CodeIgniter\HTTP\Exceptions\BadRequestException: The URI you submitted has disallowed characters: "sa10@2x.jpg"
[Method: GET, Route: assets/img/pro/sa10@2x.jpg]
in SYSTEMPATH/Router/Router.php on line 737.
 1 SYSTEMPATH/Router/Router.php(204): CodeIgniter\Router\Router->checkDisallowedChars('assets/img/pro/sa10@2x.jpg')
 2 SYSTEMPATH/CodeIgniter.php(834): CodeIgniter\Router\Router->handle('assets/img/pro/sa10@2x.jpg')
 3 SYSTEMPATH/CodeIgniter.php(457): CodeIgniter\CodeIgniter->tryToRouteIt(Object(CodeIgniter\Router\RouteCollection))
 4 SYSTEMPATH/CodeIgniter.php(355): CodeIgniter\CodeIgniter->handleRequest(null, Object(Config\Cache), false)
 5 SYSTEMPATH/Boot.php(325): CodeIgniter\CodeIgniter->run()
 6 SYSTEMPATH/Boot.php(67): CodeIgniter\Boot::runCodeIgniter(Object(CodeIgniter\CodeIgniter))
 7 FCPATH/index.php(56): CodeIgniter\Boot::bootWeb(Object(Config\Paths))
INFO - 2024-12-16 22:20:30 --> Session: Class initialized using 'CodeIgniter\Session\Handlers\DatabaseHandler' driver.
CRITICAL - 2024-12-16 22:20:30 --> CodeIgniter\HTTP\Exceptions\BadRequestException: The URI you submitted has disallowed characters: "sa11@2x.jpg"
[Method: GET, Route: assets/img/pro/sa11@2x.jpg]
in SYSTEMPATH/Router/Router.php on line 737.
 1 SYSTEMPATH/Router/Router.php(204): CodeIgniter\Router\Router->checkDisallowedChars('assets/img/pro/sa11@2x.jpg')
 2 SYSTEMPATH/CodeIgniter.php(834): CodeIgniter\Router\Router->handle('assets/img/pro/sa11@2x.jpg')
 3 SYSTEMPATH/CodeIgniter.php(457): CodeIgniter\CodeIgniter->tryToRouteIt(Object(CodeIgniter\Router\RouteCollection))
 4 SYSTEMPATH/CodeIgniter.php(355): CodeIgniter\CodeIgniter->handleRequest(null, Object(Config\Cache), false)
 5 SYSTEMPATH/Boot.php(325): CodeIgniter\CodeIgniter->run()
 6 SYSTEMPATH/Boot.php(67): CodeIgniter\Boot::runCodeIgniter(Object(CodeIgniter\CodeIgniter))
 7 FCPATH/index.php(56): CodeIgniter\Boot::bootWeb(Object(Config\Paths))
INFO - 2024-12-16 22:20:30 --> Session: Class initialized using 'CodeIgniter\Session\Handlers\DatabaseHandler' driver.
CRITICAL - 2024-12-16 22:20:30 --> CodeIgniter\HTTP\Exceptions\BadRequestException: The URI you submitted has disallowed characters: "sa9@2x.jpg"
[Method: GET, Route: assets/img/pro/sa9@2x.jpg]
in SYSTEMPATH/Router/Router.php on line 737.
 1 SYSTEMPATH/Router/Router.php(204): CodeIgniter\Router\Router->checkDisallowedChars('assets/img/pro/sa9@2x.jpg')
 2 SYSTEMPATH/CodeIgniter.php(834): CodeIgniter\Router\Router->handle('assets/img/pro/sa9@2x.jpg')
 3 SYSTEMPATH/CodeIgniter.php(457): CodeIgniter\CodeIgniter->tryToRouteIt(Object(CodeIgniter\Router\RouteCollection))
 4 SYSTEMPATH/CodeIgniter.php(355): CodeIgniter\CodeIgniter->handleRequest(null, Object(Config\Cache), false)
 5 SYSTEMPATH/Boot.php(325): CodeIgniter\CodeIgniter->run()
 6 SYSTEMPATH/Boot.php(67): CodeIgniter\Boot::runCodeIgniter(Object(CodeIgniter\CodeIgniter))
 7 FCPATH/index.php(56): CodeIgniter\Boot::bootWeb(Object(Config\Paths))
INFO - 2024-12-16 22:20:30 --> Session: Class initialized using 'CodeIgniter\Session\Handlers\DatabaseHandler' driver.
CRITICAL - 2024-12-16 22:20:30 --> CodeIgniter\HTTP\Exceptions\BadRequestException: The URI you submitted has disallowed characters: "sa12@2x.jpg"
[Method: GET, Route: assets/img/pro/sa12@2x.jpg]
in SYSTEMPATH/Router/Router.php on line 737.
 1 SYSTEMPATH/Router/Router.php(204): CodeIgniter\Router\Router->checkDisallowedChars('assets/img/pro/sa12@2x.jpg')
 2 SYSTEMPATH/CodeIgniter.php(834): CodeIgniter\Router\Router->handle('assets/img/pro/sa12@2x.jpg')
 3 SYSTEMPATH/CodeIgniter.php(457): CodeIgniter\CodeIgniter->tryToRouteIt(Object(CodeIgniter\Router\RouteCollection))
 4 SYSTEMPATH/CodeIgniter.php(355): CodeIgniter\CodeIgniter->handleRequest(null, Object(Config\Cache), false)
 5 SYSTEMPATH/Boot.php(325): CodeIgniter\CodeIgniter->run()
 6 SYSTEMPATH/Boot.php(67): CodeIgniter\Boot::runCodeIgniter(Object(CodeIgniter\CodeIgniter))
 7 FCPATH/index.php(56): CodeIgniter\Boot::bootWeb(Object(Config\Paths))
INFO - 2024-12-16 22:20:30 --> Session: Class initialized using 'CodeIgniter\Session\Handlers\DatabaseHandler' driver.
CRITICAL - 2024-12-16 22:20:30 --> CodeIgniter\HTTP\Exceptions\BadRequestException: The URI you submitted has disallowed characters: "sa13@2x.jpg"
[Method: GET, Route: assets/img/pro/sa13@2x.jpg]
in SYSTEMPATH/Router/Router.php on line 737.
 1 SYSTEMPATH/Router/Router.php(204): CodeIgniter\Router\Router->checkDisallowedChars('assets/img/pro/sa13@2x.jpg')
 2 SYSTEMPATH/CodeIgniter.php(834): CodeIgniter\Router\Router->handle('assets/img/pro/sa13@2x.jpg')
 3 SYSTEMPATH/CodeIgniter.php(457): CodeIgniter\CodeIgniter->tryToRouteIt(Object(CodeIgniter\Router\RouteCollection))
 4 SYSTEMPATH/CodeIgniter.php(355): CodeIgniter\CodeIgniter->handleRequest(null, Object(Config\Cache), false)
 5 SYSTEMPATH/Boot.php(325): CodeIgniter\CodeIgniter->run()
 6 SYSTEMPATH/Boot.php(67): CodeIgniter\Boot::runCodeIgniter(Object(CodeIgniter\CodeIgniter))
 7 FCPATH/index.php(56): CodeIgniter\Boot::bootWeb(Object(Config\Paths))
INFO - 2024-12-16 22:20:30 --> Session: Class initialized using 'CodeIgniter\Session\Handlers\DatabaseHandler' driver.
CRITICAL - 2024-12-16 22:20:30 --> CodeIgniter\HTTP\Exceptions\BadRequestException: The URI you submitted has disallowed characters: "sa14@2x.jpg"
[Method: GET, Route: assets/img/pro/sa14@2x.jpg]
in SYSTEMPATH/Router/Router.php on line 737.
 1 SYSTEMPATH/Router/Router.php(204): CodeIgniter\Router\Router->checkDisallowedChars('assets/img/pro/sa14@2x.jpg')
 2 SYSTEMPATH/CodeIgniter.php(834): CodeIgniter\Router\Router->handle('assets/img/pro/sa14@2x.jpg')
 3 SYSTEMPATH/CodeIgniter.php(457): CodeIgniter\CodeIgniter->tryToRouteIt(Object(CodeIgniter\Router\RouteCollection))
 4 SYSTEMPATH/CodeIgniter.php(355): CodeIgniter\CodeIgniter->handleRequest(null, Object(Config\Cache), false)
 5 SYSTEMPATH/Boot.php(325): CodeIgniter\CodeIgniter->run()
 6 SYSTEMPATH/Boot.php(67): CodeIgniter\Boot::runCodeIgniter(Object(CodeIgniter\CodeIgniter))
 7 FCPATH/index.php(56): CodeIgniter\Boot::bootWeb(Object(Config\Paths))
INFO - 2024-12-16 22:20:30 --> Session: Class initialized using 'CodeIgniter\Session\Handlers\DatabaseHandler' driver.
CRITICAL - 2024-12-16 22:20:30 --> CodeIgniter\HTTP\Exceptions\BadRequestException: The URI you submitted has disallowed characters: "sa15@2x.jpg"
[Method: GET, Route: assets/img/pro/sa15@2x.jpg]
in SYSTEMPATH/Router/Router.php on line 737.
 1 SYSTEMPATH/Router/Router.php(204): CodeIgniter\Router\Router->checkDisallowedChars('assets/img/pro/sa15@2x.jpg')
 2 SYSTEMPATH/CodeIgniter.php(834): CodeIgniter\Router\Router->handle('assets/img/pro/sa15@2x.jpg')
 3 SYSTEMPATH/CodeIgniter.php(457): CodeIgniter\CodeIgniter->tryToRouteIt(Object(CodeIgniter\Router\RouteCollection))
 4 SYSTEMPATH/CodeIgniter.php(355): CodeIgniter\CodeIgniter->handleRequest(null, Object(Config\Cache), false)
 5 SYSTEMPATH/Boot.php(325): CodeIgniter\CodeIgniter->run()
 6 SYSTEMPATH/Boot.php(67): CodeIgniter\Boot::runCodeIgniter(Object(CodeIgniter\CodeIgniter))
 7 FCPATH/index.php(56): CodeIgniter\Boot::bootWeb(Object(Config\Paths))
INFO - 2024-12-16 22:20:31 --> Session: Class initialized using 'CodeIgniter\Session\Handlers\DatabaseHandler' driver.
INFO - 2024-12-16 22:20:31 --> CSRF token verified.
INFO - 2024-12-16 22:20:40 --> Session: Class initialized using 'CodeIgniter\Session\Handlers\DatabaseHandler' driver.
INFO - 2024-12-16 22:20:41 --> Session: Class initialized using 'CodeIgniter\Session\Handlers\DatabaseHandler' driver.
CRITICAL - 2024-12-16 22:20:41 --> CodeIgniter\HTTP\Exceptions\BadRequestException: The URI you submitted has disallowed characters: "sa9@2x.jpg"
[Method: GET, Route: assets/img/pro/sa9@2x.jpg]
in SYSTEMPATH/Router/Router.php on line 737.
 1 SYSTEMPATH/Router/Router.php(204): CodeIgniter\Router\Router->checkDisallowedChars('assets/img/pro/sa9@2x.jpg')
 2 SYSTEMPATH/CodeIgniter.php(834): CodeIgniter\Router\Router->handle('assets/img/pro/sa9@2x.jpg')
 3 SYSTEMPATH/CodeIgniter.php(457): CodeIgniter\CodeIgniter->tryToRouteIt(Object(CodeIgniter\Router\RouteCollection))
 4 SYSTEMPATH/CodeIgniter.php(355): CodeIgniter\CodeIgniter->handleRequest(null, Object(Config\Cache), false)
 5 SYSTEMPATH/Boot.php(325): CodeIgniter\CodeIgniter->run()
 6 SYSTEMPATH/Boot.php(67): CodeIgniter\Boot::runCodeIgniter(Object(CodeIgniter\CodeIgniter))
 7 FCPATH/index.php(56): CodeIgniter\Boot::bootWeb(Object(Config\Paths))
INFO - 2024-12-16 22:20:41 --> Session: Class initialized using 'CodeIgniter\Session\Handlers\DatabaseHandler' driver.
CRITICAL - 2024-12-16 22:20:41 --> CodeIgniter\HTTP\Exceptions\BadRequestException: The URI you submitted has disallowed characters: "sa10@2x.jpg"
[Method: GET, Route: assets/img/pro/sa10@2x.jpg]
in SYSTEMPATH/Router/Router.php on line 737.
 1 SYSTEMPATH/Router/Router.php(204): CodeIgniter\Router\Router->checkDisallowedChars('assets/img/pro/sa10@2x.jpg')
 2 SYSTEMPATH/CodeIgniter.php(834): CodeIgniter\Router\Router->handle('assets/img/pro/sa10@2x.jpg')
 3 SYSTEMPATH/CodeIgniter.php(457): CodeIgniter\CodeIgniter->tryToRouteIt(Object(CodeIgniter\Router\RouteCollection))
 4 SYSTEMPATH/CodeIgniter.php(355): CodeIgniter\CodeIgniter->handleRequest(null, Object(Config\Cache), false)
 5 SYSTEMPATH/Boot.php(325): CodeIgniter\CodeIgniter->run()
 6 SYSTEMPATH/Boot.php(67): CodeIgniter\Boot::runCodeIgniter(Object(CodeIgniter\CodeIgniter))
 7 FCPATH/index.php(56): CodeIgniter\Boot::bootWeb(Object(Config\Paths))
INFO - 2024-12-16 22:20:41 --> Session: Class initialized using 'CodeIgniter\Session\Handlers\DatabaseHandler' driver.
CRITICAL - 2024-12-16 22:20:41 --> CodeIgniter\HTTP\Exceptions\BadRequestException: The URI you submitted has disallowed characters: "sa11@2x.jpg"
[Method: GET, Route: assets/img/pro/sa11@2x.jpg]
in SYSTEMPATH/Router/Router.php on line 737.
 1 SYSTEMPATH/Router/Router.php(204): CodeIgniter\Router\Router->checkDisallowedChars('assets/img/pro/sa11@2x.jpg')
 2 SYSTEMPATH/CodeIgniter.php(834): CodeIgniter\Router\Router->handle('assets/img/pro/sa11@2x.jpg')
 3 SYSTEMPATH/CodeIgniter.php(457): CodeIgniter\CodeIgniter->tryToRouteIt(Object(CodeIgniter\Router\RouteCollection))
 4 SYSTEMPATH/CodeIgniter.php(355): CodeIgniter\CodeIgniter->handleRequest(null, Object(Config\Cache), false)
 5 SYSTEMPATH/Boot.php(325): CodeIgniter\CodeIgniter->run()
 6 SYSTEMPATH/Boot.php(67): CodeIgniter\Boot::runCodeIgniter(Object(CodeIgniter\CodeIgniter))
 7 FCPATH/index.php(56): CodeIgniter\Boot::bootWeb(Object(Config\Paths))
INFO - 2024-12-16 22:20:41 --> Session: Class initialized using 'CodeIgniter\Session\Handlers\DatabaseHandler' driver.
CRITICAL - 2024-12-16 22:20:41 --> CodeIgniter\HTTP\Exceptions\BadRequestException: The URI you submitted has disallowed characters: "sa12@2x.jpg"
[Method: GET, Route: assets/img/pro/sa12@2x.jpg]
in SYSTEMPATH/Router/Router.php on line 737.
 1 SYSTEMPATH/Router/Router.php(204): CodeIgniter\Router\Router->checkDisallowedChars('assets/img/pro/sa12@2x.jpg')
 2 SYSTEMPATH/CodeIgniter.php(834): CodeIgniter\Router\Router->handle('assets/img/pro/sa12@2x.jpg')
 3 SYSTEMPATH/CodeIgniter.php(457): CodeIgniter\CodeIgniter->tryToRouteIt(Object(CodeIgniter\Router\RouteCollection))
 4 SYSTEMPATH/CodeIgniter.php(355): CodeIgniter\CodeIgniter->handleRequest(null, Object(Config\Cache), false)
 5 SYSTEMPATH/Boot.php(325): CodeIgniter\CodeIgniter->run()
 6 SYSTEMPATH/Boot.php(67): CodeIgniter\Boot::runCodeIgniter(Object(CodeIgniter\CodeIgniter))
 7 FCPATH/index.php(56): CodeIgniter\Boot::bootWeb(Object(Config\Paths))
INFO - 2024-12-16 22:20:41 --> Session: Class initialized using 'CodeIgniter\Session\Handlers\DatabaseHandler' driver.
CRITICAL - 2024-12-16 22:20:41 --> CodeIgniter\HTTP\Exceptions\BadRequestException: The URI you submitted has disallowed characters: "sa13@2x.jpg"
[Method: GET, Route: assets/img/pro/sa13@2x.jpg]
in SYSTEMPATH/Router/Router.php on line 737.
 1 SYSTEMPATH/Router/Router.php(204): CodeIgniter\Router\Router->checkDisallowedChars('assets/img/pro/sa13@2x.jpg')
 2 SYSTEMPATH/CodeIgniter.php(834): CodeIgniter\Router\Router->handle('assets/img/pro/sa13@2x.jpg')
 3 SYSTEMPATH/CodeIgniter.php(457): CodeIgniter\CodeIgniter->tryToRouteIt(Object(CodeIgniter\Router\RouteCollection))
 4 SYSTEMPATH/CodeIgniter.php(355): CodeIgniter\CodeIgniter->handleRequest(null, Object(Config\Cache), false)
 5 SYSTEMPATH/Boot.php(325): CodeIgniter\CodeIgniter->run()
 6 SYSTEMPATH/Boot.php(67): CodeIgniter\Boot::runCodeIgniter(Object(CodeIgniter\CodeIgniter))
 7 FCPATH/index.php(56): CodeIgniter\Boot::bootWeb(Object(Config\Paths))
INFO - 2024-12-16 22:20:41 --> Session: Class initialized using 'CodeIgniter\Session\Handlers\DatabaseHandler' driver.
CRITICAL - 2024-12-16 22:20:41 --> CodeIgniter\HTTP\Exceptions\BadRequestException: The URI you submitted has disallowed characters: "sa14@2x.jpg"
[Method: GET, Route: assets/img/pro/sa14@2x.jpg]
in SYSTEMPATH/Router/Router.php on line 737.
 1 SYSTEMPATH/Router/Router.php(204): CodeIgniter\Router\Router->checkDisallowedChars('assets/img/pro/sa14@2x.jpg')
 2 SYSTEMPATH/CodeIgniter.php(834): CodeIgniter\Router\Router->handle('assets/img/pro/sa14@2x.jpg')
 3 SYSTEMPATH/CodeIgniter.php(457): CodeIgniter\CodeIgniter->tryToRouteIt(Object(CodeIgniter\Router\RouteCollection))
 4 SYSTEMPATH/CodeIgniter.php(355): CodeIgniter\CodeIgniter->handleRequest(null, Object(Config\Cache), false)
 5 SYSTEMPATH/Boot.php(325): CodeIgniter\CodeIgniter->run()
 6 SYSTEMPATH/Boot.php(67): CodeIgniter\Boot::runCodeIgniter(Object(CodeIgniter\CodeIgniter))
 7 FCPATH/index.php(56): CodeIgniter\Boot::bootWeb(Object(Config\Paths))
INFO - 2024-12-16 22:20:41 --> Session: Class initialized using 'CodeIgniter\Session\Handlers\DatabaseHandler' driver.
CRITICAL - 2024-12-16 22:20:41 --> CodeIgniter\HTTP\Exceptions\BadRequestException: The URI you submitted has disallowed characters: "sa15@2x.jpg"
[Method: GET, Route: assets/img/pro/sa15@2x.jpg]
in SYSTEMPATH/Router/Router.php on line 737.
 1 SYSTEMPATH/Router/Router.php(204): CodeIgniter\Router\Router->checkDisallowedChars('assets/img/pro/sa15@2x.jpg')
 2 SYSTEMPATH/CodeIgniter.php(834): CodeIgniter\Router\Router->handle('assets/img/pro/sa15@2x.jpg')
 3 SYSTEMPATH/CodeIgniter.php(457): CodeIgniter\CodeIgniter->tryToRouteIt(Object(CodeIgniter\Router\RouteCollection))
 4 SYSTEMPATH/CodeIgniter.php(355): CodeIgniter\CodeIgniter->handleRequest(null, Object(Config\Cache), false)
 5 SYSTEMPATH/Boot.php(325): CodeIgniter\CodeIgniter->run()
 6 SYSTEMPATH/Boot.php(67): CodeIgniter\Boot::runCodeIgniter(Object(CodeIgniter\CodeIgniter))
 7 FCPATH/index.php(56): CodeIgniter\Boot::bootWeb(Object(Config\Paths))
INFO - 2024-12-16 22:20:42 --> Session: Class initialized using 'CodeIgniter\Session\Handlers\DatabaseHandler' driver.
INFO - 2024-12-16 22:20:42 --> CSRF token verified.
INFO - 2024-12-16 22:20:45 --> Session: Class initialized using 'CodeIgniter\Session\Handlers\DatabaseHandler' driver.
INFO - 2024-12-16 22:20:48 --> Session: Class initialized using 'CodeIgniter\Session\Handlers\DatabaseHandler' driver.
INFO - 2024-12-16 22:20:48 --> CSRF token verified.
INFO - 2024-12-16 22:25:08 --> Session: Class initialized using 'CodeIgniter\Session\Handlers\DatabaseHandler' driver.
INFO - 2024-12-16 22:25:09 --> Session: Class initialized using 'CodeIgniter\Session\Handlers\DatabaseHandler' driver.
CRITICAL - 2024-12-16 22:25:09 --> CodeIgniter\HTTP\Exceptions\BadRequestException: The URI you submitted has disallowed characters: "sa9@2x.jpg"
[Method: GET, Route: assets/img/pro/sa9@2x.jpg]
in SYSTEMPATH/Router/Router.php on line 737.
 1 SYSTEMPATH/Router/Router.php(204): CodeIgniter\Router\Router->checkDisallowedChars('assets/img/pro/sa9@2x.jpg')
 2 SYSTEMPATH/CodeIgniter.php(834): CodeIgniter\Router\Router->handle('assets/img/pro/sa9@2x.jpg')
 3 SYSTEMPATH/CodeIgniter.php(457): CodeIgniter\CodeIgniter->tryToRouteIt(Object(CodeIgniter\Router\RouteCollection))
 4 SYSTEMPATH/CodeIgniter.php(355): CodeIgniter\CodeIgniter->handleRequest(null, Object(Config\Cache), false)
 5 SYSTEMPATH/Boot.php(325): CodeIgniter\CodeIgniter->run()
 6 SYSTEMPATH/Boot.php(67): CodeIgniter\Boot::runCodeIgniter(Object(CodeIgniter\CodeIgniter))
 7 FCPATH/index.php(56): CodeIgniter\Boot::bootWeb(Object(Config\Paths))
INFO - 2024-12-16 22:25:10 --> Session: Class initialized using 'CodeIgniter\Session\Handlers\DatabaseHandler' driver.
CRITICAL - 2024-12-16 22:25:10 --> CodeIgniter\HTTP\Exceptions\BadRequestException: The URI you submitted has disallowed characters: "sa10@2x.jpg"
[Method: GET, Route: assets/img/pro/sa10@2x.jpg]
in SYSTEMPATH/Router/Router.php on line 737.
 1 SYSTEMPATH/Router/Router.php(204): CodeIgniter\Router\Router->checkDisallowedChars('assets/img/pro/sa10@2x.jpg')
 2 SYSTEMPATH/CodeIgniter.php(834): CodeIgniter\Router\Router->handle('assets/img/pro/sa10@2x.jpg')
 3 SYSTEMPATH/CodeIgniter.php(457): CodeIgniter\CodeIgniter->tryToRouteIt(Object(CodeIgniter\Router\RouteCollection))
 4 SYSTEMPATH/CodeIgniter.php(355): CodeIgniter\CodeIgniter->handleRequest(null, Object(Config\Cache), false)
 5 SYSTEMPATH/Boot.php(325): CodeIgniter\CodeIgniter->run()
 6 SYSTEMPATH/Boot.php(67): CodeIgniter\Boot::runCodeIgniter(Object(CodeIgniter\CodeIgniter))
 7 FCPATH/index.php(56): CodeIgniter\Boot::bootWeb(Object(Config\Paths))
INFO - 2024-12-16 22:25:10 --> Session: Class initialized using 'CodeIgniter\Session\Handlers\DatabaseHandler' driver.
CRITICAL - 2024-12-16 22:25:10 --> CodeIgniter\HTTP\Exceptions\BadRequestException: The URI you submitted has disallowed characters: "sa12@2x.jpg"
[Method: GET, Route: assets/img/pro/sa12@2x.jpg]
in SYSTEMPATH/Router/Router.php on line 737.
 1 SYSTEMPATH/Router/Router.php(204): CodeIgniter\Router\Router->checkDisallowedChars('assets/img/pro/sa12@2x.jpg')
 2 SYSTEMPATH/CodeIgniter.php(834): CodeIgniter\Router\Router->handle('assets/img/pro/sa12@2x.jpg')
 3 SYSTEMPATH/CodeIgniter.php(457): CodeIgniter\CodeIgniter->tryToRouteIt(Object(CodeIgniter\Router\RouteCollection))
 4 SYSTEMPATH/CodeIgniter.php(355): CodeIgniter\CodeIgniter->handleRequest(null, Object(Config\Cache), false)
 5 SYSTEMPATH/Boot.php(325): CodeIgniter\CodeIgniter->run()
 6 SYSTEMPATH/Boot.php(67): CodeIgniter\Boot::runCodeIgniter(Object(CodeIgniter\CodeIgniter))
 7 FCPATH/index.php(56): CodeIgniter\Boot::bootWeb(Object(Config\Paths))
INFO - 2024-12-16 22:25:10 --> Session: Class initialized using 'CodeIgniter\Session\Handlers\DatabaseHandler' driver.
CRITICAL - 2024-12-16 22:25:10 --> CodeIgniter\HTTP\Exceptions\BadRequestException: The URI you submitted has disallowed characters: "sa11@2x.jpg"
[Method: GET, Route: assets/img/pro/sa11@2x.jpg]
in SYSTEMPATH/Router/Router.php on line 737.
 1 SYSTEMPATH/Router/Router.php(204): CodeIgniter\Router\Router->checkDisallowedChars('assets/img/pro/sa11@2x.jpg')
 2 SYSTEMPATH/CodeIgniter.php(834): CodeIgniter\Router\Router->handle('assets/img/pro/sa11@2x.jpg')
 3 SYSTEMPATH/CodeIgniter.php(457): CodeIgniter\CodeIgniter->tryToRouteIt(Object(CodeIgniter\Router\RouteCollection))
 4 SYSTEMPATH/CodeIgniter.php(355): CodeIgniter\CodeIgniter->handleRequest(null, Object(Config\Cache), false)
 5 SYSTEMPATH/Boot.php(325): CodeIgniter\CodeIgniter->run()
 6 SYSTEMPATH/Boot.php(67): CodeIgniter\Boot::runCodeIgniter(Object(CodeIgniter\CodeIgniter))
 7 FCPATH/index.php(56): CodeIgniter\Boot::bootWeb(Object(Config\Paths))
INFO - 2024-12-16 22:25:10 --> Session: Class initialized using 'CodeIgniter\Session\Handlers\DatabaseHandler' driver.
CRITICAL - 2024-12-16 22:25:10 --> CodeIgniter\HTTP\Exceptions\BadRequestException: The URI you submitted has disallowed characters: "sa15@2x.jpg"
[Method: GET, Route: assets/img/pro/sa15@2x.jpg]
in SYSTEMPATH/Router/Router.php on line 737.
 1 SYSTEMPATH/Router/Router.php(204): CodeIgniter\Router\Router->checkDisallowedChars('assets/img/pro/sa15@2x.jpg')
 2 SYSTEMPATH/CodeIgniter.php(834): CodeIgniter\Router\Router->handle('assets/img/pro/sa15@2x.jpg')
 3 SYSTEMPATH/CodeIgniter.php(457): CodeIgniter\CodeIgniter->tryToRouteIt(Object(CodeIgniter\Router\RouteCollection))
 4 SYSTEMPATH/CodeIgniter.php(355): CodeIgniter\CodeIgniter->handleRequest(null, Object(Config\Cache), false)
 5 SYSTEMPATH/Boot.php(325): CodeIgniter\CodeIgniter->run()
 6 SYSTEMPATH/Boot.php(67): CodeIgniter\Boot::runCodeIgniter(Object(CodeIgniter\CodeIgniter))
 7 FCPATH/index.php(56): CodeIgniter\Boot::bootWeb(Object(Config\Paths))
INFO - 2024-12-16 22:25:10 --> Session: Class initialized using 'CodeIgniter\Session\Handlers\DatabaseHandler' driver.
CRITICAL - 2024-12-16 22:25:10 --> CodeIgniter\HTTP\Exceptions\BadRequestException: The URI you submitted has disallowed characters: "sa13@2x.jpg"
[Method: GET, Route: assets/img/pro/sa13@2x.jpg]
in SYSTEMPATH/Router/Router.php on line 737.
 1 SYSTEMPATH/Router/Router.php(204): CodeIgniter\Router\Router->checkDisallowedChars('assets/img/pro/sa13@2x.jpg')
 2 SYSTEMPATH/CodeIgniter.php(834): CodeIgniter\Router\Router->handle('assets/img/pro/sa13@2x.jpg')
 3 SYSTEMPATH/CodeIgniter.php(457): CodeIgniter\CodeIgniter->tryToRouteIt(Object(CodeIgniter\Router\RouteCollection))
 4 SYSTEMPATH/CodeIgniter.php(355): CodeIgniter\CodeIgniter->handleRequest(null, Object(Config\Cache), false)
 5 SYSTEMPATH/Boot.php(325): CodeIgniter\CodeIgniter->run()
 6 SYSTEMPATH/Boot.php(67): CodeIgniter\Boot::runCodeIgniter(Object(CodeIgniter\CodeIgniter))
 7 FCPATH/index.php(56): CodeIgniter\Boot::bootWeb(Object(Config\Paths))
INFO - 2024-12-16 22:25:10 --> Session: Class initialized using 'CodeIgniter\Session\Handlers\DatabaseHandler' driver.
CRITICAL - 2024-12-16 22:25:10 --> CodeIgniter\HTTP\Exceptions\BadRequestException: The URI you submitted has disallowed characters: "sa14@2x.jpg"
[Method: GET, Route: assets/img/pro/sa14@2x.jpg]
in SYSTEMPATH/Router/Router.php on line 737.
 1 SYSTEMPATH/Router/Router.php(204): CodeIgniter\Router\Router->checkDisallowedChars('assets/img/pro/sa14@2x.jpg')
 2 SYSTEMPATH/CodeIgniter.php(834): CodeIgniter\Router\Router->handle('assets/img/pro/sa14@2x.jpg')
 3 SYSTEMPATH/CodeIgniter.php(457): CodeIgniter\CodeIgniter->tryToRouteIt(Object(CodeIgniter\Router\RouteCollection))
 4 SYSTEMPATH/CodeIgniter.php(355): CodeIgniter\CodeIgniter->handleRequest(null, Object(Config\Cache), false)
 5 SYSTEMPATH/Boot.php(325): CodeIgniter\CodeIgniter->run()
 6 SYSTEMPATH/Boot.php(67): CodeIgniter\Boot::runCodeIgniter(Object(CodeIgniter\CodeIgniter))
 7 FCPATH/index.php(56): CodeIgniter\Boot::bootWeb(Object(Config\Paths))
INFO - 2024-12-16 22:25:10 --> Session: Class initialized using 'CodeIgniter\Session\Handlers\DatabaseHandler' driver.
INFO - 2024-12-16 22:25:10 --> CSRF token verified.
INFO - 2024-12-16 22:25:19 --> Session: Class initialized using 'CodeIgniter\Session\Handlers\DatabaseHandler' driver.
INFO - 2024-12-16 22:25:20 --> Session: Class initialized using 'CodeIgniter\Session\Handlers\DatabaseHandler' driver.
INFO - 2024-12-16 22:25:21 --> CSRF token verified.
INFO - 2024-12-16 22:26:32 --> Session: Class initialized using 'CodeIgniter\Session\Handlers\DatabaseHandler' driver.
INFO - 2024-12-16 22:35:34 --> Session: Class initialized using 'CodeIgniter\Session\Handlers\DatabaseHandler' driver.
INFO - 2024-12-16 22:35:36 --> Session: Class initialized using 'CodeIgniter\Session\Handlers\DatabaseHandler' driver.
INFO - 2024-12-16 22:35:36 --> CSRF token verified.
INFO - 2024-12-16 22:35:41 --> Session: Class initialized using 'CodeIgniter\Session\Handlers\DatabaseHandler' driver.
INFO - 2024-12-16 22:35:43 --> Session: Class initialized using 'CodeIgniter\Session\Handlers\DatabaseHandler' driver.
CRITICAL - 2024-12-16 22:35:43 --> CodeIgniter\HTTP\Exceptions\BadRequestException: The URI you submitted has disallowed characters: "sa9@2x.jpg"
[Method: GET, Route: assets/img/pro/sa9@2x.jpg]
in SYSTEMPATH/Router/Router.php on line 737.
 1 SYSTEMPATH/Router/Router.php(204): CodeIgniter\Router\Router->checkDisallowedChars('assets/img/pro/sa9@2x.jpg')
 2 SYSTEMPATH/CodeIgniter.php(834): CodeIgniter\Router\Router->handle('assets/img/pro/sa9@2x.jpg')
 3 SYSTEMPATH/CodeIgniter.php(457): CodeIgniter\CodeIgniter->tryToRouteIt(Object(CodeIgniter\Router\RouteCollection))
 4 SYSTEMPATH/CodeIgniter.php(355): CodeIgniter\CodeIgniter->handleRequest(null, Object(Config\Cache), false)
 5 SYSTEMPATH/Boot.php(325): CodeIgniter\CodeIgniter->run()
 6 SYSTEMPATH/Boot.php(67): CodeIgniter\Boot::runCodeIgniter(Object(CodeIgniter\CodeIgniter))
 7 FCPATH/index.php(56): CodeIgniter\Boot::bootWeb(Object(Config\Paths))
INFO - 2024-12-16 22:35:43 --> Session: Class initialized using 'CodeIgniter\Session\Handlers\DatabaseHandler' driver.
CRITICAL - 2024-12-16 22:35:43 --> CodeIgniter\HTTP\Exceptions\BadRequestException: The URI you submitted has disallowed characters: "sa10@2x.jpg"
[Method: GET, Route: assets/img/pro/sa10@2x.jpg]
in SYSTEMPATH/Router/Router.php on line 737.
 1 SYSTEMPATH/Router/Router.php(204): CodeIgniter\Router\Router->checkDisallowedChars('assets/img/pro/sa10@2x.jpg')
 2 SYSTEMPATH/CodeIgniter.php(834): CodeIgniter\Router\Router->handle('assets/img/pro/sa10@2x.jpg')
 3 SYSTEMPATH/CodeIgniter.php(457): CodeIgniter\CodeIgniter->tryToRouteIt(Object(CodeIgniter\Router\RouteCollection))
 4 SYSTEMPATH/CodeIgniter.php(355): CodeIgniter\CodeIgniter->handleRequest(null, Object(Config\Cache), false)
 5 SYSTEMPATH/Boot.php(325): CodeIgniter\CodeIgniter->run()
 6 SYSTEMPATH/Boot.php(67): CodeIgniter\Boot::runCodeIgniter(Object(CodeIgniter\CodeIgniter))
 7 FCPATH/index.php(56): CodeIgniter\Boot::bootWeb(Object(Config\Paths))
INFO - 2024-12-16 22:35:43 --> Session: Class initialized using 'CodeIgniter\Session\Handlers\DatabaseHandler' driver.
CRITICAL - 2024-12-16 22:35:43 --> CodeIgniter\HTTP\Exceptions\BadRequestException: The URI you submitted has disallowed characters: "sa11@2x.jpg"
[Method: GET, Route: assets/img/pro/sa11@2x.jpg]
in SYSTEMPATH/Router/Router.php on line 737.
 1 SYSTEMPATH/Router/Router.php(204): CodeIgniter\Router\Router->checkDisallowedChars('assets/img/pro/sa11@2x.jpg')
 2 SYSTEMPATH/CodeIgniter.php(834): CodeIgniter\Router\Router->handle('assets/img/pro/sa11@2x.jpg')
 3 SYSTEMPATH/CodeIgniter.php(457): CodeIgniter\CodeIgniter->tryToRouteIt(Object(CodeIgniter\Router\RouteCollection))
 4 SYSTEMPATH/CodeIgniter.php(355): CodeIgniter\CodeIgniter->handleRequest(null, Object(Config\Cache), false)
 5 SYSTEMPATH/Boot.php(325): CodeIgniter\CodeIgniter->run()
 6 SYSTEMPATH/Boot.php(67): CodeIgniter\Boot::runCodeIgniter(Object(CodeIgniter\CodeIgniter))
 7 FCPATH/index.php(56): CodeIgniter\Boot::bootWeb(Object(Config\Paths))
INFO - 2024-12-16 22:35:43 --> Session: Class initialized using 'CodeIgniter\Session\Handlers\DatabaseHandler' driver.
CRITICAL - 2024-12-16 22:35:43 --> CodeIgniter\HTTP\Exceptions\BadRequestException: The URI you submitted has disallowed characters: "sa14@2x.jpg"
[Method: GET, Route: assets/img/pro/sa14@2x.jpg]
in SYSTEMPATH/Router/Router.php on line 737.
 1 SYSTEMPATH/Router/Router.php(204): CodeIgniter\Router\Router->checkDisallowedChars('assets/img/pro/sa14@2x.jpg')
 2 SYSTEMPATH/CodeIgniter.php(834): CodeIgniter\Router\Router->handle('assets/img/pro/sa14@2x.jpg')
 3 SYSTEMPATH/CodeIgniter.php(457): CodeIgniter\CodeIgniter->tryToRouteIt(Object(CodeIgniter\Router\RouteCollection))
 4 SYSTEMPATH/CodeIgniter.php(355): CodeIgniter\CodeIgniter->handleRequest(null, Object(Config\Cache), false)
 5 SYSTEMPATH/Boot.php(325): CodeIgniter\CodeIgniter->run()
 6 SYSTEMPATH/Boot.php(67): CodeIgniter\Boot::runCodeIgniter(Object(CodeIgniter\CodeIgniter))
 7 FCPATH/index.php(56): CodeIgniter\Boot::bootWeb(Object(Config\Paths))
INFO - 2024-12-16 22:35:43 --> Session: Class initialized using 'CodeIgniter\Session\Handlers\DatabaseHandler' driver.
CRITICAL - 2024-12-16 22:35:43 --> CodeIgniter\HTTP\Exceptions\BadRequestException: The URI you submitted has disallowed characters: "sa15@2x.jpg"
[Method: GET, Route: assets/img/pro/sa15@2x.jpg]
in SYSTEMPATH/Router/Router.php on line 737.
 1 SYSTEMPATH/Router/Router.php(204): CodeIgniter\Router\Router->checkDisallowedChars('assets/img/pro/sa15@2x.jpg')
 2 SYSTEMPATH/CodeIgniter.php(834): CodeIgniter\Router\Router->handle('assets/img/pro/sa15@2x.jpg')
 3 SYSTEMPATH/CodeIgniter.php(457): CodeIgniter\CodeIgniter->tryToRouteIt(Object(CodeIgniter\Router\RouteCollection))
 4 SYSTEMPATH/CodeIgniter.php(355): CodeIgniter\CodeIgniter->handleRequest(null, Object(Config\Cache), false)
 5 SYSTEMPATH/Boot.php(325): CodeIgniter\CodeIgniter->run()
 6 SYSTEMPATH/Boot.php(67): CodeIgniter\Boot::runCodeIgniter(Object(CodeIgniter\CodeIgniter))
 7 FCPATH/index.php(56): CodeIgniter\Boot::bootWeb(Object(Config\Paths))
INFO - 2024-12-16 22:35:43 --> Session: Class initialized using 'CodeIgniter\Session\Handlers\DatabaseHandler' driver.
CRITICAL - 2024-12-16 22:35:43 --> CodeIgniter\HTTP\Exceptions\BadRequestException: The URI you submitted has disallowed characters: "sa13@2x.jpg"
[Method: GET, Route: assets/img/pro/sa13@2x.jpg]
in SYSTEMPATH/Router/Router.php on line 737.
 1 SYSTEMPATH/Router/Router.php(204): CodeIgniter\Router\Router->checkDisallowedChars('assets/img/pro/sa13@2x.jpg')
 2 SYSTEMPATH/CodeIgniter.php(834): CodeIgniter\Router\Router->handle('assets/img/pro/sa13@2x.jpg')
 3 SYSTEMPATH/CodeIgniter.php(457): CodeIgniter\CodeIgniter->tryToRouteIt(Object(CodeIgniter\Router\RouteCollection))
 4 SYSTEMPATH/CodeIgniter.php(355): CodeIgniter\CodeIgniter->handleRequest(null, Object(Config\Cache), false)
 5 SYSTEMPATH/Boot.php(325): CodeIgniter\CodeIgniter->run()
 6 SYSTEMPATH/Boot.php(67): CodeIgniter\Boot::runCodeIgniter(Object(CodeIgniter\CodeIgniter))
 7 FCPATH/index.php(56): CodeIgniter\Boot::bootWeb(Object(Config\Paths))
INFO - 2024-12-16 22:35:43 --> Session: Class initialized using 'CodeIgniter\Session\Handlers\DatabaseHandler' driver.
CRITICAL - 2024-12-16 22:35:43 --> CodeIgniter\HTTP\Exceptions\BadRequestException: The URI you submitted has disallowed characters: "sa12@2x.jpg"
[Method: GET, Route: assets/img/pro/sa12@2x.jpg]
in SYSTEMPATH/Router/Router.php on line 737.
 1 SYSTEMPATH/Router/Router.php(204): CodeIgniter\Router\Router->checkDisallowedChars('assets/img/pro/sa12@2x.jpg')
 2 SYSTEMPATH/CodeIgniter.php(834): CodeIgniter\Router\Router->handle('assets/img/pro/sa12@2x.jpg')
 3 SYSTEMPATH/CodeIgniter.php(457): CodeIgniter\CodeIgniter->tryToRouteIt(Object(CodeIgniter\Router\RouteCollection))
 4 SYSTEMPATH/CodeIgniter.php(355): CodeIgniter\CodeIgniter->handleRequest(null, Object(Config\Cache), false)
 5 SYSTEMPATH/Boot.php(325): CodeIgniter\CodeIgniter->run()
 6 SYSTEMPATH/Boot.php(67): CodeIgniter\Boot::runCodeIgniter(Object(CodeIgniter\CodeIgniter))
 7 FCPATH/index.php(56): CodeIgniter\Boot::bootWeb(Object(Config\Paths))
INFO - 2024-12-16 22:35:43 --> Session: Class initialized using 'CodeIgniter\Session\Handlers\DatabaseHandler' driver.
INFO - 2024-12-16 22:35:43 --> CSRF token verified.
INFO - 2024-12-16 22:56:37 --> Session: Class initialized using 'CodeIgniter\Session\Handlers\DatabaseHandler' driver.
INFO - 2024-12-16 22:57:31 --> Session: Class initialized using 'CodeIgniter\Session\Handlers\DatabaseHandler' driver.
INFO - 2024-12-16 22:57:31 --> Session: Class initialized using 'CodeIgniter\Session\Handlers\DatabaseHandler' driver.
INFO - 2024-12-16 23:04:40 --> Session: Class initialized using 'CodeIgniter\Session\Handlers\DatabaseHandler' driver.
INFO - 2024-12-16 23:06:54 --> Session: Class initialized using 'CodeIgniter\Session\Handlers\DatabaseHandler' driver.
INFO - 2024-12-16 23:06:55 --> Session: Class initialized using 'CodeIgniter\Session\Handlers\DatabaseHandler' driver.
INFO - 2024-12-16 23:06:56 --> Session: Class initialized using 'CodeIgniter\Session\Handlers\DatabaseHandler' driver.
INFO - 2024-12-16 23:06:56 --> Session: Class initialized using 'CodeIgniter\Session\Handlers\DatabaseHandler' driver.
INFO - 2024-12-16 23:06:56 --> Session: Class initialized using 'CodeIgniter\Session\Handlers\DatabaseHandler' driver.
INFO - 2024-12-16 23:06:57 --> Session: Class initialized using 'CodeIgniter\Session\Handlers\DatabaseHandler' driver.
INFO - 2024-12-16 23:06:57 --> Session: Class initialized using 'CodeIgniter\Session\Handlers\DatabaseHandler' driver.
INFO - 2024-12-16 23:06:57 --> Session: Class initialized using 'CodeIgniter\Session\Handlers\DatabaseHandler' driver.
INFO - 2024-12-16 23:07:12 --> Session: Class initialized using 'CodeIgniter\Session\Handlers\DatabaseHandler' driver.
INFO - 2024-12-16 23:48:37 --> Session: Class initialized using 'CodeIgniter\Session\Handlers\DatabaseHandler' driver.
INFO - 2024-12-16 23:55:15 --> Session: Class initialized using 'CodeIgniter\Session\Handlers\DatabaseHandler' driver.
INFO - 2024-12-16 23:55:43 --> Session: Class initialized using 'CodeIgniter\Session\Handlers\DatabaseHandler' driver.
INFO - 2024-12-16 23:56:45 --> Session: Class initialized using 'CodeIgniter\Session\Handlers\DatabaseHandler' driver.
