INFO - 2024-11-11 00:00:42 --> Session: Class initialized using 'CodeIgniter\Session\Handlers\DatabaseHandler' driver.
INFO - 2024-11-11 00:01:13 --> Session: Class initialized using 'CodeIgniter\Session\Handlers\DatabaseHandler' driver.
INFO - 2024-11-11 00:03:08 --> Session: Class initialized using 'CodeIgniter\Session\Handlers\DatabaseHandler' driver.
CRITICAL - 2024-11-11 00:03:08 --> CodeIgniter\HTTP\Exceptions\BadRequestException: The URI you submitted has disallowed characters: "اعمال"
[Method: GET, Route: ar/blog/%D8%A7%D8%B9%D9%85%D8%A7%D9%84]
in SYSTEMPATH/Router/Router.php on line 737.
 1 SYSTEMPATH/Router/Router.php(204): CodeIgniter\Router\Router->checkDisallowedChars('ar/blog/اعمال')
 2 SYSTEMPATH/CodeIgniter.php(834): CodeIgniter\Router\Router->handle('ar/blog/اعمال')
 3 SYSTEMPATH/CodeIgniter.php(457): CodeIgniter\CodeIgniter->tryToRouteIt(Object(CodeIgniter\Router\RouteCollection))
 4 SYSTEMPATH/CodeIgniter.php(355): CodeIgniter\CodeIgniter->handleRequest(null, Object(Config\Cache), false)
 5 SYSTEMPATH/Boot.php(325): CodeIgniter\CodeIgniter->run()
 6 SYSTEMPATH/Boot.php(67): CodeIgniter\Boot::runCodeIgniter(Object(CodeIgniter\CodeIgniter))
 7 FCPATH/index.php(56): CodeIgniter\Boot::bootWeb(Object(Config\Paths))
CRITICAL - 2024-11-11 00:03:08 --> ErrorException: Uncaught Error: Class "Locale" not found in /home/carttalog/public_html/system/Helpers/number_helper.php:140
Stack trace:
#0 /home/carttalog/public_html/system/Helpers/number_helper.php(58): format_number(12.0, 2, NULL, Array)
#1 /home/carttalog/public_html/system/Debug/BaseExceptionHandler.php(154): number_to_size(12.0, 2)
#2 /home/carttalog/public_html/app/Views/errors/html/error_exception.php(365): CodeIgniter\Debug\BaseExceptionHandler::describeMemory(12582912)
#3 /home/carttalog/public_html/system/Debug/BaseExceptionHandler.php(266): include('/home/carttalog...')
#4 /home/carttalog/public_html/system/Debug/BaseExceptionHandler.php(269): CodeIgniter\Debug\BaseExceptionHandler->CodeIgniter\Debug\{closure}()
#5 /home/carttalog/public_html/system/Debug/ExceptionHandler.php(114): CodeIgniter\Debug\BaseExceptionHandler->render(Object(CodeIgniter\HTTP\Exceptions\BadRequestException), 400, '/home/carttalog...')
#6 /home/carttalog/public_html/system/Debug/Exceptions.php(164): CodeIgniter\Debug\ExceptionHandler->handle(Object(CodeIgniter\HTTP\Exceptions\BadRequestException), Object(CodeIgniter\HTTP\IncomingRequest), Object(CodeIgniter\HTTP\Response), 400, 1)
#7 [internal function]: CodeIgniter\Debug\Exceptions->exceptionHandler(Object(CodeIgniter\HTTP\Exceptions\BadRequestException))
#8 {main}
  thrown
【Previous Exception】
CodeIgniter\HTTP\Exceptions\BadRequestException
The URI you submitted has disallowed characters: "اعمال"
#0 /home/carttalog/public_html/system/Router/Router.php(204): CodeIgniter\Router\Router->checkDisallowedChars('ar/blog/\xD8\xA7\xD8\xB9\xD9\x85\xD8...')
#1 /home/carttalog/public_html/system/CodeIgniter.php(834): CodeIgniter\Router\Router->handle('ar/blog/\xD8\xA7\xD8\xB9\xD9\x85\xD8...')
#2 /home/carttalog/public_html/system/CodeIgniter.php(457): CodeIgniter\CodeIgniter->tryToRouteIt(Object(CodeIgniter\Router\RouteCollection))
#3 /home/carttalog/public_html/system/CodeIgniter.php(355): CodeIgniter\CodeIgniter->handleRequest(NULL, Object(Config\Cache), false)
#4 /home/carttalog/public_html/system/Boot.php(325): CodeIgniter\CodeIgniter->run()
#5 /home/carttalog/public_html/system/Boot.php(67): CodeIgniter\Boot::runCodeIgniter(Object(CodeIgniter\CodeIgniter))
#6 /home/carttalog/public_html/index.php(56): CodeIgniter\Boot::bootWeb(Object(Config\Paths))
#7 {main}
[Method: GET, Route: ar/blog/%D8%A7%D8%B9%D9%85%D8%A7%D9%84]
in SYSTEMPATH/Helpers/number_helper.php on line 140.
 1 [internal function]: CodeIgniter\Debug\Exceptions->shutdownHandler()
INFO - 2024-11-11 00:12:56 --> Session: Class initialized using 'CodeIgniter\Session\Handlers\DatabaseHandler' driver.
INFO - 2024-11-11 00:37:18 --> Session: Class initialized using 'CodeIgniter\Session\Handlers\DatabaseHandler' driver.
INFO - 2024-11-11 00:41:47 --> Session: Class initialized using 'CodeIgniter\Session\Handlers\DatabaseHandler' driver.
INFO - 2024-11-11 00:50:47 --> Session: Class initialized using 'CodeIgniter\Session\Handlers\DatabaseHandler' driver.
INFO - 2024-11-11 00:58:38 --> Session: Class initialized using 'CodeIgniter\Session\Handlers\DatabaseHandler' driver.
INFO - 2024-11-11 01:17:11 --> Session: Class initialized using 'CodeIgniter\Session\Handlers\DatabaseHandler' driver.
INFO - 2024-11-11 01:21:22 --> Session: Class initialized using 'CodeIgniter\Session\Handlers\DatabaseHandler' driver.
INFO - 2024-11-11 01:21:25 --> Session: Class initialized using 'CodeIgniter\Session\Handlers\DatabaseHandler' driver.
INFO - 2024-11-11 01:21:27 --> Session: Class initialized using 'CodeIgniter\Session\Handlers\DatabaseHandler' driver.
INFO - 2024-11-11 01:21:30 --> Session: Class initialized using 'CodeIgniter\Session\Handlers\DatabaseHandler' driver.
INFO - 2024-11-11 01:21:32 --> Session: Class initialized using 'CodeIgniter\Session\Handlers\DatabaseHandler' driver.
INFO - 2024-11-11 01:21:35 --> Session: Class initialized using 'CodeIgniter\Session\Handlers\DatabaseHandler' driver.
INFO - 2024-11-11 01:21:37 --> Session: Class initialized using 'CodeIgniter\Session\Handlers\DatabaseHandler' driver.
INFO - 2024-11-11 01:21:40 --> Session: Class initialized using 'CodeIgniter\Session\Handlers\DatabaseHandler' driver.
INFO - 2024-11-11 01:21:43 --> Session: Class initialized using 'CodeIgniter\Session\Handlers\DatabaseHandler' driver.
INFO - 2024-11-11 01:21:46 --> Session: Class initialized using 'CodeIgniter\Session\Handlers\DatabaseHandler' driver.
INFO - 2024-11-11 01:21:48 --> Session: Class initialized using 'CodeIgniter\Session\Handlers\DatabaseHandler' driver.
INFO - 2024-11-11 01:21:51 --> Session: Class initialized using 'CodeIgniter\Session\Handlers\DatabaseHandler' driver.
INFO - 2024-11-11 01:21:51 --> Session: Class initialized using 'CodeIgniter\Session\Handlers\DatabaseHandler' driver.
INFO - 2024-11-11 01:21:53 --> Session: Class initialized using 'CodeIgniter\Session\Handlers\DatabaseHandler' driver.
INFO - 2024-11-11 01:21:56 --> Session: Class initialized using 'CodeIgniter\Session\Handlers\DatabaseHandler' driver.
INFO - 2024-11-11 01:21:58 --> Session: Class initialized using 'CodeIgniter\Session\Handlers\DatabaseHandler' driver.
INFO - 2024-11-11 01:22:01 --> Session: Class initialized using 'CodeIgniter\Session\Handlers\DatabaseHandler' driver.
INFO - 2024-11-11 01:22:04 --> Session: Class initialized using 'CodeIgniter\Session\Handlers\DatabaseHandler' driver.
INFO - 2024-11-11 01:22:06 --> Session: Class initialized using 'CodeIgniter\Session\Handlers\DatabaseHandler' driver.
INFO - 2024-11-11 01:22:09 --> Session: Class initialized using 'CodeIgniter\Session\Handlers\DatabaseHandler' driver.
INFO - 2024-11-11 01:22:11 --> Session: Class initialized using 'CodeIgniter\Session\Handlers\DatabaseHandler' driver.
INFO - 2024-11-11 01:22:14 --> Session: Class initialized using 'CodeIgniter\Session\Handlers\DatabaseHandler' driver.
INFO - 2024-11-11 01:22:17 --> Session: Class initialized using 'CodeIgniter\Session\Handlers\DatabaseHandler' driver.
INFO - 2024-11-11 01:22:19 --> Session: Class initialized using 'CodeIgniter\Session\Handlers\DatabaseHandler' driver.
INFO - 2024-11-11 01:22:22 --> Session: Class initialized using 'CodeIgniter\Session\Handlers\DatabaseHandler' driver.
INFO - 2024-11-11 01:22:25 --> Session: Class initialized using 'CodeIgniter\Session\Handlers\DatabaseHandler' driver.
INFO - 2024-11-11 01:22:27 --> Session: Class initialized using 'CodeIgniter\Session\Handlers\DatabaseHandler' driver.
INFO - 2024-11-11 01:22:30 --> Session: Class initialized using 'CodeIgniter\Session\Handlers\DatabaseHandler' driver.
INFO - 2024-11-11 01:22:32 --> Session: Class initialized using 'CodeIgniter\Session\Handlers\DatabaseHandler' driver.
INFO - 2024-11-11 01:22:35 --> Session: Class initialized using 'CodeIgniter\Session\Handlers\DatabaseHandler' driver.
INFO - 2024-11-11 01:22:38 --> Session: Class initialized using 'CodeIgniter\Session\Handlers\DatabaseHandler' driver.
INFO - 2024-11-11 01:22:40 --> Session: Class initialized using 'CodeIgniter\Session\Handlers\DatabaseHandler' driver.
INFO - 2024-11-11 01:22:43 --> Session: Class initialized using 'CodeIgniter\Session\Handlers\DatabaseHandler' driver.
INFO - 2024-11-11 01:22:46 --> Session: Class initialized using 'CodeIgniter\Session\Handlers\DatabaseHandler' driver.
INFO - 2024-11-11 01:22:48 --> Session: Class initialized using 'CodeIgniter\Session\Handlers\DatabaseHandler' driver.
INFO - 2024-11-11 01:22:51 --> Session: Class initialized using 'CodeIgniter\Session\Handlers\DatabaseHandler' driver.
INFO - 2024-11-11 01:35:56 --> Session: Class initialized using 'CodeIgniter\Session\Handlers\DatabaseHandler' driver.
INFO - 2024-11-11 01:41:47 --> Session: Class initialized using 'CodeIgniter\Session\Handlers\DatabaseHandler' driver.
INFO - 2024-11-11 01:41:55 --> Session: Class initialized using 'CodeIgniter\Session\Handlers\DatabaseHandler' driver.
INFO - 2024-11-11 02:06:49 --> Session: Class initialized using 'CodeIgniter\Session\Handlers\DatabaseHandler' driver.
INFO - 2024-11-11 02:26:14 --> Session: Class initialized using 'CodeIgniter\Session\Handlers\DatabaseHandler' driver.
INFO - 2024-11-11 02:42:12 --> Session: Class initialized using 'CodeIgniter\Session\Handlers\DatabaseHandler' driver.
INFO - 2024-11-11 02:42:14 --> Session: Class initialized using 'CodeIgniter\Session\Handlers\DatabaseHandler' driver.
INFO - 2024-11-11 02:42:16 --> Session: Class initialized using 'CodeIgniter\Session\Handlers\DatabaseHandler' driver.
INFO - 2024-11-11 02:42:16 --> Session: Class initialized using 'CodeIgniter\Session\Handlers\DatabaseHandler' driver.
INFO - 2024-11-11 02:42:17 --> Session: Class initialized using 'CodeIgniter\Session\Handlers\DatabaseHandler' driver.
INFO - 2024-11-11 02:42:18 --> Session: Class initialized using 'CodeIgniter\Session\Handlers\DatabaseHandler' driver.
INFO - 2024-11-11 02:42:19 --> Session: Class initialized using 'CodeIgniter\Session\Handlers\DatabaseHandler' driver.
INFO - 2024-11-11 02:42:20 --> Session: Class initialized using 'CodeIgniter\Session\Handlers\DatabaseHandler' driver.
INFO - 2024-11-11 02:45:01 --> Session: Class initialized using 'CodeIgniter\Session\Handlers\DatabaseHandler' driver.
CRITICAL - 2024-11-11 02:45:01 --> ErrorException: Undefined variable $mainCategories
[Method: GET, Route: products]
in APPPATH/Views/product/products.php on line 123.
 1 APPPATH/Views/product/products.php(123): CodeIgniter\Debug\Exceptions->errorHandler(2, 'Undefined variable $mainCategories', '/home/carttalog/public_html/app/Views/product/products.php', 123)
 2 SYSTEMPATH/View/View.php(234): include('/home/carttalog/public_html/app/Views/product/products.php')
 3 SYSTEMPATH/View/View.php(237): CodeIgniter\View\View->CodeIgniter\View\{closure}()
 4 SYSTEMPATH/Common.php(1195): CodeIgniter\View\View->render('product/products', [], true)
 5 APPPATH/Controllers/HomeController.php(136): view('product/products', [...])
 6 SYSTEMPATH/CodeIgniter.php(933): App\Controllers\HomeController->products()
 7 SYSTEMPATH/CodeIgniter.php(509): CodeIgniter\CodeIgniter->runController(Object(App\Controllers\HomeController))
 8 SYSTEMPATH/CodeIgniter.php(355): CodeIgniter\CodeIgniter->handleRequest(null, Object(Config\Cache), false)
 9 SYSTEMPATH/Boot.php(325): CodeIgniter\CodeIgniter->run()
10 SYSTEMPATH/Boot.php(67): CodeIgniter\Boot::runCodeIgniter(Object(CodeIgniter\CodeIgniter))
11 FCPATH/index.php(56): CodeIgniter\Boot::bootWeb(Object(Config\Paths))
INFO - 2024-11-11 02:51:22 --> Session: Class initialized using 'CodeIgniter\Session\Handlers\DatabaseHandler' driver.
INFO - 2024-11-11 02:51:22 --> CSRF token verified.
INFO - 2024-11-11 02:59:56 --> Session: Class initialized using 'CodeIgniter\Session\Handlers\DatabaseHandler' driver.
INFO - 2024-11-11 03:00:52 --> Session: Class initialized using 'CodeIgniter\Session\Handlers\DatabaseHandler' driver.
INFO - 2024-11-11 03:02:31 --> Session: Class initialized using 'CodeIgniter\Session\Handlers\DatabaseHandler' driver.
INFO - 2024-11-11 03:28:39 --> Session: Class initialized using 'CodeIgniter\Session\Handlers\DatabaseHandler' driver.
INFO - 2024-11-11 03:32:28 --> Session: Class initialized using 'CodeIgniter\Session\Handlers\DatabaseHandler' driver.
INFO - 2024-11-11 03:41:59 --> Session: Class initialized using 'CodeIgniter\Session\Handlers\DatabaseHandler' driver.
INFO - 2024-11-11 03:42:02 --> Session: Class initialized using 'CodeIgniter\Session\Handlers\DatabaseHandler' driver.
INFO - 2024-11-11 03:42:02 --> Session: Class initialized using 'CodeIgniter\Session\Handlers\DatabaseHandler' driver.
INFO - 2024-11-11 03:42:02 --> CSRF token verified.
INFO - 2024-11-11 03:42:06 --> Session: Class initialized using 'CodeIgniter\Session\Handlers\DatabaseHandler' driver.
INFO - 2024-11-11 03:42:08 --> Session: Class initialized using 'CodeIgniter\Session\Handlers\DatabaseHandler' driver.
INFO - 2024-11-11 03:42:08 --> CSRF token verified.
INFO - 2024-11-11 04:06:44 --> Session: Class initialized using 'CodeIgniter\Session\Handlers\DatabaseHandler' driver.
INFO - 2024-11-11 04:06:47 --> Session: Class initialized using 'CodeIgniter\Session\Handlers\DatabaseHandler' driver.
INFO - 2024-11-11 04:06:47 --> Session: Class initialized using 'CodeIgniter\Session\Handlers\DatabaseHandler' driver.
INFO - 2024-11-11 04:06:50 --> Session: Class initialized using 'CodeIgniter\Session\Handlers\DatabaseHandler' driver.
INFO - 2024-11-11 04:06:51 --> Session: Class initialized using 'CodeIgniter\Session\Handlers\DatabaseHandler' driver.
INFO - 2024-11-11 04:06:51 --> Session: Class initialized using 'CodeIgniter\Session\Handlers\DatabaseHandler' driver.
INFO - 2024-11-11 04:06:53 --> Session: Class initialized using 'CodeIgniter\Session\Handlers\DatabaseHandler' driver.
INFO - 2024-11-11 04:06:54 --> Session: Class initialized using 'CodeIgniter\Session\Handlers\DatabaseHandler' driver.
INFO - 2024-11-11 04:06:55 --> Session: Class initialized using 'CodeIgniter\Session\Handlers\DatabaseHandler' driver.
INFO - 2024-11-11 04:06:56 --> Session: Class initialized using 'CodeIgniter\Session\Handlers\DatabaseHandler' driver.
INFO - 2024-11-11 04:06:57 --> Session: Class initialized using 'CodeIgniter\Session\Handlers\DatabaseHandler' driver.
INFO - 2024-11-11 04:06:58 --> Session: Class initialized using 'CodeIgniter\Session\Handlers\DatabaseHandler' driver.
INFO - 2024-11-11 04:10:38 --> Session: Class initialized using 'CodeIgniter\Session\Handlers\DatabaseHandler' driver.
INFO - 2024-11-11 04:10:40 --> Session: Class initialized using 'CodeIgniter\Session\Handlers\DatabaseHandler' driver.
INFO - 2024-11-11 04:10:43 --> Session: Class initialized using 'CodeIgniter\Session\Handlers\DatabaseHandler' driver.
INFO - 2024-11-11 04:10:45 --> Session: Class initialized using 'CodeIgniter\Session\Handlers\DatabaseHandler' driver.
INFO - 2024-11-11 04:10:47 --> Session: Class initialized using 'CodeIgniter\Session\Handlers\DatabaseHandler' driver.
INFO - 2024-11-11 04:10:50 --> Session: Class initialized using 'CodeIgniter\Session\Handlers\DatabaseHandler' driver.
INFO - 2024-11-11 04:10:52 --> Session: Class initialized using 'CodeIgniter\Session\Handlers\DatabaseHandler' driver.
INFO - 2024-11-11 04:10:54 --> Session: Class initialized using 'CodeIgniter\Session\Handlers\DatabaseHandler' driver.
INFO - 2024-11-11 04:27:38 --> Session: Class initialized using 'CodeIgniter\Session\Handlers\DatabaseHandler' driver.
INFO - 2024-11-11 04:28:37 --> Session: Class initialized using 'CodeIgniter\Session\Handlers\DatabaseHandler' driver.
INFO - 2024-11-11 04:44:30 --> Session: Class initialized using 'CodeIgniter\Session\Handlers\DatabaseHandler' driver.
INFO - 2024-11-11 04:51:01 --> Session: Class initialized using 'CodeIgniter\Session\Handlers\DatabaseHandler' driver.
INFO - 2024-11-11 05:04:23 --> Session: Class initialized using 'CodeIgniter\Session\Handlers\DatabaseHandler' driver.
INFO - 2024-11-11 05:17:45 --> Session: Class initialized using 'CodeIgniter\Session\Handlers\DatabaseHandler' driver.
INFO - 2024-11-11 05:18:46 --> Session: Class initialized using 'CodeIgniter\Session\Handlers\DatabaseHandler' driver.
INFO - 2024-11-11 05:21:23 --> Session: Class initialized using 'CodeIgniter\Session\Handlers\DatabaseHandler' driver.
INFO - 2024-11-11 05:30:11 --> Session: Class initialized using 'CodeIgniter\Session\Handlers\DatabaseHandler' driver.
INFO - 2024-11-11 05:38:03 --> Session: Class initialized using 'CodeIgniter\Session\Handlers\DatabaseHandler' driver.
INFO - 2024-11-11 05:40:56 --> Session: Class initialized using 'CodeIgniter\Session\Handlers\DatabaseHandler' driver.
INFO - 2024-11-11 05:45:41 --> Session: Class initialized using 'CodeIgniter\Session\Handlers\DatabaseHandler' driver.
INFO - 2024-11-11 05:46:33 --> Session: Class initialized using 'CodeIgniter\Session\Handlers\DatabaseHandler' driver.
INFO - 2024-11-11 05:47:21 --> Session: Class initialized using 'CodeIgniter\Session\Handlers\DatabaseHandler' driver.
INFO - 2024-11-11 05:49:33 --> Session: Class initialized using 'CodeIgniter\Session\Handlers\DatabaseHandler' driver.
INFO - 2024-11-11 05:51:34 --> Session: Class initialized using 'CodeIgniter\Session\Handlers\DatabaseHandler' driver.
INFO - 2024-11-11 05:51:57 --> Session: Class initialized using 'CodeIgniter\Session\Handlers\DatabaseHandler' driver.
INFO - 2024-11-11 05:53:11 --> Session: Class initialized using 'CodeIgniter\Session\Handlers\DatabaseHandler' driver.
INFO - 2024-11-11 05:55:17 --> Session: Class initialized using 'CodeIgniter\Session\Handlers\DatabaseHandler' driver.
INFO - 2024-11-11 05:55:21 --> Session: Class initialized using 'CodeIgniter\Session\Handlers\DatabaseHandler' driver.
INFO - 2024-11-11 06:01:18 --> Session: Class initialized using 'CodeIgniter\Session\Handlers\DatabaseHandler' driver.
INFO - 2024-11-11 06:01:48 --> Session: Class initialized using 'CodeIgniter\Session\Handlers\DatabaseHandler' driver.
INFO - 2024-11-11 06:03:48 --> Session: Class initialized using 'CodeIgniter\Session\Handlers\DatabaseHandler' driver.
INFO - 2024-11-11 06:05:15 --> Session: Class initialized using 'CodeIgniter\Session\Handlers\DatabaseHandler' driver.
INFO - 2024-11-11 06:08:38 --> Session: Class initialized using 'CodeIgniter\Session\Handlers\DatabaseHandler' driver.
INFO - 2024-11-11 06:11:16 --> Session: Class initialized using 'CodeIgniter\Session\Handlers\DatabaseHandler' driver.
INFO - 2024-11-11 06:11:31 --> Session: Class initialized using 'CodeIgniter\Session\Handlers\DatabaseHandler' driver.
INFO - 2024-11-11 06:12:03 --> Session: Class initialized using 'CodeIgniter\Session\Handlers\DatabaseHandler' driver.
INFO - 2024-11-11 06:16:23 --> Session: Class initialized using 'CodeIgniter\Session\Handlers\DatabaseHandler' driver.
INFO - 2024-11-11 06:17:07 --> Session: Class initialized using 'CodeIgniter\Session\Handlers\DatabaseHandler' driver.
INFO - 2024-11-11 06:19:00 --> Session: Class initialized using 'CodeIgniter\Session\Handlers\DatabaseHandler' driver.
INFO - 2024-11-11 06:22:10 --> Session: Class initialized using 'CodeIgniter\Session\Handlers\DatabaseHandler' driver.
INFO - 2024-11-11 06:22:12 --> Session: Class initialized using 'CodeIgniter\Session\Handlers\DatabaseHandler' driver.
INFO - 2024-11-11 06:22:14 --> Session: Class initialized using 'CodeIgniter\Session\Handlers\DatabaseHandler' driver.
INFO - 2024-11-11 06:22:17 --> Session: Class initialized using 'CodeIgniter\Session\Handlers\DatabaseHandler' driver.
INFO - 2024-11-11 06:22:19 --> Session: Class initialized using 'CodeIgniter\Session\Handlers\DatabaseHandler' driver.
INFO - 2024-11-11 06:22:20 --> Session: Class initialized using 'CodeIgniter\Session\Handlers\DatabaseHandler' driver.
INFO - 2024-11-11 06:22:21 --> Session: Class initialized using 'CodeIgniter\Session\Handlers\DatabaseHandler' driver.
INFO - 2024-11-11 06:22:24 --> Session: Class initialized using 'CodeIgniter\Session\Handlers\DatabaseHandler' driver.
INFO - 2024-11-11 06:22:26 --> Session: Class initialized using 'CodeIgniter\Session\Handlers\DatabaseHandler' driver.
INFO - 2024-11-11 06:22:28 --> Session: Class initialized using 'CodeIgniter\Session\Handlers\DatabaseHandler' driver.
INFO - 2024-11-11 06:22:30 --> Session: Class initialized using 'CodeIgniter\Session\Handlers\DatabaseHandler' driver.
INFO - 2024-11-11 06:22:33 --> Session: Class initialized using 'CodeIgniter\Session\Handlers\DatabaseHandler' driver.
INFO - 2024-11-11 06:22:35 --> Session: Class initialized using 'CodeIgniter\Session\Handlers\DatabaseHandler' driver.
INFO - 2024-11-11 06:22:37 --> Session: Class initialized using 'CodeIgniter\Session\Handlers\DatabaseHandler' driver.
INFO - 2024-11-11 06:22:40 --> Session: Class initialized using 'CodeIgniter\Session\Handlers\DatabaseHandler' driver.
INFO - 2024-11-11 06:22:42 --> Session: Class initialized using 'CodeIgniter\Session\Handlers\DatabaseHandler' driver.
INFO - 2024-11-11 06:22:44 --> Session: Class initialized using 'CodeIgniter\Session\Handlers\DatabaseHandler' driver.
INFO - 2024-11-11 06:22:47 --> Session: Class initialized using 'CodeIgniter\Session\Handlers\DatabaseHandler' driver.
INFO - 2024-11-11 06:22:49 --> Session: Class initialized using 'CodeIgniter\Session\Handlers\DatabaseHandler' driver.
INFO - 2024-11-11 06:22:51 --> Session: Class initialized using 'CodeIgniter\Session\Handlers\DatabaseHandler' driver.
INFO - 2024-11-11 06:22:53 --> Session: Class initialized using 'CodeIgniter\Session\Handlers\DatabaseHandler' driver.
INFO - 2024-11-11 06:22:56 --> Session: Class initialized using 'CodeIgniter\Session\Handlers\DatabaseHandler' driver.
INFO - 2024-11-11 06:22:58 --> Session: Class initialized using 'CodeIgniter\Session\Handlers\DatabaseHandler' driver.
INFO - 2024-11-11 06:23:00 --> Session: Class initialized using 'CodeIgniter\Session\Handlers\DatabaseHandler' driver.
INFO - 2024-11-11 06:23:02 --> Session: Class initialized using 'CodeIgniter\Session\Handlers\DatabaseHandler' driver.
INFO - 2024-11-11 06:23:03 --> Session: Class initialized using 'CodeIgniter\Session\Handlers\DatabaseHandler' driver.
INFO - 2024-11-11 06:23:05 --> Session: Class initialized using 'CodeIgniter\Session\Handlers\DatabaseHandler' driver.
INFO - 2024-11-11 06:23:07 --> Session: Class initialized using 'CodeIgniter\Session\Handlers\DatabaseHandler' driver.
INFO - 2024-11-11 06:23:09 --> Session: Class initialized using 'CodeIgniter\Session\Handlers\DatabaseHandler' driver.
INFO - 2024-11-11 06:23:12 --> Session: Class initialized using 'CodeIgniter\Session\Handlers\DatabaseHandler' driver.
INFO - 2024-11-11 06:23:14 --> Session: Class initialized using 'CodeIgniter\Session\Handlers\DatabaseHandler' driver.
INFO - 2024-11-11 06:23:16 --> Session: Class initialized using 'CodeIgniter\Session\Handlers\DatabaseHandler' driver.
INFO - 2024-11-11 06:23:18 --> Session: Class initialized using 'CodeIgniter\Session\Handlers\DatabaseHandler' driver.
INFO - 2024-11-11 06:23:20 --> Session: Class initialized using 'CodeIgniter\Session\Handlers\DatabaseHandler' driver.
INFO - 2024-11-11 06:23:23 --> Session: Class initialized using 'CodeIgniter\Session\Handlers\DatabaseHandler' driver.
INFO - 2024-11-11 06:23:25 --> Session: Class initialized using 'CodeIgniter\Session\Handlers\DatabaseHandler' driver.
INFO - 2024-11-11 06:23:27 --> Session: Class initialized using 'CodeIgniter\Session\Handlers\DatabaseHandler' driver.
INFO - 2024-11-11 06:23:29 --> Session: Class initialized using 'CodeIgniter\Session\Handlers\DatabaseHandler' driver.
INFO - 2024-11-11 06:23:32 --> Session: Class initialized using 'CodeIgniter\Session\Handlers\DatabaseHandler' driver.
INFO - 2024-11-11 06:23:33 --> Session: Class initialized using 'CodeIgniter\Session\Handlers\DatabaseHandler' driver.
INFO - 2024-11-11 06:23:34 --> Session: Class initialized using 'CodeIgniter\Session\Handlers\DatabaseHandler' driver.
INFO - 2024-11-11 06:23:36 --> Session: Class initialized using 'CodeIgniter\Session\Handlers\DatabaseHandler' driver.
INFO - 2024-11-11 06:23:39 --> Session: Class initialized using 'CodeIgniter\Session\Handlers\DatabaseHandler' driver.
INFO - 2024-11-11 06:23:41 --> Session: Class initialized using 'CodeIgniter\Session\Handlers\DatabaseHandler' driver.
INFO - 2024-11-11 06:23:43 --> Session: Class initialized using 'CodeIgniter\Session\Handlers\DatabaseHandler' driver.
INFO - 2024-11-11 06:23:45 --> Session: Class initialized using 'CodeIgniter\Session\Handlers\DatabaseHandler' driver.
INFO - 2024-11-11 06:23:47 --> Session: Class initialized using 'CodeIgniter\Session\Handlers\DatabaseHandler' driver.
INFO - 2024-11-11 06:23:49 --> Session: Class initialized using 'CodeIgniter\Session\Handlers\DatabaseHandler' driver.
INFO - 2024-11-11 06:23:50 --> Session: Class initialized using 'CodeIgniter\Session\Handlers\DatabaseHandler' driver.
INFO - 2024-11-11 06:23:52 --> Session: Class initialized using 'CodeIgniter\Session\Handlers\DatabaseHandler' driver.
INFO - 2024-11-11 06:23:54 --> Session: Class initialized using 'CodeIgniter\Session\Handlers\DatabaseHandler' driver.
INFO - 2024-11-11 06:23:57 --> Session: Class initialized using 'CodeIgniter\Session\Handlers\DatabaseHandler' driver.
INFO - 2024-11-11 06:23:59 --> Session: Class initialized using 'CodeIgniter\Session\Handlers\DatabaseHandler' driver.
INFO - 2024-11-11 06:24:01 --> Session: Class initialized using 'CodeIgniter\Session\Handlers\DatabaseHandler' driver.
INFO - 2024-11-11 06:25:10 --> Session: Class initialized using 'CodeIgniter\Session\Handlers\DatabaseHandler' driver.
INFO - 2024-11-11 06:25:45 --> Session: Class initialized using 'CodeIgniter\Session\Handlers\DatabaseHandler' driver.
INFO - 2024-11-11 06:26:43 --> Session: Class initialized using 'CodeIgniter\Session\Handlers\DatabaseHandler' driver.
INFO - 2024-11-11 06:27:01 --> Session: Class initialized using 'CodeIgniter\Session\Handlers\DatabaseHandler' driver.
INFO - 2024-11-11 06:30:05 --> Session: Class initialized using 'CodeIgniter\Session\Handlers\DatabaseHandler' driver.
INFO - 2024-11-11 06:31:01 --> Session: Class initialized using 'CodeIgniter\Session\Handlers\DatabaseHandler' driver.
INFO - 2024-11-11 06:38:00 --> Session: Class initialized using 'CodeIgniter\Session\Handlers\DatabaseHandler' driver.
INFO - 2024-11-11 06:39:12 --> Session: Class initialized using 'CodeIgniter\Session\Handlers\DatabaseHandler' driver.
INFO - 2024-11-11 06:40:53 --> Session: Class initialized using 'CodeIgniter\Session\Handlers\DatabaseHandler' driver.
INFO - 2024-11-11 06:41:50 --> Session: Class initialized using 'CodeIgniter\Session\Handlers\DatabaseHandler' driver.
INFO - 2024-11-11 06:43:16 --> Session: Class initialized using 'CodeIgniter\Session\Handlers\DatabaseHandler' driver.
INFO - 2024-11-11 06:50:08 --> Session: Class initialized using 'CodeIgniter\Session\Handlers\DatabaseHandler' driver.
INFO - 2024-11-11 06:55:04 --> Session: Class initialized using 'CodeIgniter\Session\Handlers\DatabaseHandler' driver.
INFO - 2024-11-11 06:56:16 --> Session: Class initialized using 'CodeIgniter\Session\Handlers\DatabaseHandler' driver.
INFO - 2024-11-11 07:00:37 --> Session: Class initialized using 'CodeIgniter\Session\Handlers\DatabaseHandler' driver.
INFO - 2024-11-11 07:01:38 --> Session: Class initialized using 'CodeIgniter\Session\Handlers\DatabaseHandler' driver.
INFO - 2024-11-11 07:01:41 --> Session: Class initialized using 'CodeIgniter\Session\Handlers\DatabaseHandler' driver.
INFO - 2024-11-11 07:01:43 --> Session: Class initialized using 'CodeIgniter\Session\Handlers\DatabaseHandler' driver.
INFO - 2024-11-11 07:01:43 --> CSRF token verified.
INFO - 2024-11-11 07:03:26 --> Session: Class initialized using 'CodeIgniter\Session\Handlers\DatabaseHandler' driver.
INFO - 2024-11-11 07:03:29 --> Session: Class initialized using 'CodeIgniter\Session\Handlers\DatabaseHandler' driver.
INFO - 2024-11-11 07:03:29 --> CSRF token verified.
INFO - 2024-11-11 07:03:31 --> Session: Class initialized using 'CodeIgniter\Session\Handlers\DatabaseHandler' driver.
INFO - 2024-11-11 07:03:31 --> CSRF token verified.
CRITICAL - 2024-11-11 07:03:31 --> Error: Call to undefined function App\Controllers\generateFilterUrlFromAjax()
[Method: POST, Route: Home/filterProductsAjax]
in APPPATH/Controllers/HomeController.php on line 339.
 1 SYSTEMPATH/CodeIgniter.php(933): App\Controllers\HomeController->filterProductsAjax()
 2 SYSTEMPATH/CodeIgniter.php(509): CodeIgniter\CodeIgniter->runController(Object(App\Controllers\HomeController))
 3 SYSTEMPATH/CodeIgniter.php(355): CodeIgniter\CodeIgniter->handleRequest(null, Object(Config\Cache), false)
 4 SYSTEMPATH/Boot.php(325): CodeIgniter\CodeIgniter->run()
 5 SYSTEMPATH/Boot.php(67): CodeIgniter\Boot::runCodeIgniter(Object(CodeIgniter\CodeIgniter))
 6 FCPATH/index.php(56): CodeIgniter\Boot::bootWeb(Object(Config\Paths))
INFO - 2024-11-11 07:04:11 --> Session: Class initialized using 'CodeIgniter\Session\Handlers\DatabaseHandler' driver.
INFO - 2024-11-11 07:04:14 --> Session: Class initialized using 'CodeIgniter\Session\Handlers\DatabaseHandler' driver.
INFO - 2024-11-11 07:04:14 --> CSRF token verified.
INFO - 2024-11-11 07:04:21 --> Session: Class initialized using 'CodeIgniter\Session\Handlers\DatabaseHandler' driver.
INFO - 2024-11-11 07:04:21 --> CSRF token verified.
CRITICAL - 2024-11-11 07:04:21 --> Error: Call to undefined function App\Controllers\generateFilterUrlFromAjax()
[Method: POST, Route: Home/filterProductsAjax]
in APPPATH/Controllers/HomeController.php on line 339.
 1 SYSTEMPATH/CodeIgniter.php(933): App\Controllers\HomeController->filterProductsAjax()
 2 SYSTEMPATH/CodeIgniter.php(509): CodeIgniter\CodeIgniter->runController(Object(App\Controllers\HomeController))
 3 SYSTEMPATH/CodeIgniter.php(355): CodeIgniter\CodeIgniter->handleRequest(null, Object(Config\Cache), false)
 4 SYSTEMPATH/Boot.php(325): CodeIgniter\CodeIgniter->run()
 5 SYSTEMPATH/Boot.php(67): CodeIgniter\Boot::runCodeIgniter(Object(CodeIgniter\CodeIgniter))
 6 FCPATH/index.php(56): CodeIgniter\Boot::bootWeb(Object(Config\Paths))
INFO - 2024-11-11 07:04:57 --> Session: Class initialized using 'CodeIgniter\Session\Handlers\DatabaseHandler' driver.
INFO - 2024-11-11 07:05:02 --> Session: Class initialized using 'CodeIgniter\Session\Handlers\DatabaseHandler' driver.
INFO - 2024-11-11 07:05:02 --> CSRF token verified.
INFO - 2024-11-11 07:05:14 --> Session: Class initialized using 'CodeIgniter\Session\Handlers\DatabaseHandler' driver.
INFO - 2024-11-11 07:05:44 --> Session: Class initialized using 'CodeIgniter\Session\Handlers\DatabaseHandler' driver.
INFO - 2024-11-11 07:05:44 --> CSRF token verified.
CRITICAL - 2024-11-11 07:05:44 --> BadMethodCallException: Call to undefined method App\Models\ProductModel::getFilteredProductsCount
[Method: POST, Route: Home/filterProductsAjax]
in SYSTEMPATH/Model.php on line 932.
 1 APPPATH/Controllers/HomeController.php(373): CodeIgniter\Model->__call('getFilteredProductsCount', [...])
 2 APPPATH/Controllers/HomeController.php(343): App\Controllers\HomeController->getProductPartByFilter(Object(stdClass), '', '', '', '')
 3 SYSTEMPATH/CodeIgniter.php(933): App\Controllers\HomeController->filterProductsAjax()
 4 SYSTEMPATH/CodeIgniter.php(509): CodeIgniter\CodeIgniter->runController(Object(App\Controllers\HomeController))
 5 SYSTEMPATH/CodeIgniter.php(355): CodeIgniter\CodeIgniter->handleRequest(null, Object(Config\Cache), false)
 6 SYSTEMPATH/Boot.php(325): CodeIgniter\CodeIgniter->run()
 7 SYSTEMPATH/Boot.php(67): CodeIgniter\Boot::runCodeIgniter(Object(CodeIgniter\CodeIgniter))
 8 FCPATH/index.php(56): CodeIgniter\Boot::bootWeb(Object(Config\Paths))
INFO - 2024-11-11 07:08:33 --> Session: Class initialized using 'CodeIgniter\Session\Handlers\DatabaseHandler' driver.
INFO - 2024-11-11 07:08:33 --> CSRF token verified.
INFO - 2024-11-11 07:08:45 --> Session: Class initialized using 'CodeIgniter\Session\Handlers\DatabaseHandler' driver.
INFO - 2024-11-11 07:08:48 --> Session: Class initialized using 'CodeIgniter\Session\Handlers\DatabaseHandler' driver.
INFO - 2024-11-11 07:08:48 --> CSRF token verified.
INFO - 2024-11-11 07:09:06 --> Session: Class initialized using 'CodeIgniter\Session\Handlers\DatabaseHandler' driver.
INFO - 2024-11-11 07:09:06 --> CSRF token verified.
INFO - 2024-11-11 07:09:14 --> Session: Class initialized using 'CodeIgniter\Session\Handlers\DatabaseHandler' driver.
INFO - 2024-11-11 07:09:14 --> CSRF token verified.
INFO - 2024-11-11 07:09:24 --> Session: Class initialized using 'CodeIgniter\Session\Handlers\DatabaseHandler' driver.
INFO - 2024-11-11 07:09:24 --> CSRF token verified.
INFO - 2024-11-11 07:09:29 --> Session: Class initialized using 'CodeIgniter\Session\Handlers\DatabaseHandler' driver.
INFO - 2024-11-11 07:09:32 --> Session: Class initialized using 'CodeIgniter\Session\Handlers\DatabaseHandler' driver.
INFO - 2024-11-11 07:09:32 --> CSRF token verified.
INFO - 2024-11-11 07:09:35 --> Session: Class initialized using 'CodeIgniter\Session\Handlers\DatabaseHandler' driver.
INFO - 2024-11-11 07:09:38 --> Session: Class initialized using 'CodeIgniter\Session\Handlers\DatabaseHandler' driver.
INFO - 2024-11-11 07:09:38 --> CSRF token verified.
INFO - 2024-11-11 07:10:01 --> Session: Class initialized using 'CodeIgniter\Session\Handlers\DatabaseHandler' driver.
INFO - 2024-11-11 07:10:01 --> CSRF token verified.
INFO - 2024-11-11 07:10:08 --> Session: Class initialized using 'CodeIgniter\Session\Handlers\DatabaseHandler' driver.
INFO - 2024-11-11 07:10:08 --> CSRF token verified.
INFO - 2024-11-11 07:10:13 --> Session: Class initialized using 'CodeIgniter\Session\Handlers\DatabaseHandler' driver.
INFO - 2024-11-11 07:10:16 --> Session: Class initialized using 'CodeIgniter\Session\Handlers\DatabaseHandler' driver.
INFO - 2024-11-11 07:10:16 --> CSRF token verified.
INFO - 2024-11-11 07:11:45 --> Session: Class initialized using 'CodeIgniter\Session\Handlers\DatabaseHandler' driver.
INFO - 2024-11-11 07:11:45 --> CSRF token verified.
INFO - 2024-11-11 07:11:50 --> Session: Class initialized using 'CodeIgniter\Session\Handlers\DatabaseHandler' driver.
INFO - 2024-11-11 07:11:50 --> CSRF token verified.
INFO - 2024-11-11 07:11:53 --> Session: Class initialized using 'CodeIgniter\Session\Handlers\DatabaseHandler' driver.
INFO - 2024-11-11 07:11:53 --> CSRF token verified.
INFO - 2024-11-11 07:11:56 --> Session: Class initialized using 'CodeIgniter\Session\Handlers\DatabaseHandler' driver.
INFO - 2024-11-11 07:11:56 --> CSRF token verified.
INFO - 2024-11-11 07:12:00 --> Session: Class initialized using 'CodeIgniter\Session\Handlers\DatabaseHandler' driver.
INFO - 2024-11-11 07:12:00 --> CSRF token verified.
INFO - 2024-11-11 07:12:04 --> Session: Class initialized using 'CodeIgniter\Session\Handlers\DatabaseHandler' driver.
INFO - 2024-11-11 07:12:04 --> CSRF token verified.
INFO - 2024-11-11 07:12:13 --> Session: Class initialized using 'CodeIgniter\Session\Handlers\DatabaseHandler' driver.
INFO - 2024-11-11 07:12:13 --> CSRF token verified.
INFO - 2024-11-11 07:12:16 --> Session: Class initialized using 'CodeIgniter\Session\Handlers\DatabaseHandler' driver.
INFO - 2024-11-11 07:12:16 --> CSRF token verified.
INFO - 2024-11-11 07:12:20 --> Session: Class initialized using 'CodeIgniter\Session\Handlers\DatabaseHandler' driver.
INFO - 2024-11-11 07:12:20 --> CSRF token verified.
INFO - 2024-11-11 07:12:26 --> Session: Class initialized using 'CodeIgniter\Session\Handlers\DatabaseHandler' driver.
INFO - 2024-11-11 07:12:29 --> Session: Class initialized using 'CodeIgniter\Session\Handlers\DatabaseHandler' driver.
INFO - 2024-11-11 07:12:29 --> CSRF token verified.
INFO - 2024-11-11 07:12:39 --> Session: Class initialized using 'CodeIgniter\Session\Handlers\DatabaseHandler' driver.
INFO - 2024-11-11 07:12:39 --> CSRF token verified.
INFO - 2024-11-11 07:12:44 --> Session: Class initialized using 'CodeIgniter\Session\Handlers\DatabaseHandler' driver.
INFO - 2024-11-11 07:12:47 --> Session: Class initialized using 'CodeIgniter\Session\Handlers\DatabaseHandler' driver.
INFO - 2024-11-11 07:12:47 --> CSRF token verified.
INFO - 2024-11-11 07:12:52 --> Session: Class initialized using 'CodeIgniter\Session\Handlers\DatabaseHandler' driver.
INFO - 2024-11-11 07:12:53 --> Session: Class initialized using 'CodeIgniter\Session\Handlers\DatabaseHandler' driver.
INFO - 2024-11-11 07:12:55 --> Session: Class initialized using 'CodeIgniter\Session\Handlers\DatabaseHandler' driver.
INFO - 2024-11-11 07:12:55 --> CSRF token verified.
INFO - 2024-11-11 07:12:58 --> Session: Class initialized using 'CodeIgniter\Session\Handlers\DatabaseHandler' driver.
INFO - 2024-11-11 07:13:01 --> Session: Class initialized using 'CodeIgniter\Session\Handlers\DatabaseHandler' driver.
INFO - 2024-11-11 07:13:01 --> CSRF token verified.
INFO - 2024-11-11 07:13:02 --> Session: Class initialized using 'CodeIgniter\Session\Handlers\DatabaseHandler' driver.
INFO - 2024-11-11 07:13:05 --> Session: Class initialized using 'CodeIgniter\Session\Handlers\DatabaseHandler' driver.
INFO - 2024-11-11 07:13:06 --> CSRF token verified.
INFO - 2024-11-11 07:13:11 --> Session: Class initialized using 'CodeIgniter\Session\Handlers\DatabaseHandler' driver.
INFO - 2024-11-11 07:13:15 --> Session: Class initialized using 'CodeIgniter\Session\Handlers\DatabaseHandler' driver.
INFO - 2024-11-11 07:13:15 --> CSRF token verified.
INFO - 2024-11-11 07:13:19 --> Session: Class initialized using 'CodeIgniter\Session\Handlers\DatabaseHandler' driver.
INFO - 2024-11-11 07:13:23 --> Session: Class initialized using 'CodeIgniter\Session\Handlers\DatabaseHandler' driver.
INFO - 2024-11-11 07:13:23 --> CSRF token verified.
INFO - 2024-11-11 07:13:29 --> Session: Class initialized using 'CodeIgniter\Session\Handlers\DatabaseHandler' driver.
INFO - 2024-11-11 07:13:32 --> Session: Class initialized using 'CodeIgniter\Session\Handlers\DatabaseHandler' driver.
INFO - 2024-11-11 07:13:32 --> CSRF token verified.
INFO - 2024-11-11 07:13:50 --> Session: Class initialized using 'CodeIgniter\Session\Handlers\DatabaseHandler' driver.
INFO - 2024-11-11 07:13:50 --> CSRF token verified.
INFO - 2024-11-11 07:14:00 --> Session: Class initialized using 'CodeIgniter\Session\Handlers\DatabaseHandler' driver.
INFO - 2024-11-11 07:14:00 --> CSRF token verified.
INFO - 2024-11-11 07:14:05 --> Session: Class initialized using 'CodeIgniter\Session\Handlers\DatabaseHandler' driver.
INFO - 2024-11-11 07:14:05 --> CSRF token verified.
INFO - 2024-11-11 07:14:10 --> Session: Class initialized using 'CodeIgniter\Session\Handlers\DatabaseHandler' driver.
INFO - 2024-11-11 07:14:10 --> CSRF token verified.
INFO - 2024-11-11 07:14:13 --> Session: Class initialized using 'CodeIgniter\Session\Handlers\DatabaseHandler' driver.
INFO - 2024-11-11 07:14:13 --> CSRF token verified.
INFO - 2024-11-11 07:17:28 --> Session: Class initialized using 'CodeIgniter\Session\Handlers\DatabaseHandler' driver.
INFO - 2024-11-11 07:19:39 --> Session: Class initialized using 'CodeIgniter\Session\Handlers\DatabaseHandler' driver.
INFO - 2024-11-11 07:21:02 --> Session: Class initialized using 'CodeIgniter\Session\Handlers\DatabaseHandler' driver.
INFO - 2024-11-11 07:21:04 --> Session: Class initialized using 'CodeIgniter\Session\Handlers\DatabaseHandler' driver.
INFO - 2024-11-11 07:21:04 --> Session: Class initialized using 'CodeIgniter\Session\Handlers\DatabaseHandler' driver.
INFO - 2024-11-11 07:21:04 --> CSRF token verified.
INFO - 2024-11-11 07:21:32 --> Session: Class initialized using 'CodeIgniter\Session\Handlers\DatabaseHandler' driver.
INFO - 2024-11-11 07:23:46 --> Session: Class initialized using 'CodeIgniter\Session\Handlers\DatabaseHandler' driver.
INFO - 2024-11-11 07:26:14 --> Session: Class initialized using 'CodeIgniter\Session\Handlers\DatabaseHandler' driver.
INFO - 2024-11-11 07:26:14 --> CSRF token verified.
INFO - 2024-11-11 07:28:25 --> Session: Class initialized using 'CodeIgniter\Session\Handlers\DatabaseHandler' driver.
INFO - 2024-11-11 07:31:10 --> Session: Class initialized using 'CodeIgniter\Session\Handlers\DatabaseHandler' driver.
INFO - 2024-11-11 07:31:13 --> Session: Class initialized using 'CodeIgniter\Session\Handlers\DatabaseHandler' driver.
INFO - 2024-11-11 07:31:13 --> CSRF token verified.
INFO - 2024-11-11 07:31:15 --> Session: Class initialized using 'CodeIgniter\Session\Handlers\DatabaseHandler' driver.
INFO - 2024-11-11 07:31:15 --> CSRF token verified.
INFO - 2024-11-11 07:33:00 --> Session: Class initialized using 'CodeIgniter\Session\Handlers\DatabaseHandler' driver.
INFO - 2024-11-11 07:33:00 --> CSRF token verified.
INFO - 2024-11-11 07:33:06 --> Session: Class initialized using 'CodeIgniter\Session\Handlers\DatabaseHandler' driver.
INFO - 2024-11-11 07:33:08 --> Session: Class initialized using 'CodeIgniter\Session\Handlers\DatabaseHandler' driver.
INFO - 2024-11-11 07:33:08 --> CSRF token verified.
INFO - 2024-11-11 07:33:16 --> Session: Class initialized using 'CodeIgniter\Session\Handlers\DatabaseHandler' driver.
INFO - 2024-11-11 07:33:16 --> CSRF token verified.
INFO - 2024-11-11 07:42:14 --> Session: Class initialized using 'CodeIgniter\Session\Handlers\DatabaseHandler' driver.
INFO - 2024-11-11 07:42:17 --> Session: Class initialized using 'CodeIgniter\Session\Handlers\DatabaseHandler' driver.
INFO - 2024-11-11 07:42:17 --> CSRF token verified.
INFO - 2024-11-11 07:42:22 --> Session: Class initialized using 'CodeIgniter\Session\Handlers\DatabaseHandler' driver.
INFO - 2024-11-11 07:42:22 --> CSRF token verified.
INFO - 2024-11-11 07:44:07 --> Session: Class initialized using 'CodeIgniter\Session\Handlers\DatabaseHandler' driver.
INFO - 2024-11-11 07:44:10 --> Session: Class initialized using 'CodeIgniter\Session\Handlers\DatabaseHandler' driver.
INFO - 2024-11-11 07:44:10 --> CSRF token verified.
INFO - 2024-11-11 07:44:17 --> Session: Class initialized using 'CodeIgniter\Session\Handlers\DatabaseHandler' driver.
INFO - 2024-11-11 07:44:17 --> CSRF token verified.
INFO - 2024-11-11 07:44:23 --> Session: Class initialized using 'CodeIgniter\Session\Handlers\DatabaseHandler' driver.
INFO - 2024-11-11 07:44:23 --> CSRF token verified.
INFO - 2024-11-11 07:45:09 --> Session: Class initialized using 'CodeIgniter\Session\Handlers\DatabaseHandler' driver.
INFO - 2024-11-11 07:45:12 --> Session: Class initialized using 'CodeIgniter\Session\Handlers\DatabaseHandler' driver.
INFO - 2024-11-11 07:45:12 --> CSRF token verified.
INFO - 2024-11-11 07:45:15 --> Session: Class initialized using 'CodeIgniter\Session\Handlers\DatabaseHandler' driver.
INFO - 2024-11-11 07:45:16 --> CSRF token verified.
INFO - 2024-11-11 07:45:23 --> Session: Class initialized using 'CodeIgniter\Session\Handlers\DatabaseHandler' driver.
INFO - 2024-11-11 07:45:23 --> CSRF token verified.
INFO - 2024-11-11 07:58:29 --> Session: Class initialized using 'CodeIgniter\Session\Handlers\DatabaseHandler' driver.
INFO - 2024-11-11 08:09:26 --> Session: Class initialized using 'CodeIgniter\Session\Handlers\DatabaseHandler' driver.
INFO - 2024-11-11 08:11:48 --> Session: Class initialized using 'CodeIgniter\Session\Handlers\DatabaseHandler' driver.
INFO - 2024-11-11 08:17:12 --> Session: Class initialized using 'CodeIgniter\Session\Handlers\DatabaseHandler' driver.
INFO - 2024-11-11 08:17:20 --> Session: Class initialized using 'CodeIgniter\Session\Handlers\DatabaseHandler' driver.
INFO - 2024-11-11 08:17:23 --> Session: Class initialized using 'CodeIgniter\Session\Handlers\DatabaseHandler' driver.
INFO - 2024-11-11 08:17:26 --> Session: Class initialized using 'CodeIgniter\Session\Handlers\DatabaseHandler' driver.
INFO - 2024-11-11 08:17:28 --> Session: Class initialized using 'CodeIgniter\Session\Handlers\DatabaseHandler' driver.
INFO - 2024-11-11 08:17:31 --> Session: Class initialized using 'CodeIgniter\Session\Handlers\DatabaseHandler' driver.
INFO - 2024-11-11 08:17:34 --> Session: Class initialized using 'CodeIgniter\Session\Handlers\DatabaseHandler' driver.
INFO - 2024-11-11 08:17:37 --> Session: Class initialized using 'CodeIgniter\Session\Handlers\DatabaseHandler' driver.
INFO - 2024-11-11 08:17:40 --> Session: Class initialized using 'CodeIgniter\Session\Handlers\DatabaseHandler' driver.
INFO - 2024-11-11 08:17:43 --> Session: Class initialized using 'CodeIgniter\Session\Handlers\DatabaseHandler' driver.
INFO - 2024-11-11 08:17:46 --> Session: Class initialized using 'CodeIgniter\Session\Handlers\DatabaseHandler' driver.
INFO - 2024-11-11 08:17:48 --> Session: Class initialized using 'CodeIgniter\Session\Handlers\DatabaseHandler' driver.
INFO - 2024-11-11 08:17:51 --> Session: Class initialized using 'CodeIgniter\Session\Handlers\DatabaseHandler' driver.
INFO - 2024-11-11 08:17:54 --> Session: Class initialized using 'CodeIgniter\Session\Handlers\DatabaseHandler' driver.
INFO - 2024-11-11 08:17:56 --> Session: Class initialized using 'CodeIgniter\Session\Handlers\DatabaseHandler' driver.
INFO - 2024-11-11 08:17:59 --> Session: Class initialized using 'CodeIgniter\Session\Handlers\DatabaseHandler' driver.
INFO - 2024-11-11 08:18:02 --> Session: Class initialized using 'CodeIgniter\Session\Handlers\DatabaseHandler' driver.
INFO - 2024-11-11 08:18:05 --> Session: Class initialized using 'CodeIgniter\Session\Handlers\DatabaseHandler' driver.
INFO - 2024-11-11 08:18:07 --> Session: Class initialized using 'CodeIgniter\Session\Handlers\DatabaseHandler' driver.
INFO - 2024-11-11 08:18:10 --> Session: Class initialized using 'CodeIgniter\Session\Handlers\DatabaseHandler' driver.
INFO - 2024-11-11 08:18:13 --> Session: Class initialized using 'CodeIgniter\Session\Handlers\DatabaseHandler' driver.
INFO - 2024-11-11 08:18:16 --> Session: Class initialized using 'CodeIgniter\Session\Handlers\DatabaseHandler' driver.
INFO - 2024-11-11 08:18:18 --> Session: Class initialized using 'CodeIgniter\Session\Handlers\DatabaseHandler' driver.
INFO - 2024-11-11 08:18:21 --> Session: Class initialized using 'CodeIgniter\Session\Handlers\DatabaseHandler' driver.
INFO - 2024-11-11 08:18:24 --> Session: Class initialized using 'CodeIgniter\Session\Handlers\DatabaseHandler' driver.
INFO - 2024-11-11 08:18:27 --> Session: Class initialized using 'CodeIgniter\Session\Handlers\DatabaseHandler' driver.
INFO - 2024-11-11 08:18:27 --> Session: Class initialized using 'CodeIgniter\Session\Handlers\DatabaseHandler' driver.
INFO - 2024-11-11 08:18:29 --> Session: Class initialized using 'CodeIgniter\Session\Handlers\DatabaseHandler' driver.
INFO - 2024-11-11 08:18:32 --> Session: Class initialized using 'CodeIgniter\Session\Handlers\DatabaseHandler' driver.
INFO - 2024-11-11 08:18:35 --> Session: Class initialized using 'CodeIgniter\Session\Handlers\DatabaseHandler' driver.
INFO - 2024-11-11 08:18:38 --> Session: Class initialized using 'CodeIgniter\Session\Handlers\DatabaseHandler' driver.
INFO - 2024-11-11 08:18:41 --> Session: Class initialized using 'CodeIgniter\Session\Handlers\DatabaseHandler' driver.
INFO - 2024-11-11 08:18:44 --> Session: Class initialized using 'CodeIgniter\Session\Handlers\DatabaseHandler' driver.
INFO - 2024-11-11 08:18:46 --> Session: Class initialized using 'CodeIgniter\Session\Handlers\DatabaseHandler' driver.
INFO - 2024-11-11 08:18:49 --> Session: Class initialized using 'CodeIgniter\Session\Handlers\DatabaseHandler' driver.
INFO - 2024-11-11 08:18:52 --> Session: Class initialized using 'CodeIgniter\Session\Handlers\DatabaseHandler' driver.
INFO - 2024-11-11 08:18:54 --> Session: Class initialized using 'CodeIgniter\Session\Handlers\DatabaseHandler' driver.
INFO - 2024-11-11 08:18:57 --> Session: Class initialized using 'CodeIgniter\Session\Handlers\DatabaseHandler' driver.
INFO - 2024-11-11 08:19:00 --> Session: Class initialized using 'CodeIgniter\Session\Handlers\DatabaseHandler' driver.
INFO - 2024-11-11 08:19:03 --> Session: Class initialized using 'CodeIgniter\Session\Handlers\DatabaseHandler' driver.
INFO - 2024-11-11 08:19:05 --> Session: Class initialized using 'CodeIgniter\Session\Handlers\DatabaseHandler' driver.
INFO - 2024-11-11 08:19:08 --> Session: Class initialized using 'CodeIgniter\Session\Handlers\DatabaseHandler' driver.
INFO - 2024-11-11 08:19:11 --> Session: Class initialized using 'CodeIgniter\Session\Handlers\DatabaseHandler' driver.
INFO - 2024-11-11 08:19:14 --> Session: Class initialized using 'CodeIgniter\Session\Handlers\DatabaseHandler' driver.
INFO - 2024-11-11 08:19:16 --> Session: Class initialized using 'CodeIgniter\Session\Handlers\DatabaseHandler' driver.
INFO - 2024-11-11 08:19:19 --> Session: Class initialized using 'CodeIgniter\Session\Handlers\DatabaseHandler' driver.
INFO - 2024-11-11 08:19:22 --> Session: Class initialized using 'CodeIgniter\Session\Handlers\DatabaseHandler' driver.
INFO - 2024-11-11 08:19:25 --> Session: Class initialized using 'CodeIgniter\Session\Handlers\DatabaseHandler' driver.
INFO - 2024-11-11 08:19:27 --> Session: Class initialized using 'CodeIgniter\Session\Handlers\DatabaseHandler' driver.
INFO - 2024-11-11 08:19:30 --> Session: Class initialized using 'CodeIgniter\Session\Handlers\DatabaseHandler' driver.
INFO - 2024-11-11 08:19:33 --> Session: Class initialized using 'CodeIgniter\Session\Handlers\DatabaseHandler' driver.
INFO - 2024-11-11 08:19:36 --> Session: Class initialized using 'CodeIgniter\Session\Handlers\DatabaseHandler' driver.
INFO - 2024-11-11 08:19:38 --> Session: Class initialized using 'CodeIgniter\Session\Handlers\DatabaseHandler' driver.
INFO - 2024-11-11 08:19:42 --> Session: Class initialized using 'CodeIgniter\Session\Handlers\DatabaseHandler' driver.
INFO - 2024-11-11 08:19:45 --> Session: Class initialized using 'CodeIgniter\Session\Handlers\DatabaseHandler' driver.
INFO - 2024-11-11 08:19:47 --> Session: Class initialized using 'CodeIgniter\Session\Handlers\DatabaseHandler' driver.
INFO - 2024-11-11 08:19:50 --> Session: Class initialized using 'CodeIgniter\Session\Handlers\DatabaseHandler' driver.
INFO - 2024-11-11 08:19:53 --> Session: Class initialized using 'CodeIgniter\Session\Handlers\DatabaseHandler' driver.
INFO - 2024-11-11 08:19:55 --> Session: Class initialized using 'CodeIgniter\Session\Handlers\DatabaseHandler' driver.
INFO - 2024-11-11 08:19:58 --> Session: Class initialized using 'CodeIgniter\Session\Handlers\DatabaseHandler' driver.
INFO - 2024-11-11 08:20:01 --> Session: Class initialized using 'CodeIgniter\Session\Handlers\DatabaseHandler' driver.
INFO - 2024-11-11 08:20:05 --> Session: Class initialized using 'CodeIgniter\Session\Handlers\DatabaseHandler' driver.
INFO - 2024-11-11 08:20:08 --> Session: Class initialized using 'CodeIgniter\Session\Handlers\DatabaseHandler' driver.
INFO - 2024-11-11 08:20:11 --> Session: Class initialized using 'CodeIgniter\Session\Handlers\DatabaseHandler' driver.
INFO - 2024-11-11 08:20:14 --> Session: Class initialized using 'CodeIgniter\Session\Handlers\DatabaseHandler' driver.
INFO - 2024-11-11 08:20:16 --> Session: Class initialized using 'CodeIgniter\Session\Handlers\DatabaseHandler' driver.
INFO - 2024-11-11 08:20:19 --> Session: Class initialized using 'CodeIgniter\Session\Handlers\DatabaseHandler' driver.
INFO - 2024-11-11 08:20:22 --> Session: Class initialized using 'CodeIgniter\Session\Handlers\DatabaseHandler' driver.
INFO - 2024-11-11 08:20:24 --> Session: Class initialized using 'CodeIgniter\Session\Handlers\DatabaseHandler' driver.
INFO - 2024-11-11 08:20:27 --> Session: Class initialized using 'CodeIgniter\Session\Handlers\DatabaseHandler' driver.
INFO - 2024-11-11 08:20:30 --> Session: Class initialized using 'CodeIgniter\Session\Handlers\DatabaseHandler' driver.
INFO - 2024-11-11 08:20:33 --> Session: Class initialized using 'CodeIgniter\Session\Handlers\DatabaseHandler' driver.
INFO - 2024-11-11 08:20:35 --> Session: Class initialized using 'CodeIgniter\Session\Handlers\DatabaseHandler' driver.
INFO - 2024-11-11 08:20:38 --> Session: Class initialized using 'CodeIgniter\Session\Handlers\DatabaseHandler' driver.
INFO - 2024-11-11 08:20:41 --> Session: Class initialized using 'CodeIgniter\Session\Handlers\DatabaseHandler' driver.
INFO - 2024-11-11 08:20:44 --> Session: Class initialized using 'CodeIgniter\Session\Handlers\DatabaseHandler' driver.
INFO - 2024-11-11 08:20:46 --> Session: Class initialized using 'CodeIgniter\Session\Handlers\DatabaseHandler' driver.
INFO - 2024-11-11 08:20:49 --> Session: Class initialized using 'CodeIgniter\Session\Handlers\DatabaseHandler' driver.
INFO - 2024-11-11 08:20:52 --> Session: Class initialized using 'CodeIgniter\Session\Handlers\DatabaseHandler' driver.
INFO - 2024-11-11 08:20:55 --> Session: Class initialized using 'CodeIgniter\Session\Handlers\DatabaseHandler' driver.
INFO - 2024-11-11 08:20:57 --> Session: Class initialized using 'CodeIgniter\Session\Handlers\DatabaseHandler' driver.
INFO - 2024-11-11 08:21:00 --> Session: Class initialized using 'CodeIgniter\Session\Handlers\DatabaseHandler' driver.
INFO - 2024-11-11 08:21:03 --> Session: Class initialized using 'CodeIgniter\Session\Handlers\DatabaseHandler' driver.
INFO - 2024-11-11 08:21:06 --> Session: Class initialized using 'CodeIgniter\Session\Handlers\DatabaseHandler' driver.
INFO - 2024-11-11 08:21:08 --> Session: Class initialized using 'CodeIgniter\Session\Handlers\DatabaseHandler' driver.
INFO - 2024-11-11 08:21:11 --> Session: Class initialized using 'CodeIgniter\Session\Handlers\DatabaseHandler' driver.
INFO - 2024-11-11 08:21:14 --> Session: Class initialized using 'CodeIgniter\Session\Handlers\DatabaseHandler' driver.
INFO - 2024-11-11 08:21:17 --> Session: Class initialized using 'CodeIgniter\Session\Handlers\DatabaseHandler' driver.
INFO - 2024-11-11 08:21:21 --> Session: Class initialized using 'CodeIgniter\Session\Handlers\DatabaseHandler' driver.
INFO - 2024-11-11 08:23:02 --> Session: Class initialized using 'CodeIgniter\Session\Handlers\DatabaseHandler' driver.
INFO - 2024-11-11 08:23:24 --> Session: Class initialized using 'CodeIgniter\Session\Handlers\DatabaseHandler' driver.
INFO - 2024-11-11 08:26:08 --> Session: Class initialized using 'CodeIgniter\Session\Handlers\DatabaseHandler' driver.
INFO - 2024-11-11 08:26:28 --> Session: Class initialized using 'CodeIgniter\Session\Handlers\DatabaseHandler' driver.
INFO - 2024-11-11 08:26:53 --> Session: Class initialized using 'CodeIgniter\Session\Handlers\DatabaseHandler' driver.
INFO - 2024-11-11 08:27:22 --> Session: Class initialized using 'CodeIgniter\Session\Handlers\DatabaseHandler' driver.
INFO - 2024-11-11 08:27:48 --> Session: Class initialized using 'CodeIgniter\Session\Handlers\DatabaseHandler' driver.
INFO - 2024-11-11 08:30:17 --> Session: Class initialized using 'CodeIgniter\Session\Handlers\DatabaseHandler' driver.
INFO - 2024-11-11 08:30:27 --> Session: Class initialized using 'CodeIgniter\Session\Handlers\DatabaseHandler' driver.
INFO - 2024-11-11 08:30:47 --> Session: Class initialized using 'CodeIgniter\Session\Handlers\DatabaseHandler' driver.
INFO - 2024-11-11 08:33:52 --> Session: Class initialized using 'CodeIgniter\Session\Handlers\DatabaseHandler' driver.
INFO - 2024-11-11 08:34:42 --> Session: Class initialized using 'CodeIgniter\Session\Handlers\DatabaseHandler' driver.
INFO - 2024-11-11 08:42:18 --> Session: Class initialized using 'CodeIgniter\Session\Handlers\DatabaseHandler' driver.
INFO - 2024-11-11 09:07:17 --> Session: Class initialized using 'CodeIgniter\Session\Handlers\DatabaseHandler' driver.
INFO - 2024-11-11 09:12:20 --> Session: Class initialized using 'CodeIgniter\Session\Handlers\DatabaseHandler' driver.
INFO - 2024-11-11 09:14:34 --> Session: Class initialized using 'CodeIgniter\Session\Handlers\DatabaseHandler' driver.
INFO - 2024-11-11 09:18:34 --> Session: Class initialized using 'CodeIgniter\Session\Handlers\DatabaseHandler' driver.
INFO - 2024-11-11 09:21:00 --> Session: Class initialized using 'CodeIgniter\Session\Handlers\DatabaseHandler' driver.
INFO - 2024-11-11 09:23:40 --> Session: Class initialized using 'CodeIgniter\Session\Handlers\DatabaseHandler' driver.
INFO - 2024-11-11 09:24:31 --> Session: Class initialized using 'CodeIgniter\Session\Handlers\DatabaseHandler' driver.
INFO - 2024-11-11 09:24:58 --> Session: Class initialized using 'CodeIgniter\Session\Handlers\DatabaseHandler' driver.
INFO - 2024-11-11 09:27:36 --> Session: Class initialized using 'CodeIgniter\Session\Handlers\DatabaseHandler' driver.
INFO - 2024-11-11 09:28:34 --> Session: Class initialized using 'CodeIgniter\Session\Handlers\DatabaseHandler' driver.
INFO - 2024-11-11 09:28:55 --> Session: Class initialized using 'CodeIgniter\Session\Handlers\DatabaseHandler' driver.
INFO - 2024-11-11 09:28:55 --> Session: Class initialized using 'CodeIgniter\Session\Handlers\DatabaseHandler' driver.
INFO - 2024-11-11 09:29:15 --> Session: Class initialized using 'CodeIgniter\Session\Handlers\DatabaseHandler' driver.
INFO - 2024-11-11 09:30:25 --> Session: Class initialized using 'CodeIgniter\Session\Handlers\DatabaseHandler' driver.
INFO - 2024-11-11 09:33:19 --> Session: Class initialized using 'CodeIgniter\Session\Handlers\DatabaseHandler' driver.
INFO - 2024-11-11 09:38:22 --> Session: Class initialized using 'CodeIgniter\Session\Handlers\DatabaseHandler' driver.
INFO - 2024-11-11 09:38:29 --> Session: Class initialized using 'CodeIgniter\Session\Handlers\DatabaseHandler' driver.
INFO - 2024-11-11 10:01:12 --> Session: Class initialized using 'CodeIgniter\Session\Handlers\DatabaseHandler' driver.
INFO - 2024-11-11 10:12:07 --> Session: Class initialized using 'CodeIgniter\Session\Handlers\DatabaseHandler' driver.
INFO - 2024-11-11 10:14:47 --> Session: Class initialized using 'CodeIgniter\Session\Handlers\DatabaseHandler' driver.
INFO - 2024-11-11 10:51:49 --> Session: Class initialized using 'CodeIgniter\Session\Handlers\DatabaseHandler' driver.
INFO - 2024-11-11 10:51:51 --> Session: Class initialized using 'CodeIgniter\Session\Handlers\DatabaseHandler' driver.
INFO - 2024-11-11 10:51:52 --> Session: Class initialized using 'CodeIgniter\Session\Handlers\DatabaseHandler' driver.
INFO - 2024-11-11 10:51:53 --> Session: Class initialized using 'CodeIgniter\Session\Handlers\DatabaseHandler' driver.
INFO - 2024-11-11 10:51:54 --> Session: Class initialized using 'CodeIgniter\Session\Handlers\DatabaseHandler' driver.
INFO - 2024-11-11 10:51:54 --> Session: Class initialized using 'CodeIgniter\Session\Handlers\DatabaseHandler' driver.
INFO - 2024-11-11 10:51:56 --> Session: Class initialized using 'CodeIgniter\Session\Handlers\DatabaseHandler' driver.
INFO - 2024-11-11 10:51:57 --> Session: Class initialized using 'CodeIgniter\Session\Handlers\DatabaseHandler' driver.
INFO - 2024-11-11 10:51:58 --> Session: Class initialized using 'CodeIgniter\Session\Handlers\DatabaseHandler' driver.
INFO - 2024-11-11 10:52:00 --> Session: Class initialized using 'CodeIgniter\Session\Handlers\DatabaseHandler' driver.
INFO - 2024-11-11 10:52:00 --> Session: Class initialized using 'CodeIgniter\Session\Handlers\DatabaseHandler' driver.
INFO - 2024-11-11 10:52:02 --> Session: Class initialized using 'CodeIgniter\Session\Handlers\DatabaseHandler' driver.
INFO - 2024-11-11 10:52:03 --> Session: Class initialized using 'CodeIgniter\Session\Handlers\DatabaseHandler' driver.
INFO - 2024-11-11 10:52:04 --> Session: Class initialized using 'CodeIgniter\Session\Handlers\DatabaseHandler' driver.
INFO - 2024-11-11 10:52:05 --> Session: Class initialized using 'CodeIgniter\Session\Handlers\DatabaseHandler' driver.
INFO - 2024-11-11 10:52:06 --> Session: Class initialized using 'CodeIgniter\Session\Handlers\DatabaseHandler' driver.
INFO - 2024-11-11 10:52:08 --> Session: Class initialized using 'CodeIgniter\Session\Handlers\DatabaseHandler' driver.
INFO - 2024-11-11 10:52:09 --> Session: Class initialized using 'CodeIgniter\Session\Handlers\DatabaseHandler' driver.
INFO - 2024-11-11 10:52:10 --> Session: Class initialized using 'CodeIgniter\Session\Handlers\DatabaseHandler' driver.
INFO - 2024-11-11 10:52:11 --> Session: Class initialized using 'CodeIgniter\Session\Handlers\DatabaseHandler' driver.
INFO - 2024-11-11 10:52:12 --> Session: Class initialized using 'CodeIgniter\Session\Handlers\DatabaseHandler' driver.
INFO - 2024-11-11 10:52:13 --> Session: Class initialized using 'CodeIgniter\Session\Handlers\DatabaseHandler' driver.
INFO - 2024-11-11 10:52:16 --> Session: Class initialized using 'CodeIgniter\Session\Handlers\DatabaseHandler' driver.
INFO - 2024-11-11 10:52:17 --> Session: Class initialized using 'CodeIgniter\Session\Handlers\DatabaseHandler' driver.
INFO - 2024-11-11 10:52:18 --> Session: Class initialized using 'CodeIgniter\Session\Handlers\DatabaseHandler' driver.
INFO - 2024-11-11 10:52:18 --> Session: Class initialized using 'CodeIgniter\Session\Handlers\DatabaseHandler' driver.
INFO - 2024-11-11 10:52:20 --> Session: Class initialized using 'CodeIgniter\Session\Handlers\DatabaseHandler' driver.
INFO - 2024-11-11 10:52:21 --> Session: Class initialized using 'CodeIgniter\Session\Handlers\DatabaseHandler' driver.
INFO - 2024-11-11 10:52:22 --> Session: Class initialized using 'CodeIgniter\Session\Handlers\DatabaseHandler' driver.
INFO - 2024-11-11 10:52:23 --> Session: Class initialized using 'CodeIgniter\Session\Handlers\DatabaseHandler' driver.
INFO - 2024-11-11 10:52:24 --> Session: Class initialized using 'CodeIgniter\Session\Handlers\DatabaseHandler' driver.
INFO - 2024-11-11 10:52:25 --> Session: Class initialized using 'CodeIgniter\Session\Handlers\DatabaseHandler' driver.
INFO - 2024-11-11 10:52:26 --> Session: Class initialized using 'CodeIgniter\Session\Handlers\DatabaseHandler' driver.
INFO - 2024-11-11 10:52:27 --> Session: Class initialized using 'CodeIgniter\Session\Handlers\DatabaseHandler' driver.
INFO - 2024-11-11 10:52:28 --> Session: Class initialized using 'CodeIgniter\Session\Handlers\DatabaseHandler' driver.
INFO - 2024-11-11 10:52:30 --> Session: Class initialized using 'CodeIgniter\Session\Handlers\DatabaseHandler' driver.
INFO - 2024-11-11 10:52:31 --> Session: Class initialized using 'CodeIgniter\Session\Handlers\DatabaseHandler' driver.
INFO - 2024-11-11 10:52:32 --> Session: Class initialized using 'CodeIgniter\Session\Handlers\DatabaseHandler' driver.
INFO - 2024-11-11 10:52:33 --> Session: Class initialized using 'CodeIgniter\Session\Handlers\DatabaseHandler' driver.
INFO - 2024-11-11 10:52:33 --> Session: Class initialized using 'CodeIgniter\Session\Handlers\DatabaseHandler' driver.
INFO - 2024-11-11 10:52:34 --> Session: Class initialized using 'CodeIgniter\Session\Handlers\DatabaseHandler' driver.
INFO - 2024-11-11 10:52:36 --> Session: Class initialized using 'CodeIgniter\Session\Handlers\DatabaseHandler' driver.
INFO - 2024-11-11 10:52:37 --> Session: Class initialized using 'CodeIgniter\Session\Handlers\DatabaseHandler' driver.
INFO - 2024-11-11 10:52:38 --> Session: Class initialized using 'CodeIgniter\Session\Handlers\DatabaseHandler' driver.
INFO - 2024-11-11 10:52:39 --> Session: Class initialized using 'CodeIgniter\Session\Handlers\DatabaseHandler' driver.
INFO - 2024-11-11 10:52:40 --> Session: Class initialized using 'CodeIgniter\Session\Handlers\DatabaseHandler' driver.
INFO - 2024-11-11 10:52:42 --> Session: Class initialized using 'CodeIgniter\Session\Handlers\DatabaseHandler' driver.
INFO - 2024-11-11 10:52:43 --> Session: Class initialized using 'CodeIgniter\Session\Handlers\DatabaseHandler' driver.
INFO - 2024-11-11 10:52:44 --> Session: Class initialized using 'CodeIgniter\Session\Handlers\DatabaseHandler' driver.
INFO - 2024-11-11 10:52:45 --> Session: Class initialized using 'CodeIgniter\Session\Handlers\DatabaseHandler' driver.
INFO - 2024-11-11 10:52:46 --> Session: Class initialized using 'CodeIgniter\Session\Handlers\DatabaseHandler' driver.
INFO - 2024-11-11 10:52:54 --> Session: Class initialized using 'CodeIgniter\Session\Handlers\DatabaseHandler' driver.
INFO - 2024-11-11 10:52:54 --> Session: Class initialized using 'CodeIgniter\Session\Handlers\DatabaseHandler' driver.
INFO - 2024-11-11 10:52:55 --> Session: Class initialized using 'CodeIgniter\Session\Handlers\DatabaseHandler' driver.
INFO - 2024-11-11 10:52:56 --> Session: Class initialized using 'CodeIgniter\Session\Handlers\DatabaseHandler' driver.
INFO - 2024-11-11 10:52:57 --> Session: Class initialized using 'CodeIgniter\Session\Handlers\DatabaseHandler' driver.
INFO - 2024-11-11 10:52:59 --> Session: Class initialized using 'CodeIgniter\Session\Handlers\DatabaseHandler' driver.
INFO - 2024-11-11 10:53:00 --> Session: Class initialized using 'CodeIgniter\Session\Handlers\DatabaseHandler' driver.
INFO - 2024-11-11 10:53:01 --> Session: Class initialized using 'CodeIgniter\Session\Handlers\DatabaseHandler' driver.
INFO - 2024-11-11 10:53:04 --> Session: Class initialized using 'CodeIgniter\Session\Handlers\DatabaseHandler' driver.
INFO - 2024-11-11 10:53:05 --> Session: Class initialized using 'CodeIgniter\Session\Handlers\DatabaseHandler' driver.
INFO - 2024-11-11 10:53:05 --> Session: Class initialized using 'CodeIgniter\Session\Handlers\DatabaseHandler' driver.
INFO - 2024-11-11 10:53:07 --> Session: Class initialized using 'CodeIgniter\Session\Handlers\DatabaseHandler' driver.
INFO - 2024-11-11 10:53:08 --> Session: Class initialized using 'CodeIgniter\Session\Handlers\DatabaseHandler' driver.
INFO - 2024-11-11 10:53:15 --> Session: Class initialized using 'CodeIgniter\Session\Handlers\DatabaseHandler' driver.
INFO - 2024-11-11 10:53:15 --> CSRF token verified.
INFO - 2024-11-11 10:53:17 --> Session: Class initialized using 'CodeIgniter\Session\Handlers\DatabaseHandler' driver.
INFO - 2024-11-11 10:53:18 --> Session: Class initialized using 'CodeIgniter\Session\Handlers\DatabaseHandler' driver.
INFO - 2024-11-11 10:53:19 --> Session: Class initialized using 'CodeIgniter\Session\Handlers\DatabaseHandler' driver.
INFO - 2024-11-11 10:53:23 --> Session: Class initialized using 'CodeIgniter\Session\Handlers\DatabaseHandler' driver.
INFO - 2024-11-11 10:53:24 --> Session: Class initialized using 'CodeIgniter\Session\Handlers\DatabaseHandler' driver.
INFO - 2024-11-11 10:53:25 --> Session: Class initialized using 'CodeIgniter\Session\Handlers\DatabaseHandler' driver.
INFO - 2024-11-11 10:53:25 --> CSRF token verified.
INFO - 2024-11-11 10:53:27 --> Session: Class initialized using 'CodeIgniter\Session\Handlers\DatabaseHandler' driver.
INFO - 2024-11-11 10:53:37 --> Session: Class initialized using 'CodeIgniter\Session\Handlers\DatabaseHandler' driver.
INFO - 2024-11-11 10:53:38 --> Session: Class initialized using 'CodeIgniter\Session\Handlers\DatabaseHandler' driver.
INFO - 2024-11-11 10:53:40 --> Session: Class initialized using 'CodeIgniter\Session\Handlers\DatabaseHandler' driver.
INFO - 2024-11-11 10:53:41 --> Session: Class initialized using 'CodeIgniter\Session\Handlers\DatabaseHandler' driver.
INFO - 2024-11-11 10:53:42 --> Session: Class initialized using 'CodeIgniter\Session\Handlers\DatabaseHandler' driver.
INFO - 2024-11-11 10:53:43 --> Session: Class initialized using 'CodeIgniter\Session\Handlers\DatabaseHandler' driver.
INFO - 2024-11-11 10:53:45 --> Session: Class initialized using 'CodeIgniter\Session\Handlers\DatabaseHandler' driver.
INFO - 2024-11-11 10:53:46 --> Session: Class initialized using 'CodeIgniter\Session\Handlers\DatabaseHandler' driver.
INFO - 2024-11-11 10:53:47 --> Session: Class initialized using 'CodeIgniter\Session\Handlers\DatabaseHandler' driver.
INFO - 2024-11-11 10:53:49 --> Session: Class initialized using 'CodeIgniter\Session\Handlers\DatabaseHandler' driver.
INFO - 2024-11-11 10:53:50 --> Session: Class initialized using 'CodeIgniter\Session\Handlers\DatabaseHandler' driver.
INFO - 2024-11-11 10:53:50 --> Session: Class initialized using 'CodeIgniter\Session\Handlers\DatabaseHandler' driver.
INFO - 2024-11-11 10:53:52 --> Session: Class initialized using 'CodeIgniter\Session\Handlers\DatabaseHandler' driver.
INFO - 2024-11-11 10:53:55 --> Session: Class initialized using 'CodeIgniter\Session\Handlers\DatabaseHandler' driver.
INFO - 2024-11-11 10:53:55 --> Session: Class initialized using 'CodeIgniter\Session\Handlers\DatabaseHandler' driver.
INFO - 2024-11-11 10:53:56 --> Session: Class initialized using 'CodeIgniter\Session\Handlers\DatabaseHandler' driver.
INFO - 2024-11-11 10:53:57 --> Session: Class initialized using 'CodeIgniter\Session\Handlers\DatabaseHandler' driver.
INFO - 2024-11-11 10:53:58 --> Session: Class initialized using 'CodeIgniter\Session\Handlers\DatabaseHandler' driver.
INFO - 2024-11-11 10:53:59 --> Session: Class initialized using 'CodeIgniter\Session\Handlers\DatabaseHandler' driver.
INFO - 2024-11-11 10:54:01 --> Session: Class initialized using 'CodeIgniter\Session\Handlers\DatabaseHandler' driver.
INFO - 2024-11-11 10:54:02 --> Session: Class initialized using 'CodeIgniter\Session\Handlers\DatabaseHandler' driver.
INFO - 2024-11-11 10:54:03 --> Session: Class initialized using 'CodeIgniter\Session\Handlers\DatabaseHandler' driver.
INFO - 2024-11-11 10:54:05 --> Session: Class initialized using 'CodeIgniter\Session\Handlers\DatabaseHandler' driver.
INFO - 2024-11-11 10:54:06 --> Session: Class initialized using 'CodeIgniter\Session\Handlers\DatabaseHandler' driver.
INFO - 2024-11-11 10:54:08 --> Session: Class initialized using 'CodeIgniter\Session\Handlers\DatabaseHandler' driver.
INFO - 2024-11-11 10:54:09 --> Session: Class initialized using 'CodeIgniter\Session\Handlers\DatabaseHandler' driver.
INFO - 2024-11-11 10:54:10 --> Session: Class initialized using 'CodeIgniter\Session\Handlers\DatabaseHandler' driver.
INFO - 2024-11-11 10:54:11 --> Session: Class initialized using 'CodeIgniter\Session\Handlers\DatabaseHandler' driver.
INFO - 2024-11-11 10:54:12 --> Session: Class initialized using 'CodeIgniter\Session\Handlers\DatabaseHandler' driver.
INFO - 2024-11-11 10:54:14 --> Session: Class initialized using 'CodeIgniter\Session\Handlers\DatabaseHandler' driver.
INFO - 2024-11-11 10:54:15 --> Session: Class initialized using 'CodeIgniter\Session\Handlers\DatabaseHandler' driver.
INFO - 2024-11-11 10:54:17 --> Session: Class initialized using 'CodeIgniter\Session\Handlers\DatabaseHandler' driver.
INFO - 2024-11-11 10:54:18 --> Session: Class initialized using 'CodeIgniter\Session\Handlers\DatabaseHandler' driver.
INFO - 2024-11-11 10:54:19 --> Session: Class initialized using 'CodeIgniter\Session\Handlers\DatabaseHandler' driver.
INFO - 2024-11-11 10:54:20 --> Session: Class initialized using 'CodeIgniter\Session\Handlers\DatabaseHandler' driver.
INFO - 2024-11-11 10:54:22 --> Session: Class initialized using 'CodeIgniter\Session\Handlers\DatabaseHandler' driver.
INFO - 2024-11-11 10:54:23 --> Session: Class initialized using 'CodeIgniter\Session\Handlers\DatabaseHandler' driver.
INFO - 2024-11-11 10:54:24 --> Session: Class initialized using 'CodeIgniter\Session\Handlers\DatabaseHandler' driver.
INFO - 2024-11-11 10:54:26 --> Session: Class initialized using 'CodeIgniter\Session\Handlers\DatabaseHandler' driver.
INFO - 2024-11-11 10:54:27 --> Session: Class initialized using 'CodeIgniter\Session\Handlers\DatabaseHandler' driver.
INFO - 2024-11-11 10:54:28 --> Session: Class initialized using 'CodeIgniter\Session\Handlers\DatabaseHandler' driver.
INFO - 2024-11-11 10:54:30 --> Session: Class initialized using 'CodeIgniter\Session\Handlers\DatabaseHandler' driver.
INFO - 2024-11-11 10:54:32 --> Session: Class initialized using 'CodeIgniter\Session\Handlers\DatabaseHandler' driver.
INFO - 2024-11-11 10:54:33 --> Session: Class initialized using 'CodeIgniter\Session\Handlers\DatabaseHandler' driver.
INFO - 2024-11-11 10:54:33 --> Session: Class initialized using 'CodeIgniter\Session\Handlers\DatabaseHandler' driver.
INFO - 2024-11-11 10:54:34 --> Session: Class initialized using 'CodeIgniter\Session\Handlers\DatabaseHandler' driver.
INFO - 2024-11-11 10:54:36 --> Session: Class initialized using 'CodeIgniter\Session\Handlers\DatabaseHandler' driver.
INFO - 2024-11-11 10:54:37 --> Session: Class initialized using 'CodeIgniter\Session\Handlers\DatabaseHandler' driver.
INFO - 2024-11-11 10:54:38 --> Session: Class initialized using 'CodeIgniter\Session\Handlers\DatabaseHandler' driver.
INFO - 2024-11-11 10:54:40 --> Session: Class initialized using 'CodeIgniter\Session\Handlers\DatabaseHandler' driver.
INFO - 2024-11-11 10:54:41 --> Session: Class initialized using 'CodeIgniter\Session\Handlers\DatabaseHandler' driver.
INFO - 2024-11-11 10:54:43 --> Session: Class initialized using 'CodeIgniter\Session\Handlers\DatabaseHandler' driver.
INFO - 2024-11-11 10:54:43 --> CSRF token verified.
INFO - 2024-11-11 10:54:44 --> Session: Class initialized using 'CodeIgniter\Session\Handlers\DatabaseHandler' driver.
INFO - 2024-11-11 10:54:47 --> Session: Class initialized using 'CodeIgniter\Session\Handlers\DatabaseHandler' driver.
INFO - 2024-11-11 10:54:47 --> Session: Class initialized using 'CodeIgniter\Session\Handlers\DatabaseHandler' driver.
INFO - 2024-11-11 10:54:49 --> Session: Class initialized using 'CodeIgniter\Session\Handlers\DatabaseHandler' driver.
INFO - 2024-11-11 10:54:50 --> Session: Class initialized using 'CodeIgniter\Session\Handlers\DatabaseHandler' driver.
INFO - 2024-11-11 10:54:52 --> Session: Class initialized using 'CodeIgniter\Session\Handlers\DatabaseHandler' driver.
INFO - 2024-11-11 10:54:53 --> Session: Class initialized using 'CodeIgniter\Session\Handlers\DatabaseHandler' driver.
INFO - 2024-11-11 10:54:54 --> Session: Class initialized using 'CodeIgniter\Session\Handlers\DatabaseHandler' driver.
INFO - 2024-11-11 10:54:56 --> Session: Class initialized using 'CodeIgniter\Session\Handlers\DatabaseHandler' driver.
INFO - 2024-11-11 10:54:57 --> Session: Class initialized using 'CodeIgniter\Session\Handlers\DatabaseHandler' driver.
INFO - 2024-11-11 10:54:58 --> Session: Class initialized using 'CodeIgniter\Session\Handlers\DatabaseHandler' driver.
INFO - 2024-11-11 10:55:00 --> Session: Class initialized using 'CodeIgniter\Session\Handlers\DatabaseHandler' driver.
INFO - 2024-11-11 10:55:01 --> Session: Class initialized using 'CodeIgniter\Session\Handlers\DatabaseHandler' driver.
INFO - 2024-11-11 10:55:02 --> Session: Class initialized using 'CodeIgniter\Session\Handlers\DatabaseHandler' driver.
INFO - 2024-11-11 10:55:04 --> Session: Class initialized using 'CodeIgniter\Session\Handlers\DatabaseHandler' driver.
INFO - 2024-11-11 10:55:05 --> Session: Class initialized using 'CodeIgniter\Session\Handlers\DatabaseHandler' driver.
INFO - 2024-11-11 10:55:06 --> Session: Class initialized using 'CodeIgniter\Session\Handlers\DatabaseHandler' driver.
INFO - 2024-11-11 10:55:08 --> Session: Class initialized using 'CodeIgniter\Session\Handlers\DatabaseHandler' driver.
INFO - 2024-11-11 10:55:09 --> Session: Class initialized using 'CodeIgniter\Session\Handlers\DatabaseHandler' driver.
INFO - 2024-11-11 10:55:10 --> Session: Class initialized using 'CodeIgniter\Session\Handlers\DatabaseHandler' driver.
INFO - 2024-11-11 10:55:12 --> Session: Class initialized using 'CodeIgniter\Session\Handlers\DatabaseHandler' driver.
INFO - 2024-11-11 10:55:13 --> Session: Class initialized using 'CodeIgniter\Session\Handlers\DatabaseHandler' driver.
INFO - 2024-11-11 10:55:15 --> Session: Class initialized using 'CodeIgniter\Session\Handlers\DatabaseHandler' driver.
INFO - 2024-11-11 10:55:17 --> Session: Class initialized using 'CodeIgniter\Session\Handlers\DatabaseHandler' driver.
INFO - 2024-11-11 10:55:17 --> CSRF token verified.
INFO - 2024-11-11 10:55:19 --> Session: Class initialized using 'CodeIgniter\Session\Handlers\DatabaseHandler' driver.
INFO - 2024-11-11 10:55:23 --> Session: Class initialized using 'CodeIgniter\Session\Handlers\DatabaseHandler' driver.
INFO - 2024-11-11 10:55:24 --> Session: Class initialized using 'CodeIgniter\Session\Handlers\DatabaseHandler' driver.
INFO - 2024-11-11 10:55:26 --> Session: Class initialized using 'CodeIgniter\Session\Handlers\DatabaseHandler' driver.
INFO - 2024-11-11 10:55:28 --> Session: Class initialized using 'CodeIgniter\Session\Handlers\DatabaseHandler' driver.
INFO - 2024-11-11 10:55:29 --> Session: Class initialized using 'CodeIgniter\Session\Handlers\DatabaseHandler' driver.
INFO - 2024-11-11 10:55:31 --> Session: Class initialized using 'CodeIgniter\Session\Handlers\DatabaseHandler' driver.
INFO - 2024-11-11 10:55:32 --> Session: Class initialized using 'CodeIgniter\Session\Handlers\DatabaseHandler' driver.
INFO - 2024-11-11 10:55:34 --> Session: Class initialized using 'CodeIgniter\Session\Handlers\DatabaseHandler' driver.
INFO - 2024-11-11 10:55:35 --> Session: Class initialized using 'CodeIgniter\Session\Handlers\DatabaseHandler' driver.
INFO - 2024-11-11 10:55:37 --> Session: Class initialized using 'CodeIgniter\Session\Handlers\DatabaseHandler' driver.
INFO - 2024-11-11 10:55:38 --> Session: Class initialized using 'CodeIgniter\Session\Handlers\DatabaseHandler' driver.
INFO - 2024-11-11 10:55:40 --> Session: Class initialized using 'CodeIgniter\Session\Handlers\DatabaseHandler' driver.
INFO - 2024-11-11 10:55:41 --> Session: Class initialized using 'CodeIgniter\Session\Handlers\DatabaseHandler' driver.
INFO - 2024-11-11 10:55:43 --> Session: Class initialized using 'CodeIgniter\Session\Handlers\DatabaseHandler' driver.
INFO - 2024-11-11 10:55:44 --> Session: Class initialized using 'CodeIgniter\Session\Handlers\DatabaseHandler' driver.
INFO - 2024-11-11 10:55:46 --> Session: Class initialized using 'CodeIgniter\Session\Handlers\DatabaseHandler' driver.
INFO - 2024-11-11 10:55:47 --> Session: Class initialized using 'CodeIgniter\Session\Handlers\DatabaseHandler' driver.
INFO - 2024-11-11 11:00:42 --> Session: Class initialized using 'CodeIgniter\Session\Handlers\DatabaseHandler' driver.
INFO - 2024-11-11 11:03:12 --> Session: Class initialized using 'CodeIgniter\Session\Handlers\DatabaseHandler' driver.
INFO - 2024-11-11 11:03:40 --> Session: Class initialized using 'CodeIgniter\Session\Handlers\DatabaseHandler' driver.
INFO - 2024-11-11 11:03:40 --> CSRF token verified.
INFO - 2024-11-11 11:06:12 --> Session: Class initialized using 'CodeIgniter\Session\Handlers\DatabaseHandler' driver.
INFO - 2024-11-11 11:06:14 --> Session: Class initialized using 'CodeIgniter\Session\Handlers\DatabaseHandler' driver.
INFO - 2024-11-11 11:11:19 --> Session: Class initialized using 'CodeIgniter\Session\Handlers\DatabaseHandler' driver.
INFO - 2024-11-11 11:18:16 --> Session: Class initialized using 'CodeIgniter\Session\Handlers\DatabaseHandler' driver.
INFO - 2024-11-11 11:19:38 --> Session: Class initialized using 'CodeIgniter\Session\Handlers\DatabaseHandler' driver.
INFO - 2024-11-11 11:25:36 --> Session: Class initialized using 'CodeIgniter\Session\Handlers\DatabaseHandler' driver.
INFO - 2024-11-11 11:36:14 --> Session: Class initialized using 'CodeIgniter\Session\Handlers\DatabaseHandler' driver.
INFO - 2024-11-11 11:56:24 --> Session: Class initialized using 'CodeIgniter\Session\Handlers\DatabaseHandler' driver.
INFO - 2024-11-11 12:10:39 --> Session: Class initialized using 'CodeIgniter\Session\Handlers\DatabaseHandler' driver.
INFO - 2024-11-11 12:10:39 --> Session: Class initialized using 'CodeIgniter\Session\Handlers\DatabaseHandler' driver.
INFO - 2024-11-11 12:10:39 --> Session: Class initialized using 'CodeIgniter\Session\Handlers\DatabaseHandler' driver.
INFO - 2024-11-11 12:10:39 --> Session: Class initialized using 'CodeIgniter\Session\Handlers\DatabaseHandler' driver.
INFO - 2024-11-11 12:10:41 --> Session: Class initialized using 'CodeIgniter\Session\Handlers\DatabaseHandler' driver.
INFO - 2024-11-11 12:10:41 --> Session: Class initialized using 'CodeIgniter\Session\Handlers\DatabaseHandler' driver.
INFO - 2024-11-11 12:10:44 --> Session: Class initialized using 'CodeIgniter\Session\Handlers\DatabaseHandler' driver.
INFO - 2024-11-11 12:10:44 --> Session: Class initialized using 'CodeIgniter\Session\Handlers\DatabaseHandler' driver.
INFO - 2024-11-11 12:10:45 --> Session: Class initialized using 'CodeIgniter\Session\Handlers\DatabaseHandler' driver.
INFO - 2024-11-11 12:10:45 --> Session: Class initialized using 'CodeIgniter\Session\Handlers\DatabaseHandler' driver.
INFO - 2024-11-11 12:10:46 --> Session: Class initialized using 'CodeIgniter\Session\Handlers\DatabaseHandler' driver.
INFO - 2024-11-11 12:10:47 --> Session: Class initialized using 'CodeIgniter\Session\Handlers\DatabaseHandler' driver.
INFO - 2024-11-11 12:10:47 --> Session: Class initialized using 'CodeIgniter\Session\Handlers\DatabaseHandler' driver.
INFO - 2024-11-11 12:10:48 --> Session: Class initialized using 'CodeIgniter\Session\Handlers\DatabaseHandler' driver.
INFO - 2024-11-11 12:10:49 --> Session: Class initialized using 'CodeIgniter\Session\Handlers\DatabaseHandler' driver.
INFO - 2024-11-11 12:10:51 --> Session: Class initialized using 'CodeIgniter\Session\Handlers\DatabaseHandler' driver.
INFO - 2024-11-11 12:10:51 --> Session: Class initialized using 'CodeIgniter\Session\Handlers\DatabaseHandler' driver.
INFO - 2024-11-11 12:10:51 --> Session: Class initialized using 'CodeIgniter\Session\Handlers\DatabaseHandler' driver.
INFO - 2024-11-11 12:10:52 --> Session: Class initialized using 'CodeIgniter\Session\Handlers\DatabaseHandler' driver.
INFO - 2024-11-11 12:10:53 --> Session: Class initialized using 'CodeIgniter\Session\Handlers\DatabaseHandler' driver.
INFO - 2024-11-11 12:10:54 --> Session: Class initialized using 'CodeIgniter\Session\Handlers\DatabaseHandler' driver.
INFO - 2024-11-11 12:10:54 --> Session: Class initialized using 'CodeIgniter\Session\Handlers\DatabaseHandler' driver.
INFO - 2024-11-11 12:10:55 --> Session: Class initialized using 'CodeIgniter\Session\Handlers\DatabaseHandler' driver.
INFO - 2024-11-11 12:10:55 --> Session: Class initialized using 'CodeIgniter\Session\Handlers\DatabaseHandler' driver.
INFO - 2024-11-11 12:10:57 --> Session: Class initialized using 'CodeIgniter\Session\Handlers\DatabaseHandler' driver.
INFO - 2024-11-11 12:10:57 --> Session: Class initialized using 'CodeIgniter\Session\Handlers\DatabaseHandler' driver.
INFO - 2024-11-11 12:10:57 --> Session: Class initialized using 'CodeIgniter\Session\Handlers\DatabaseHandler' driver.
INFO - 2024-11-11 12:10:58 --> Session: Class initialized using 'CodeIgniter\Session\Handlers\DatabaseHandler' driver.
INFO - 2024-11-11 12:11:00 --> Session: Class initialized using 'CodeIgniter\Session\Handlers\DatabaseHandler' driver.
INFO - 2024-11-11 12:11:00 --> Session: Class initialized using 'CodeIgniter\Session\Handlers\DatabaseHandler' driver.
INFO - 2024-11-11 12:11:00 --> Session: Class initialized using 'CodeIgniter\Session\Handlers\DatabaseHandler' driver.
INFO - 2024-11-11 12:11:01 --> Session: Class initialized using 'CodeIgniter\Session\Handlers\DatabaseHandler' driver.
INFO - 2024-11-11 12:11:02 --> Session: Class initialized using 'CodeIgniter\Session\Handlers\DatabaseHandler' driver.
INFO - 2024-11-11 12:11:03 --> Session: Class initialized using 'CodeIgniter\Session\Handlers\DatabaseHandler' driver.
INFO - 2024-11-11 12:11:04 --> Session: Class initialized using 'CodeIgniter\Session\Handlers\DatabaseHandler' driver.
INFO - 2024-11-11 12:11:05 --> Session: Class initialized using 'CodeIgniter\Session\Handlers\DatabaseHandler' driver.
INFO - 2024-11-11 12:11:05 --> Session: Class initialized using 'CodeIgniter\Session\Handlers\DatabaseHandler' driver.
INFO - 2024-11-11 12:11:06 --> Session: Class initialized using 'CodeIgniter\Session\Handlers\DatabaseHandler' driver.
INFO - 2024-11-11 12:11:07 --> Session: Class initialized using 'CodeIgniter\Session\Handlers\DatabaseHandler' driver.
INFO - 2024-11-11 12:11:08 --> Session: Class initialized using 'CodeIgniter\Session\Handlers\DatabaseHandler' driver.
INFO - 2024-11-11 12:11:09 --> Session: Class initialized using 'CodeIgniter\Session\Handlers\DatabaseHandler' driver.
INFO - 2024-11-11 12:11:09 --> Session: Class initialized using 'CodeIgniter\Session\Handlers\DatabaseHandler' driver.
INFO - 2024-11-11 12:11:11 --> Session: Class initialized using 'CodeIgniter\Session\Handlers\DatabaseHandler' driver.
INFO - 2024-11-11 12:11:12 --> Session: Class initialized using 'CodeIgniter\Session\Handlers\DatabaseHandler' driver.
INFO - 2024-11-11 12:11:12 --> Session: Class initialized using 'CodeIgniter\Session\Handlers\DatabaseHandler' driver.
INFO - 2024-11-11 12:11:13 --> Session: Class initialized using 'CodeIgniter\Session\Handlers\DatabaseHandler' driver.
INFO - 2024-11-11 12:11:15 --> Session: Class initialized using 'CodeIgniter\Session\Handlers\DatabaseHandler' driver.
INFO - 2024-11-11 12:11:16 --> Session: Class initialized using 'CodeIgniter\Session\Handlers\DatabaseHandler' driver.
INFO - 2024-11-11 12:11:16 --> Session: Class initialized using 'CodeIgniter\Session\Handlers\DatabaseHandler' driver.
INFO - 2024-11-11 12:11:17 --> Session: Class initialized using 'CodeIgniter\Session\Handlers\DatabaseHandler' driver.
INFO - 2024-11-11 12:11:18 --> Session: Class initialized using 'CodeIgniter\Session\Handlers\DatabaseHandler' driver.
INFO - 2024-11-11 12:11:18 --> Session: Class initialized using 'CodeIgniter\Session\Handlers\DatabaseHandler' driver.
INFO - 2024-11-11 12:11:19 --> Session: Class initialized using 'CodeIgniter\Session\Handlers\DatabaseHandler' driver.
INFO - 2024-11-11 12:11:19 --> Session: Class initialized using 'CodeIgniter\Session\Handlers\DatabaseHandler' driver.
INFO - 2024-11-11 12:11:20 --> Session: Class initialized using 'CodeIgniter\Session\Handlers\DatabaseHandler' driver.
INFO - 2024-11-11 12:11:21 --> Session: Class initialized using 'CodeIgniter\Session\Handlers\DatabaseHandler' driver.
INFO - 2024-11-11 12:11:21 --> Session: Class initialized using 'CodeIgniter\Session\Handlers\DatabaseHandler' driver.
INFO - 2024-11-11 12:11:23 --> Session: Class initialized using 'CodeIgniter\Session\Handlers\DatabaseHandler' driver.
INFO - 2024-11-11 12:11:23 --> Session: Class initialized using 'CodeIgniter\Session\Handlers\DatabaseHandler' driver.
INFO - 2024-11-11 12:11:25 --> Session: Class initialized using 'CodeIgniter\Session\Handlers\DatabaseHandler' driver.
INFO - 2024-11-11 12:11:26 --> Session: Class initialized using 'CodeIgniter\Session\Handlers\DatabaseHandler' driver.
INFO - 2024-11-11 12:11:28 --> Session: Class initialized using 'CodeIgniter\Session\Handlers\DatabaseHandler' driver.
INFO - 2024-11-11 12:11:29 --> Session: Class initialized using 'CodeIgniter\Session\Handlers\DatabaseHandler' driver.
INFO - 2024-11-11 12:11:30 --> Session: Class initialized using 'CodeIgniter\Session\Handlers\DatabaseHandler' driver.
INFO - 2024-11-11 12:12:16 --> Session: Class initialized using 'CodeIgniter\Session\Handlers\DatabaseHandler' driver.
INFO - 2024-11-11 12:32:38 --> Session: Class initialized using 'CodeIgniter\Session\Handlers\DatabaseHandler' driver.
INFO - 2024-11-11 12:33:25 --> Session: Class initialized using 'CodeIgniter\Session\Handlers\DatabaseHandler' driver.
INFO - 2024-11-11 12:39:14 --> Session: Class initialized using 'CodeIgniter\Session\Handlers\DatabaseHandler' driver.
INFO - 2024-11-11 12:55:26 --> Session: Class initialized using 'CodeIgniter\Session\Handlers\DatabaseHandler' driver.
INFO - 2024-11-11 12:55:26 --> CSRF token verified.
INFO - 2024-11-11 12:57:40 --> Session: Class initialized using 'CodeIgniter\Session\Handlers\DatabaseHandler' driver.
INFO - 2024-11-11 12:58:16 --> Session: Class initialized using 'CodeIgniter\Session\Handlers\DatabaseHandler' driver.
INFO - 2024-11-11 13:00:37 --> Session: Class initialized using 'CodeIgniter\Session\Handlers\DatabaseHandler' driver.
INFO - 2024-11-11 13:10:58 --> Session: Class initialized using 'CodeIgniter\Session\Handlers\DatabaseHandler' driver.
INFO - 2024-11-11 13:13:43 --> Session: Class initialized using 'CodeIgniter\Session\Handlers\DatabaseHandler' driver.
INFO - 2024-11-11 13:20:22 --> Session: Class initialized using 'CodeIgniter\Session\Handlers\DatabaseHandler' driver.
INFO - 2024-11-11 13:37:35 --> Session: Class initialized using 'CodeIgniter\Session\Handlers\DatabaseHandler' driver.
INFO - 2024-11-11 13:57:05 --> Session: Class initialized using 'CodeIgniter\Session\Handlers\DatabaseHandler' driver.
INFO - 2024-11-11 13:58:30 --> Session: Class initialized using 'CodeIgniter\Session\Handlers\DatabaseHandler' driver.
INFO - 2024-11-11 14:04:08 --> Session: Class initialized using 'CodeIgniter\Session\Handlers\DatabaseHandler' driver.
INFO - 2024-11-11 14:12:15 --> Session: Class initialized using 'CodeIgniter\Session\Handlers\DatabaseHandler' driver.
INFO - 2024-11-11 14:12:16 --> Session: Class initialized using 'CodeIgniter\Session\Handlers\DatabaseHandler' driver.
INFO - 2024-11-11 14:14:12 --> Session: Class initialized using 'CodeIgniter\Session\Handlers\DatabaseHandler' driver.
INFO - 2024-11-11 14:17:06 --> Session: Class initialized using 'CodeIgniter\Session\Handlers\DatabaseHandler' driver.
INFO - 2024-11-11 14:18:44 --> Session: Class initialized using 'CodeIgniter\Session\Handlers\DatabaseHandler' driver.
INFO - 2024-11-11 14:19:20 --> Session: Class initialized using 'CodeIgniter\Session\Handlers\DatabaseHandler' driver.
INFO - 2024-11-11 14:19:58 --> Session: Class initialized using 'CodeIgniter\Session\Handlers\DatabaseHandler' driver.
INFO - 2024-11-11 14:20:42 --> Session: Class initialized using 'CodeIgniter\Session\Handlers\DatabaseHandler' driver.
INFO - 2024-11-11 14:21:26 --> Session: Class initialized using 'CodeIgniter\Session\Handlers\DatabaseHandler' driver.
INFO - 2024-11-11 14:22:11 --> Session: Class initialized using 'CodeIgniter\Session\Handlers\DatabaseHandler' driver.
INFO - 2024-11-11 14:22:56 --> Session: Class initialized using 'CodeIgniter\Session\Handlers\DatabaseHandler' driver.
INFO - 2024-11-11 14:23:36 --> Session: Class initialized using 'CodeIgniter\Session\Handlers\DatabaseHandler' driver.
INFO - 2024-11-11 14:24:17 --> Session: Class initialized using 'CodeIgniter\Session\Handlers\DatabaseHandler' driver.
INFO - 2024-11-11 14:24:55 --> Session: Class initialized using 'CodeIgniter\Session\Handlers\DatabaseHandler' driver.
INFO - 2024-11-11 14:25:36 --> Session: Class initialized using 'CodeIgniter\Session\Handlers\DatabaseHandler' driver.
INFO - 2024-11-11 14:26:19 --> Session: Class initialized using 'CodeIgniter\Session\Handlers\DatabaseHandler' driver.
INFO - 2024-11-11 14:26:58 --> Session: Class initialized using 'CodeIgniter\Session\Handlers\DatabaseHandler' driver.
INFO - 2024-11-11 14:27:36 --> Session: Class initialized using 'CodeIgniter\Session\Handlers\DatabaseHandler' driver.
INFO - 2024-11-11 14:37:50 --> Session: Class initialized using 'CodeIgniter\Session\Handlers\DatabaseHandler' driver.
INFO - 2024-11-11 14:37:53 --> Session: Class initialized using 'CodeIgniter\Session\Handlers\DatabaseHandler' driver.
INFO - 2024-11-11 14:37:56 --> Session: Class initialized using 'CodeIgniter\Session\Handlers\DatabaseHandler' driver.
INFO - 2024-11-11 14:37:59 --> Session: Class initialized using 'CodeIgniter\Session\Handlers\DatabaseHandler' driver.
INFO - 2024-11-11 14:38:02 --> Session: Class initialized using 'CodeIgniter\Session\Handlers\DatabaseHandler' driver.
INFO - 2024-11-11 14:38:05 --> Session: Class initialized using 'CodeIgniter\Session\Handlers\DatabaseHandler' driver.
INFO - 2024-11-11 14:38:09 --> Session: Class initialized using 'CodeIgniter\Session\Handlers\DatabaseHandler' driver.
INFO - 2024-11-11 14:39:10 --> Session: Class initialized using 'CodeIgniter\Session\Handlers\DatabaseHandler' driver.
INFO - 2024-11-11 14:40:01 --> Session: Class initialized using 'CodeIgniter\Session\Handlers\DatabaseHandler' driver.
INFO - 2024-11-11 14:46:25 --> Session: Class initialized using 'CodeIgniter\Session\Handlers\DatabaseHandler' driver.
INFO - 2024-11-11 14:47:09 --> Session: Class initialized using 'CodeIgniter\Session\Handlers\DatabaseHandler' driver.
INFO - 2024-11-11 14:51:33 --> Session: Class initialized using 'CodeIgniter\Session\Handlers\DatabaseHandler' driver.
INFO - 2024-11-11 14:54:12 --> Session: Class initialized using 'CodeIgniter\Session\Handlers\DatabaseHandler' driver.
INFO - 2024-11-11 14:54:48 --> Session: Class initialized using 'CodeIgniter\Session\Handlers\DatabaseHandler' driver.
INFO - 2024-11-11 15:11:26 --> Session: Class initialized using 'CodeIgniter\Session\Handlers\DatabaseHandler' driver.
INFO - 2024-11-11 15:18:11 --> Session: Class initialized using 'CodeIgniter\Session\Handlers\DatabaseHandler' driver.
INFO - 2024-11-11 15:18:37 --> Session: Class initialized using 'CodeIgniter\Session\Handlers\DatabaseHandler' driver.
INFO - 2024-11-11 15:20:32 --> Session: Class initialized using 'CodeIgniter\Session\Handlers\DatabaseHandler' driver.
INFO - 2024-11-11 15:21:29 --> Session: Class initialized using 'CodeIgniter\Session\Handlers\DatabaseHandler' driver.
INFO - 2024-11-11 15:23:01 --> Session: Class initialized using 'CodeIgniter\Session\Handlers\DatabaseHandler' driver.
INFO - 2024-11-11 15:25:14 --> Session: Class initialized using 'CodeIgniter\Session\Handlers\DatabaseHandler' driver.
INFO - 2024-11-11 15:25:42 --> Session: Class initialized using 'CodeIgniter\Session\Handlers\DatabaseHandler' driver.
INFO - 2024-11-11 15:36:06 --> Session: Class initialized using 'CodeIgniter\Session\Handlers\DatabaseHandler' driver.
INFO - 2024-11-11 15:39:48 --> Session: Class initialized using 'CodeIgniter\Session\Handlers\DatabaseHandler' driver.
INFO - 2024-11-11 15:40:40 --> Session: Class initialized using 'CodeIgniter\Session\Handlers\DatabaseHandler' driver.
INFO - 2024-11-11 15:45:04 --> Session: Class initialized using 'CodeIgniter\Session\Handlers\DatabaseHandler' driver.
INFO - 2024-11-11 15:47:35 --> Session: Class initialized using 'CodeIgniter\Session\Handlers\DatabaseHandler' driver.
INFO - 2024-11-11 15:50:35 --> Session: Class initialized using 'CodeIgniter\Session\Handlers\DatabaseHandler' driver.
CRITICAL - 2024-11-11 15:50:35 --> ErrorException: Undefined variable $mainCategories
[Method: GET, Route: products]
in APPPATH/Views/product/products.php on line 123.
 1 APPPATH/Views/product/products.php(123): CodeIgniter\Debug\Exceptions->errorHandler(2, 'Undefined variable $mainCategories', '/home/carttalog/public_html/app/Views/product/products.php', 123)
 2 SYSTEMPATH/View/View.php(234): include('/home/carttalog/public_html/app/Views/product/products.php')
 3 SYSTEMPATH/View/View.php(237): CodeIgniter\View\View->CodeIgniter\View\{closure}()
 4 SYSTEMPATH/Common.php(1195): CodeIgniter\View\View->render('product/products', [], true)
 5 APPPATH/Controllers/HomeController.php(136): view('product/products', [...])
 6 SYSTEMPATH/CodeIgniter.php(933): App\Controllers\HomeController->products()
 7 SYSTEMPATH/CodeIgniter.php(509): CodeIgniter\CodeIgniter->runController(Object(App\Controllers\HomeController))
 8 SYSTEMPATH/CodeIgniter.php(355): CodeIgniter\CodeIgniter->handleRequest(null, Object(Config\Cache), false)
 9 SYSTEMPATH/Boot.php(325): CodeIgniter\CodeIgniter->run()
10 SYSTEMPATH/Boot.php(67): CodeIgniter\Boot::runCodeIgniter(Object(CodeIgniter\CodeIgniter))
11 FCPATH/index.php(56): CodeIgniter\Boot::bootWeb(Object(Config\Paths))
INFO - 2024-11-11 15:50:41 --> Session: Class initialized using 'CodeIgniter\Session\Handlers\DatabaseHandler' driver.
INFO - 2024-11-11 15:56:07 --> Session: Class initialized using 'CodeIgniter\Session\Handlers\DatabaseHandler' driver.
INFO - 2024-11-11 15:58:18 --> Session: Class initialized using 'CodeIgniter\Session\Handlers\DatabaseHandler' driver.
INFO - 2024-11-11 16:03:03 --> Session: Class initialized using 'CodeIgniter\Session\Handlers\DatabaseHandler' driver.
INFO - 2024-11-11 16:06:02 --> Session: Class initialized using 'CodeIgniter\Session\Handlers\DatabaseHandler' driver.
INFO - 2024-11-11 16:07:10 --> Session: Class initialized using 'CodeIgniter\Session\Handlers\DatabaseHandler' driver.
INFO - 2024-11-11 16:10:27 --> Session: Class initialized using 'CodeIgniter\Session\Handlers\DatabaseHandler' driver.
INFO - 2024-11-11 16:20:17 --> Session: Class initialized using 'CodeIgniter\Session\Handlers\DatabaseHandler' driver.
INFO - 2024-11-11 16:24:01 --> Session: Class initialized using 'CodeIgniter\Session\Handlers\DatabaseHandler' driver.
INFO - 2024-11-11 16:28:05 --> Session: Class initialized using 'CodeIgniter\Session\Handlers\DatabaseHandler' driver.
INFO - 2024-11-11 16:29:07 --> Session: Class initialized using 'CodeIgniter\Session\Handlers\DatabaseHandler' driver.
INFO - 2024-11-11 16:35:32 --> Session: Class initialized using 'CodeIgniter\Session\Handlers\DatabaseHandler' driver.
INFO - 2024-11-11 16:38:21 --> Session: Class initialized using 'CodeIgniter\Session\Handlers\DatabaseHandler' driver.
INFO - 2024-11-11 16:54:24 --> Session: Class initialized using 'CodeIgniter\Session\Handlers\DatabaseHandler' driver.
INFO - 2024-11-11 16:57:06 --> Session: Class initialized using 'CodeIgniter\Session\Handlers\DatabaseHandler' driver.
INFO - 2024-11-11 17:01:09 --> Session: Class initialized using 'CodeIgniter\Session\Handlers\DatabaseHandler' driver.
INFO - 2024-11-11 17:04:42 --> Session: Class initialized using 'CodeIgniter\Session\Handlers\DatabaseHandler' driver.
INFO - 2024-11-11 17:07:47 --> Session: Class initialized using 'CodeIgniter\Session\Handlers\DatabaseHandler' driver.
INFO - 2024-11-11 17:12:31 --> Session: Class initialized using 'CodeIgniter\Session\Handlers\DatabaseHandler' driver.
INFO - 2024-11-11 17:16:42 --> Session: Class initialized using 'CodeIgniter\Session\Handlers\DatabaseHandler' driver.
INFO - 2024-11-11 17:29:16 --> Session: Class initialized using 'CodeIgniter\Session\Handlers\DatabaseHandler' driver.
INFO - 2024-11-11 17:33:48 --> Session: Class initialized using 'CodeIgniter\Session\Handlers\DatabaseHandler' driver.
INFO - 2024-11-11 17:54:04 --> Session: Class initialized using 'CodeIgniter\Session\Handlers\DatabaseHandler' driver.
INFO - 2024-11-11 17:57:13 --> Session: Class initialized using 'CodeIgniter\Session\Handlers\DatabaseHandler' driver.
INFO - 2024-11-11 18:10:31 --> Session: Class initialized using 'CodeIgniter\Session\Handlers\DatabaseHandler' driver.
INFO - 2024-11-11 18:26:50 --> Session: Class initialized using 'CodeIgniter\Session\Handlers\DatabaseHandler' driver.
INFO - 2024-11-11 18:27:50 --> Session: Class initialized using 'CodeIgniter\Session\Handlers\DatabaseHandler' driver.
INFO - 2024-11-11 18:27:51 --> Session: Class initialized using 'CodeIgniter\Session\Handlers\DatabaseHandler' driver.
INFO - 2024-11-11 18:28:28 --> Session: Class initialized using 'CodeIgniter\Session\Handlers\DatabaseHandler' driver.
INFO - 2024-11-11 18:35:39 --> Session: Class initialized using 'CodeIgniter\Session\Handlers\DatabaseHandler' driver.
INFO - 2024-11-11 18:44:37 --> Session: Class initialized using 'CodeIgniter\Session\Handlers\DatabaseHandler' driver.
INFO - 2024-11-11 18:44:41 --> Session: Class initialized using 'CodeIgniter\Session\Handlers\DatabaseHandler' driver.
INFO - 2024-11-11 18:44:43 --> Session: Class initialized using 'CodeIgniter\Session\Handlers\DatabaseHandler' driver.
INFO - 2024-11-11 18:44:45 --> Session: Class initialized using 'CodeIgniter\Session\Handlers\DatabaseHandler' driver.
INFO - 2024-11-11 18:45:37 --> Session: Class initialized using 'CodeIgniter\Session\Handlers\DatabaseHandler' driver.
INFO - 2024-11-11 18:46:41 --> Session: Class initialized using 'CodeIgniter\Session\Handlers\DatabaseHandler' driver.
INFO - 2024-11-11 18:52:39 --> Session: Class initialized using 'CodeIgniter\Session\Handlers\DatabaseHandler' driver.
INFO - 2024-11-11 18:53:30 --> Session: Class initialized using 'CodeIgniter\Session\Handlers\DatabaseHandler' driver.
INFO - 2024-11-11 18:55:01 --> Session: Class initialized using 'CodeIgniter\Session\Handlers\DatabaseHandler' driver.
INFO - 2024-11-11 19:00:16 --> Session: Class initialized using 'CodeIgniter\Session\Handlers\DatabaseHandler' driver.
INFO - 2024-11-11 19:02:18 --> Session: Class initialized using 'CodeIgniter\Session\Handlers\DatabaseHandler' driver.
INFO - 2024-11-11 19:07:36 --> Session: Class initialized using 'CodeIgniter\Session\Handlers\DatabaseHandler' driver.
INFO - 2024-11-11 19:23:33 --> Session: Class initialized using 'CodeIgniter\Session\Handlers\DatabaseHandler' driver.
INFO - 2024-11-11 19:25:23 --> Session: Class initialized using 'CodeIgniter\Session\Handlers\DatabaseHandler' driver.
INFO - 2024-11-11 19:32:46 --> Session: Class initialized using 'CodeIgniter\Session\Handlers\DatabaseHandler' driver.
INFO - 2024-11-11 19:40:02 --> Session: Class initialized using 'CodeIgniter\Session\Handlers\DatabaseHandler' driver.
INFO - 2024-11-11 19:41:23 --> Session: Class initialized using 'CodeIgniter\Session\Handlers\DatabaseHandler' driver.
INFO - 2024-11-11 19:53:09 --> Session: Class initialized using 'CodeIgniter\Session\Handlers\DatabaseHandler' driver.
INFO - 2024-11-11 19:54:42 --> Session: Class initialized using 'CodeIgniter\Session\Handlers\DatabaseHandler' driver.
INFO - 2024-11-11 20:07:21 --> Session: Class initialized using 'CodeIgniter\Session\Handlers\DatabaseHandler' driver.
INFO - 2024-11-11 20:12:11 --> Session: Class initialized using 'CodeIgniter\Session\Handlers\DatabaseHandler' driver.
INFO - 2024-11-11 20:15:26 --> Session: Class initialized using 'CodeIgniter\Session\Handlers\DatabaseHandler' driver.
INFO - 2024-11-11 20:21:33 --> Session: Class initialized using 'CodeIgniter\Session\Handlers\DatabaseHandler' driver.
INFO - 2024-11-11 20:37:30 --> Session: Class initialized using 'CodeIgniter\Session\Handlers\DatabaseHandler' driver.
INFO - 2024-11-11 21:09:44 --> Session: Class initialized using 'CodeIgniter\Session\Handlers\DatabaseHandler' driver.
INFO - 2024-11-11 21:13:04 --> Session: Class initialized using 'CodeIgniter\Session\Handlers\DatabaseHandler' driver.
INFO - 2024-11-11 21:13:06 --> Session: Class initialized using 'CodeIgniter\Session\Handlers\DatabaseHandler' driver.
INFO - 2024-11-11 21:13:30 --> Session: Class initialized using 'CodeIgniter\Session\Handlers\DatabaseHandler' driver.
INFO - 2024-11-11 21:13:52 --> Session: Class initialized using 'CodeIgniter\Session\Handlers\DatabaseHandler' driver.
INFO - 2024-11-11 21:13:56 --> Session: Class initialized using 'CodeIgniter\Session\Handlers\DatabaseHandler' driver.
INFO - 2024-11-11 21:14:36 --> Session: Class initialized using 'CodeIgniter\Session\Handlers\DatabaseHandler' driver.
INFO - 2024-11-11 21:14:51 --> Session: Class initialized using 'CodeIgniter\Session\Handlers\DatabaseHandler' driver.
INFO - 2024-11-11 21:14:58 --> Session: Class initialized using 'CodeIgniter\Session\Handlers\DatabaseHandler' driver.
INFO - 2024-11-11 21:32:41 --> Session: Class initialized using 'CodeIgniter\Session\Handlers\DatabaseHandler' driver.
INFO - 2024-11-11 21:33:23 --> Session: Class initialized using 'CodeIgniter\Session\Handlers\DatabaseHandler' driver.
INFO - 2024-11-11 21:34:06 --> Session: Class initialized using 'CodeIgniter\Session\Handlers\DatabaseHandler' driver.
INFO - 2024-11-11 21:34:51 --> Session: Class initialized using 'CodeIgniter\Session\Handlers\DatabaseHandler' driver.
INFO - 2024-11-11 21:35:26 --> Session: Class initialized using 'CodeIgniter\Session\Handlers\DatabaseHandler' driver.
INFO - 2024-11-11 21:36:14 --> Session: Class initialized using 'CodeIgniter\Session\Handlers\DatabaseHandler' driver.
INFO - 2024-11-11 21:36:54 --> Session: Class initialized using 'CodeIgniter\Session\Handlers\DatabaseHandler' driver.
INFO - 2024-11-11 21:37:23 --> Session: Class initialized using 'CodeIgniter\Session\Handlers\DatabaseHandler' driver.
INFO - 2024-11-11 21:37:39 --> Session: Class initialized using 'CodeIgniter\Session\Handlers\DatabaseHandler' driver.
INFO - 2024-11-11 21:38:26 --> Session: Class initialized using 'CodeIgniter\Session\Handlers\DatabaseHandler' driver.
INFO - 2024-11-11 21:39:07 --> Session: Class initialized using 'CodeIgniter\Session\Handlers\DatabaseHandler' driver.
INFO - 2024-11-11 21:39:55 --> Session: Class initialized using 'CodeIgniter\Session\Handlers\DatabaseHandler' driver.
INFO - 2024-11-11 21:40:35 --> Session: Class initialized using 'CodeIgniter\Session\Handlers\DatabaseHandler' driver.
INFO - 2024-11-11 21:41:18 --> Session: Class initialized using 'CodeIgniter\Session\Handlers\DatabaseHandler' driver.
INFO - 2024-11-11 21:44:57 --> Session: Class initialized using 'CodeIgniter\Session\Handlers\DatabaseHandler' driver.
CRITICAL - 2024-11-11 21:44:57 --> ErrorException: Undefined variable $mainCategories
[Method: GET, Route: products]
in APPPATH/Views/product/products.php on line 123.
 1 APPPATH/Views/product/products.php(123): CodeIgniter\Debug\Exceptions->errorHandler(2, 'Undefined variable $mainCategories', '/home/carttalog/public_html/app/Views/product/products.php', 123)
 2 SYSTEMPATH/View/View.php(234): include('/home/carttalog/public_html/app/Views/product/products.php')
 3 SYSTEMPATH/View/View.php(237): CodeIgniter\View\View->CodeIgniter\View\{closure}()
 4 SYSTEMPATH/Common.php(1195): CodeIgniter\View\View->render('product/products', [], true)
 5 APPPATH/Controllers/HomeController.php(136): view('product/products', [...])
 6 SYSTEMPATH/CodeIgniter.php(933): App\Controllers\HomeController->products()
 7 SYSTEMPATH/CodeIgniter.php(509): CodeIgniter\CodeIgniter->runController(Object(App\Controllers\HomeController))
 8 SYSTEMPATH/CodeIgniter.php(355): CodeIgniter\CodeIgniter->handleRequest(null, Object(Config\Cache), false)
 9 SYSTEMPATH/Boot.php(325): CodeIgniter\CodeIgniter->run()
10 SYSTEMPATH/Boot.php(67): CodeIgniter\Boot::runCodeIgniter(Object(CodeIgniter\CodeIgniter))
11 FCPATH/index.php(56): CodeIgniter\Boot::bootWeb(Object(Config\Paths))
INFO - 2024-11-11 21:49:36 --> Session: Class initialized using 'CodeIgniter\Session\Handlers\DatabaseHandler' driver.
INFO - 2024-11-11 21:49:58 --> Session: Class initialized using 'CodeIgniter\Session\Handlers\DatabaseHandler' driver.
INFO - 2024-11-11 22:02:19 --> Session: Class initialized using 'CodeIgniter\Session\Handlers\DatabaseHandler' driver.
INFO - 2024-11-11 22:03:37 --> Session: Class initialized using 'CodeIgniter\Session\Handlers\DatabaseHandler' driver.
INFO - 2024-11-11 22:09:11 --> Session: Class initialized using 'CodeIgniter\Session\Handlers\DatabaseHandler' driver.
INFO - 2024-11-11 22:23:37 --> Session: Class initialized using 'CodeIgniter\Session\Handlers\DatabaseHandler' driver.
INFO - 2024-11-11 22:29:24 --> Session: Class initialized using 'CodeIgniter\Session\Handlers\DatabaseHandler' driver.
INFO - 2024-11-11 22:30:19 --> Session: Class initialized using 'CodeIgniter\Session\Handlers\DatabaseHandler' driver.
INFO - 2024-11-11 22:30:22 --> Session: Class initialized using 'CodeIgniter\Session\Handlers\DatabaseHandler' driver.
INFO - 2024-11-11 22:30:24 --> Session: Class initialized using 'CodeIgniter\Session\Handlers\DatabaseHandler' driver.
INFO - 2024-11-11 22:30:27 --> Session: Class initialized using 'CodeIgniter\Session\Handlers\DatabaseHandler' driver.
INFO - 2024-11-11 22:34:11 --> Session: Class initialized using 'CodeIgniter\Session\Handlers\DatabaseHandler' driver.
INFO - 2024-11-11 22:39:19 --> Session: Class initialized using 'CodeIgniter\Session\Handlers\DatabaseHandler' driver.
INFO - 2024-11-11 22:43:22 --> Session: Class initialized using 'CodeIgniter\Session\Handlers\DatabaseHandler' driver.
INFO - 2024-11-11 22:53:20 --> Session: Class initialized using 'CodeIgniter\Session\Handlers\DatabaseHandler' driver.
CRITICAL - 2024-11-11 22:53:20 --> CodeIgniter\HTTP\Exceptions\BadRequestException: The URI you submitted has disallowed characters: "الإنترنت"
[Method: GET, Route: ar/blog/tag/%D8%A7%D9%84%D8%A5%D9%86%D8%AA%D8%B1%D9%86%D8%AA]
in SYSTEMPATH/Router/Router.php on line 737.
 1 SYSTEMPATH/Router/Router.php(204): CodeIgniter\Router\Router->checkDisallowedChars('ar/blog/tag/الإنترنت')
 2 SYSTEMPATH/CodeIgniter.php(834): CodeIgniter\Router\Router->handle('ar/blog/tag/الإنترنت')
 3 SYSTEMPATH/CodeIgniter.php(457): CodeIgniter\CodeIgniter->tryToRouteIt(Object(CodeIgniter\Router\RouteCollection))
 4 SYSTEMPATH/CodeIgniter.php(355): CodeIgniter\CodeIgniter->handleRequest(null, Object(Config\Cache), false)
 5 SYSTEMPATH/Boot.php(325): CodeIgniter\CodeIgniter->run()
 6 SYSTEMPATH/Boot.php(67): CodeIgniter\Boot::runCodeIgniter(Object(CodeIgniter\CodeIgniter))
 7 FCPATH/index.php(56): CodeIgniter\Boot::bootWeb(Object(Config\Paths))
CRITICAL - 2024-11-11 22:53:21 --> ErrorException: Uncaught Error: Class "Locale" not found in /home/carttalog/public_html/system/Helpers/number_helper.php:140
Stack trace:
#0 /home/carttalog/public_html/system/Helpers/number_helper.php(58): format_number(12.0, 2, NULL, Array)
#1 /home/carttalog/public_html/system/Debug/BaseExceptionHandler.php(154): number_to_size(12.0, 2)
#2 /home/carttalog/public_html/app/Views/errors/html/error_exception.php(365): CodeIgniter\Debug\BaseExceptionHandler::describeMemory(12582912)
#3 /home/carttalog/public_html/system/Debug/BaseExceptionHandler.php(266): include('/home/carttalog...')
#4 /home/carttalog/public_html/system/Debug/BaseExceptionHandler.php(269): CodeIgniter\Debug\BaseExceptionHandler->CodeIgniter\Debug\{closure}()
#5 /home/carttalog/public_html/system/Debug/ExceptionHandler.php(114): CodeIgniter\Debug\BaseExceptionHandler->render(Object(CodeIgniter\HTTP\Exceptions\BadRequestException), 400, '/home/carttalog...')
#6 /home/carttalog/public_html/system/Debug/Exceptions.php(164): CodeIgniter\Debug\ExceptionHandler->handle(Object(CodeIgniter\HTTP\Exceptions\BadRequestException), Object(CodeIgniter\HTTP\IncomingRequest), Object(CodeIgniter\HTTP\Response), 400, 1)
#7 [internal function]: CodeIgniter\Debug\Exceptions->exceptionHandler(Object(CodeIgniter\HTTP\Exceptions\BadRequestException))
#8 {main}
  thrown
【Previous Exception】
CodeIgniter\HTTP\Exceptions\BadRequestException
The URI you submitted has disallowed characters: "الإنترنت"
#0 /home/carttalog/public_html/system/Router/Router.php(204): CodeIgniter\Router\Router->checkDisallowedChars('ar/blog/tag/\xD8\xA7\xD9...')
#1 /home/carttalog/public_html/system/CodeIgniter.php(834): CodeIgniter\Router\Router->handle('ar/blog/tag/\xD8\xA7\xD9...')
#2 /home/carttalog/public_html/system/CodeIgniter.php(457): CodeIgniter\CodeIgniter->tryToRouteIt(Object(CodeIgniter\Router\RouteCollection))
#3 /home/carttalog/public_html/system/CodeIgniter.php(355): CodeIgniter\CodeIgniter->handleRequest(NULL, Object(Config\Cache), false)
#4 /home/carttalog/public_html/system/Boot.php(325): CodeIgniter\CodeIgniter->run()
#5 /home/carttalog/public_html/system/Boot.php(67): CodeIgniter\Boot::runCodeIgniter(Object(CodeIgniter\CodeIgniter))
#6 /home/carttalog/public_html/index.php(56): CodeIgniter\Boot::bootWeb(Object(Config\Paths))
#7 {main}
[Method: GET, Route: ar/blog/tag/%D8%A7%D9%84%D8%A5%D9%86%D8%AA%D8%B1%D9%86%D8%AA]
in SYSTEMPATH/Helpers/number_helper.php on line 140.
 1 [internal function]: CodeIgniter\Debug\Exceptions->shutdownHandler()
INFO - 2024-11-11 23:02:18 --> Session: Class initialized using 'CodeIgniter\Session\Handlers\DatabaseHandler' driver.
INFO - 2024-11-11 23:04:06 --> Session: Class initialized using 'CodeIgniter\Session\Handlers\DatabaseHandler' driver.
INFO - 2024-11-11 23:08:57 --> Session: Class initialized using 'CodeIgniter\Session\Handlers\DatabaseHandler' driver.
INFO - 2024-11-11 23:08:58 --> Session: Class initialized using 'CodeIgniter\Session\Handlers\DatabaseHandler' driver.
INFO - 2024-11-11 23:08:59 --> Session: Class initialized using 'CodeIgniter\Session\Handlers\DatabaseHandler' driver.
INFO - 2024-11-11 23:08:59 --> Session: Class initialized using 'CodeIgniter\Session\Handlers\DatabaseHandler' driver.
INFO - 2024-11-11 23:09:00 --> Session: Class initialized using 'CodeIgniter\Session\Handlers\DatabaseHandler' driver.
INFO - 2024-11-11 23:09:02 --> Session: Class initialized using 'CodeIgniter\Session\Handlers\DatabaseHandler' driver.
INFO - 2024-11-11 23:09:03 --> Session: Class initialized using 'CodeIgniter\Session\Handlers\DatabaseHandler' driver.
INFO - 2024-11-11 23:09:03 --> Session: Class initialized using 'CodeIgniter\Session\Handlers\DatabaseHandler' driver.
INFO - 2024-11-11 23:26:20 --> Session: Class initialized using 'CodeIgniter\Session\Handlers\DatabaseHandler' driver.
INFO - 2024-11-11 23:29:35 --> Session: Class initialized using 'CodeIgniter\Session\Handlers\DatabaseHandler' driver.
INFO - 2024-11-11 23:29:59 --> Session: Class initialized using 'CodeIgniter\Session\Handlers\DatabaseHandler' driver.
INFO - 2024-11-11 23:40:01 --> Session: Class initialized using 'CodeIgniter\Session\Handlers\DatabaseHandler' driver.
INFO - 2024-11-11 23:55:14 --> Session: Class initialized using 'CodeIgniter\Session\Handlers\DatabaseHandler' driver.
INFO - 2024-11-11 23:55:20 --> Session: Class initialized using 'CodeIgniter\Session\Handlers\DatabaseHandler' driver.
INFO - 2024-11-11 23:55:49 --> Session: Class initialized using 'CodeIgniter\Session\Handlers\DatabaseHandler' driver.
INFO - 2024-11-11 23:56:33 --> Session: Class initialized using 'CodeIgniter\Session\Handlers\DatabaseHandler' driver.
INFO - 2024-11-11 23:57:16 --> Session: Class initialized using 'CodeIgniter\Session\Handlers\DatabaseHandler' driver.
INFO - 2024-11-11 23:57:56 --> Session: Class initialized using 'CodeIgniter\Session\Handlers\DatabaseHandler' driver.
INFO - 2024-11-11 23:58:39 --> Session: Class initialized using 'CodeIgniter\Session\Handlers\DatabaseHandler' driver.
INFO - 2024-11-11 23:59:26 --> Session: Class initialized using 'CodeIgniter\Session\Handlers\DatabaseHandler' driver.
