INFO - 2025-02-01 00:03:23 --> Session: Class initialized using 'CodeIgniter\Session\Handlers\DatabaseHandler' driver.
INFO - 2025-02-01 00:03:43 --> Session: Class initialized using 'CodeIgniter\Session\Handlers\DatabaseHandler' driver.
INFO - 2025-02-01 00:04:59 --> Session: Class initialized using 'CodeIgniter\Session\Handlers\DatabaseHandler' driver.
INFO - 2025-02-01 00:10:29 --> Session: Class initialized using 'CodeIgniter\Session\Handlers\DatabaseHandler' driver.
INFO - 2025-02-01 00:13:11 --> Session: Class initialized using 'CodeIgniter\Session\Handlers\DatabaseHandler' driver.
INFO - 2025-02-01 00:14:25 --> Session: Class initialized using 'CodeIgniter\Session\Handlers\DatabaseHandler' driver.
INFO - 2025-02-01 00:14:47 --> Session: Class initialized using 'CodeIgniter\Session\Handlers\DatabaseHandler' driver.
INFO - 2025-02-01 00:18:32 --> Session: Class initialized using 'CodeIgniter\Session\Handlers\DatabaseHandler' driver.
INFO - 2025-02-01 00:23:25 --> Session: Class initialized using 'CodeIgniter\Session\Handlers\DatabaseHandler' driver.
INFO - 2025-02-01 00:28:23 --> Session: Class initialized using 'CodeIgniter\Session\Handlers\DatabaseHandler' driver.
INFO - 2025-02-01 00:40:47 --> Session: Class initialized using 'CodeIgniter\Session\Handlers\DatabaseHandler' driver.
INFO - 2025-02-01 00:43:06 --> Session: Class initialized using 'CodeIgniter\Session\Handlers\DatabaseHandler' driver.
INFO - 2025-02-01 00:51:01 --> Session: Class initialized using 'CodeIgniter\Session\Handlers\DatabaseHandler' driver.
INFO - 2025-02-01 00:56:44 --> Session: Class initialized using 'CodeIgniter\Session\Handlers\DatabaseHandler' driver.
INFO - 2025-02-01 00:58:22 --> Session: Class initialized using 'CodeIgniter\Session\Handlers\DatabaseHandler' driver.
INFO - 2025-02-01 00:59:19 --> Session: Class initialized using 'CodeIgniter\Session\Handlers\DatabaseHandler' driver.
INFO - 2025-02-01 01:01:25 --> Session: Class initialized using 'CodeIgniter\Session\Handlers\DatabaseHandler' driver.
INFO - 2025-02-01 01:04:16 --> Session: Class initialized using 'CodeIgniter\Session\Handlers\DatabaseHandler' driver.
INFO - 2025-02-01 01:04:16 --> Session: Class initialized using 'CodeIgniter\Session\Handlers\DatabaseHandler' driver.
INFO - 2025-02-01 01:05:13 --> Session: Class initialized using 'CodeIgniter\Session\Handlers\DatabaseHandler' driver.
INFO - 2025-02-01 01:05:44 --> Session: Class initialized using 'CodeIgniter\Session\Handlers\DatabaseHandler' driver.
INFO - 2025-02-01 01:10:53 --> Session: Class initialized using 'CodeIgniter\Session\Handlers\DatabaseHandler' driver.
INFO - 2025-02-01 01:13:46 --> Session: Class initialized using 'CodeIgniter\Session\Handlers\DatabaseHandler' driver.
INFO - 2025-02-01 01:20:29 --> Session: Class initialized using 'CodeIgniter\Session\Handlers\DatabaseHandler' driver.
INFO - 2025-02-01 01:33:58 --> Session: Class initialized using 'CodeIgniter\Session\Handlers\DatabaseHandler' driver.
INFO - 2025-02-01 01:34:49 --> Session: Class initialized using 'CodeIgniter\Session\Handlers\DatabaseHandler' driver.
INFO - 2025-02-01 01:34:59 --> Session: Class initialized using 'CodeIgniter\Session\Handlers\DatabaseHandler' driver.
INFO - 2025-02-01 01:35:17 --> Session: Class initialized using 'CodeIgniter\Session\Handlers\DatabaseHandler' driver.
INFO - 2025-02-01 01:40:49 --> Session: Class initialized using 'CodeIgniter\Session\Handlers\DatabaseHandler' driver.
INFO - 2025-02-01 01:42:44 --> Session: Class initialized using 'CodeIgniter\Session\Handlers\DatabaseHandler' driver.
INFO - 2025-02-01 01:47:37 --> Session: Class initialized using 'CodeIgniter\Session\Handlers\DatabaseHandler' driver.
INFO - 2025-02-01 01:53:19 --> Session: Class initialized using 'CodeIgniter\Session\Handlers\DatabaseHandler' driver.
INFO - 2025-02-01 01:57:37 --> Session: Class initialized using 'CodeIgniter\Session\Handlers\DatabaseHandler' driver.
INFO - 2025-02-01 01:57:41 --> Session: Class initialized using 'CodeIgniter\Session\Handlers\DatabaseHandler' driver.
INFO - 2025-02-01 02:00:39 --> Session: Class initialized using 'CodeIgniter\Session\Handlers\DatabaseHandler' driver.
INFO - 2025-02-01 02:02:01 --> Session: Class initialized using 'CodeIgniter\Session\Handlers\DatabaseHandler' driver.
INFO - 2025-02-01 02:06:23 --> Session: Class initialized using 'CodeIgniter\Session\Handlers\DatabaseHandler' driver.
INFO - 2025-02-01 02:06:24 --> Session: Class initialized using 'CodeIgniter\Session\Handlers\DatabaseHandler' driver.
INFO - 2025-02-01 02:07:06 --> Session: Class initialized using 'CodeIgniter\Session\Handlers\DatabaseHandler' driver.
INFO - 2025-02-01 02:09:51 --> Session: Class initialized using 'CodeIgniter\Session\Handlers\DatabaseHandler' driver.
INFO - 2025-02-01 02:09:55 --> Session: Class initialized using 'CodeIgniter\Session\Handlers\DatabaseHandler' driver.
INFO - 2025-02-01 02:31:03 --> Session: Class initialized using 'CodeIgniter\Session\Handlers\DatabaseHandler' driver.
INFO - 2025-02-01 02:31:31 --> Session: Class initialized using 'CodeIgniter\Session\Handlers\DatabaseHandler' driver.
INFO - 2025-02-01 02:31:38 --> Session: Class initialized using 'CodeIgniter\Session\Handlers\DatabaseHandler' driver.
INFO - 2025-02-01 02:34:50 --> Session: Class initialized using 'CodeIgniter\Session\Handlers\DatabaseHandler' driver.
INFO - 2025-02-01 02:36:31 --> Session: Class initialized using 'CodeIgniter\Session\Handlers\DatabaseHandler' driver.
INFO - 2025-02-01 02:40:03 --> Session: Class initialized using 'CodeIgniter\Session\Handlers\DatabaseHandler' driver.
INFO - 2025-02-01 02:44:26 --> Session: Class initialized using 'CodeIgniter\Session\Handlers\DatabaseHandler' driver.
INFO - 2025-02-01 02:44:39 --> Session: Class initialized using 'CodeIgniter\Session\Handlers\DatabaseHandler' driver.
INFO - 2025-02-01 02:46:34 --> Session: Class initialized using 'CodeIgniter\Session\Handlers\DatabaseHandler' driver.
INFO - 2025-02-01 02:54:02 --> Session: Class initialized using 'CodeIgniter\Session\Handlers\DatabaseHandler' driver.
INFO - 2025-02-01 02:57:26 --> Session: Class initialized using 'CodeIgniter\Session\Handlers\DatabaseHandler' driver.
INFO - 2025-02-01 02:57:42 --> Session: Class initialized using 'CodeIgniter\Session\Handlers\DatabaseHandler' driver.
INFO - 2025-02-01 03:00:22 --> Session: Class initialized using 'CodeIgniter\Session\Handlers\DatabaseHandler' driver.
INFO - 2025-02-01 03:01:25 --> Session: Class initialized using 'CodeIgniter\Session\Handlers\DatabaseHandler' driver.
INFO - 2025-02-01 03:01:25 --> CSRF token verified.
INFO - 2025-02-01 03:09:26 --> Session: Class initialized using 'CodeIgniter\Session\Handlers\DatabaseHandler' driver.
INFO - 2025-02-01 03:14:05 --> Session: Class initialized using 'CodeIgniter\Session\Handlers\DatabaseHandler' driver.
INFO - 2025-02-01 03:17:56 --> Session: Class initialized using 'CodeIgniter\Session\Handlers\DatabaseHandler' driver.
INFO - 2025-02-01 03:19:08 --> Session: Class initialized using 'CodeIgniter\Session\Handlers\DatabaseHandler' driver.
INFO - 2025-02-01 03:19:10 --> Session: Class initialized using 'CodeIgniter\Session\Handlers\DatabaseHandler' driver.
INFO - 2025-02-01 03:19:43 --> Session: Class initialized using 'CodeIgniter\Session\Handlers\DatabaseHandler' driver.
INFO - 2025-02-01 03:22:23 --> Session: Class initialized using 'CodeIgniter\Session\Handlers\DatabaseHandler' driver.
INFO - 2025-02-01 03:27:47 --> Session: Class initialized using 'CodeIgniter\Session\Handlers\DatabaseHandler' driver.
INFO - 2025-02-01 03:29:51 --> Session: Class initialized using 'CodeIgniter\Session\Handlers\DatabaseHandler' driver.
INFO - 2025-02-01 03:30:52 --> Session: Class initialized using 'CodeIgniter\Session\Handlers\DatabaseHandler' driver.
INFO - 2025-02-01 03:37:08 --> Session: Class initialized using 'CodeIgniter\Session\Handlers\DatabaseHandler' driver.
INFO - 2025-02-01 03:40:50 --> Session: Class initialized using 'CodeIgniter\Session\Handlers\DatabaseHandler' driver.
INFO - 2025-02-01 03:42:28 --> Session: Class initialized using 'CodeIgniter\Session\Handlers\DatabaseHandler' driver.
INFO - 2025-02-01 03:42:49 --> Session: Class initialized using 'CodeIgniter\Session\Handlers\DatabaseHandler' driver.
INFO - 2025-02-01 03:46:31 --> Session: Class initialized using 'CodeIgniter\Session\Handlers\DatabaseHandler' driver.
INFO - 2025-02-01 03:48:41 --> Session: Class initialized using 'CodeIgniter\Session\Handlers\DatabaseHandler' driver.
INFO - 2025-02-01 03:49:36 --> Session: Class initialized using 'CodeIgniter\Session\Handlers\DatabaseHandler' driver.
INFO - 2025-02-01 03:51:29 --> Session: Class initialized using 'CodeIgniter\Session\Handlers\DatabaseHandler' driver.
INFO - 2025-02-01 03:52:11 --> Session: Class initialized using 'CodeIgniter\Session\Handlers\DatabaseHandler' driver.
INFO - 2025-02-01 03:53:33 --> Session: Class initialized using 'CodeIgniter\Session\Handlers\DatabaseHandler' driver.
INFO - 2025-02-01 04:00:11 --> Session: Class initialized using 'CodeIgniter\Session\Handlers\DatabaseHandler' driver.
INFO - 2025-02-01 04:01:01 --> Session: Class initialized using 'CodeIgniter\Session\Handlers\DatabaseHandler' driver.
INFO - 2025-02-01 04:01:05 --> Session: Class initialized using 'CodeIgniter\Session\Handlers\DatabaseHandler' driver.
INFO - 2025-02-01 04:04:36 --> Session: Class initialized using 'CodeIgniter\Session\Handlers\DatabaseHandler' driver.
INFO - 2025-02-01 04:07:34 --> Session: Class initialized using 'CodeIgniter\Session\Handlers\DatabaseHandler' driver.
INFO - 2025-02-01 04:11:12 --> Session: Class initialized using 'CodeIgniter\Session\Handlers\DatabaseHandler' driver.
INFO - 2025-02-01 04:11:13 --> Session: Class initialized using 'CodeIgniter\Session\Handlers\DatabaseHandler' driver.
INFO - 2025-02-01 04:11:13 --> Session: Class initialized using 'CodeIgniter\Session\Handlers\DatabaseHandler' driver.
INFO - 2025-02-01 04:11:14 --> Session: Class initialized using 'CodeIgniter\Session\Handlers\DatabaseHandler' driver.
INFO - 2025-02-01 04:17:54 --> Session: Class initialized using 'CodeIgniter\Session\Handlers\DatabaseHandler' driver.
INFO - 2025-02-01 04:21:12 --> Session: Class initialized using 'CodeIgniter\Session\Handlers\DatabaseHandler' driver.
INFO - 2025-02-01 04:23:58 --> Session: Class initialized using 'CodeIgniter\Session\Handlers\DatabaseHandler' driver.
INFO - 2025-02-01 04:31:35 --> Session: Class initialized using 'CodeIgniter\Session\Handlers\DatabaseHandler' driver.
INFO - 2025-02-01 04:31:38 --> Session: Class initialized using 'CodeIgniter\Session\Handlers\DatabaseHandler' driver.
INFO - 2025-02-01 04:38:06 --> Session: Class initialized using 'CodeIgniter\Session\Handlers\DatabaseHandler' driver.
INFO - 2025-02-01 04:39:55 --> Session: Class initialized using 'CodeIgniter\Session\Handlers\DatabaseHandler' driver.
INFO - 2025-02-01 04:40:46 --> Session: Class initialized using 'CodeIgniter\Session\Handlers\DatabaseHandler' driver.
INFO - 2025-02-01 04:41:55 --> Session: Class initialized using 'CodeIgniter\Session\Handlers\DatabaseHandler' driver.
INFO - 2025-02-01 04:47:08 --> Session: Class initialized using 'CodeIgniter\Session\Handlers\DatabaseHandler' driver.
INFO - 2025-02-01 04:47:12 --> Session: Class initialized using 'CodeIgniter\Session\Handlers\DatabaseHandler' driver.
INFO - 2025-02-01 04:55:30 --> Session: Class initialized using 'CodeIgniter\Session\Handlers\DatabaseHandler' driver.
INFO - 2025-02-01 04:57:00 --> Session: Class initialized using 'CodeIgniter\Session\Handlers\DatabaseHandler' driver.
INFO - 2025-02-01 05:07:32 --> Session: Class initialized using 'CodeIgniter\Session\Handlers\DatabaseHandler' driver.
INFO - 2025-02-01 05:17:08 --> Session: Class initialized using 'CodeIgniter\Session\Handlers\DatabaseHandler' driver.
INFO - 2025-02-01 05:20:25 --> Session: Class initialized using 'CodeIgniter\Session\Handlers\DatabaseHandler' driver.
INFO - 2025-02-01 05:22:09 --> Session: Class initialized using 'CodeIgniter\Session\Handlers\DatabaseHandler' driver.
INFO - 2025-02-01 05:22:32 --> Session: Class initialized using 'CodeIgniter\Session\Handlers\DatabaseHandler' driver.
INFO - 2025-02-01 05:24:01 --> Session: Class initialized using 'CodeIgniter\Session\Handlers\DatabaseHandler' driver.
INFO - 2025-02-01 05:24:39 --> Session: Class initialized using 'CodeIgniter\Session\Handlers\DatabaseHandler' driver.
INFO - 2025-02-01 05:26:39 --> Session: Class initialized using 'CodeIgniter\Session\Handlers\DatabaseHandler' driver.
INFO - 2025-02-01 05:27:23 --> Session: Class initialized using 'CodeIgniter\Session\Handlers\DatabaseHandler' driver.
INFO - 2025-02-01 05:29:58 --> Session: Class initialized using 'CodeIgniter\Session\Handlers\DatabaseHandler' driver.
INFO - 2025-02-01 05:32:40 --> Session: Class initialized using 'CodeIgniter\Session\Handlers\DatabaseHandler' driver.
INFO - 2025-02-01 05:33:26 --> Session: Class initialized using 'CodeIgniter\Session\Handlers\DatabaseHandler' driver.
INFO - 2025-02-01 05:35:28 --> Session: Class initialized using 'CodeIgniter\Session\Handlers\DatabaseHandler' driver.
INFO - 2025-02-01 05:37:54 --> Session: Class initialized using 'CodeIgniter\Session\Handlers\DatabaseHandler' driver.
INFO - 2025-02-01 05:38:31 --> Session: Class initialized using 'CodeIgniter\Session\Handlers\DatabaseHandler' driver.
INFO - 2025-02-01 05:39:02 --> Session: Class initialized using 'CodeIgniter\Session\Handlers\DatabaseHandler' driver.
INFO - 2025-02-01 05:41:35 --> Session: Class initialized using 'CodeIgniter\Session\Handlers\DatabaseHandler' driver.
INFO - 2025-02-01 05:44:10 --> Session: Class initialized using 'CodeIgniter\Session\Handlers\DatabaseHandler' driver.
INFO - 2025-02-01 05:44:57 --> Session: Class initialized using 'CodeIgniter\Session\Handlers\DatabaseHandler' driver.
CRITICAL - 2025-02-01 05:44:57 --> ErrorException: Undefined variable $mainCategories
[Method: GET, Route: products]
in APPPATH/Views/product/products.php on line 123.
 1 APPPATH/Views/product/products.php(123): CodeIgniter\Debug\Exceptions->errorHandler(2, 'Undefined variable $mainCategories', '/home/carttalog/public_html/app/Views/product/products.php', 123)
 2 SYSTEMPATH/View/View.php(234): include('/home/carttalog/public_html/app/Views/product/products.php')
 3 SYSTEMPATH/View/View.php(237): CodeIgniter\View\View->CodeIgniter\View\{closure}()
 4 SYSTEMPATH/Common.php(1195): CodeIgniter\View\View->render('product/products', [], true)
 5 APPPATH/Controllers/HomeController.php(139): view('product/products', [...])
 6 SYSTEMPATH/CodeIgniter.php(933): App\Controllers\HomeController->products()
 7 SYSTEMPATH/CodeIgniter.php(509): CodeIgniter\CodeIgniter->runController(Object(App\Controllers\HomeController))
 8 SYSTEMPATH/CodeIgniter.php(355): CodeIgniter\CodeIgniter->handleRequest(null, Object(Config\Cache), false)
 9 SYSTEMPATH/Boot.php(325): CodeIgniter\CodeIgniter->run()
10 SYSTEMPATH/Boot.php(67): CodeIgniter\Boot::runCodeIgniter(Object(CodeIgniter\CodeIgniter))
11 FCPATH/index.php(56): CodeIgniter\Boot::bootWeb(Object(Config\Paths))
INFO - 2025-02-01 05:56:09 --> Session: Class initialized using 'CodeIgniter\Session\Handlers\DatabaseHandler' driver.
INFO - 2025-02-01 06:02:46 --> Session: Class initialized using 'CodeIgniter\Session\Handlers\DatabaseHandler' driver.
INFO - 2025-02-01 06:03:50 --> Session: Class initialized using 'CodeIgniter\Session\Handlers\DatabaseHandler' driver.
INFO - 2025-02-01 06:04:53 --> Session: Class initialized using 'CodeIgniter\Session\Handlers\DatabaseHandler' driver.
INFO - 2025-02-01 06:10:14 --> Session: Class initialized using 'CodeIgniter\Session\Handlers\DatabaseHandler' driver.
INFO - 2025-02-01 06:11:15 --> Session: Class initialized using 'CodeIgniter\Session\Handlers\DatabaseHandler' driver.
INFO - 2025-02-01 06:14:22 --> Session: Class initialized using 'CodeIgniter\Session\Handlers\DatabaseHandler' driver.
INFO - 2025-02-01 06:15:04 --> Session: Class initialized using 'CodeIgniter\Session\Handlers\DatabaseHandler' driver.
INFO - 2025-02-01 06:15:14 --> Session: Class initialized using 'CodeIgniter\Session\Handlers\DatabaseHandler' driver.
INFO - 2025-02-01 06:23:17 --> Session: Class initialized using 'CodeIgniter\Session\Handlers\DatabaseHandler' driver.
INFO - 2025-02-01 06:24:35 --> Session: Class initialized using 'CodeIgniter\Session\Handlers\DatabaseHandler' driver.
INFO - 2025-02-01 06:25:49 --> Session: Class initialized using 'CodeIgniter\Session\Handlers\DatabaseHandler' driver.
INFO - 2025-02-01 06:29:57 --> Session: Class initialized using 'CodeIgniter\Session\Handlers\DatabaseHandler' driver.
INFO - 2025-02-01 06:31:06 --> Session: Class initialized using 'CodeIgniter\Session\Handlers\DatabaseHandler' driver.
INFO - 2025-02-01 06:33:29 --> Session: Class initialized using 'CodeIgniter\Session\Handlers\DatabaseHandler' driver.
INFO - 2025-02-01 06:39:24 --> Session: Class initialized using 'CodeIgniter\Session\Handlers\DatabaseHandler' driver.
INFO - 2025-02-01 06:42:08 --> Session: Class initialized using 'CodeIgniter\Session\Handlers\DatabaseHandler' driver.
INFO - 2025-02-01 06:42:14 --> Session: Class initialized using 'CodeIgniter\Session\Handlers\DatabaseHandler' driver.
INFO - 2025-02-01 06:42:14 --> CSRF token verified.
INFO - 2025-02-01 06:42:15 --> Session: Class initialized using 'CodeIgniter\Session\Handlers\DatabaseHandler' driver.
INFO - 2025-02-01 06:42:21 --> Session: Class initialized using 'CodeIgniter\Session\Handlers\DatabaseHandler' driver.
INFO - 2025-02-01 06:42:21 --> CSRF token verified.
INFO - 2025-02-01 06:42:21 --> Session: Class initialized using 'CodeIgniter\Session\Handlers\DatabaseHandler' driver.
INFO - 2025-02-01 06:50:28 --> Session: Class initialized using 'CodeIgniter\Session\Handlers\DatabaseHandler' driver.
INFO - 2025-02-01 06:53:34 --> Session: Class initialized using 'CodeIgniter\Session\Handlers\DatabaseHandler' driver.
INFO - 2025-02-01 06:55:38 --> Session: Class initialized using 'CodeIgniter\Session\Handlers\DatabaseHandler' driver.
INFO - 2025-02-01 06:56:28 --> Session: Class initialized using 'CodeIgniter\Session\Handlers\DatabaseHandler' driver.
INFO - 2025-02-01 07:05:23 --> Session: Class initialized using 'CodeIgniter\Session\Handlers\DatabaseHandler' driver.
INFO - 2025-02-01 07:05:49 --> Session: Class initialized using 'CodeIgniter\Session\Handlers\DatabaseHandler' driver.
INFO - 2025-02-01 07:06:56 --> Session: Class initialized using 'CodeIgniter\Session\Handlers\DatabaseHandler' driver.
INFO - 2025-02-01 07:20:05 --> Session: Class initialized using 'CodeIgniter\Session\Handlers\DatabaseHandler' driver.
INFO - 2025-02-01 07:23:29 --> Session: Class initialized using 'CodeIgniter\Session\Handlers\DatabaseHandler' driver.
INFO - 2025-02-01 07:33:16 --> Session: Class initialized using 'CodeIgniter\Session\Handlers\DatabaseHandler' driver.
INFO - 2025-02-01 07:33:51 --> Session: Class initialized using 'CodeIgniter\Session\Handlers\DatabaseHandler' driver.
INFO - 2025-02-01 07:36:12 --> Session: Class initialized using 'CodeIgniter\Session\Handlers\DatabaseHandler' driver.
INFO - 2025-02-01 07:37:28 --> Session: Class initialized using 'CodeIgniter\Session\Handlers\DatabaseHandler' driver.
INFO - 2025-02-01 07:38:00 --> Session: Class initialized using 'CodeIgniter\Session\Handlers\DatabaseHandler' driver.
INFO - 2025-02-01 07:40:50 --> Session: Class initialized using 'CodeIgniter\Session\Handlers\DatabaseHandler' driver.
INFO - 2025-02-01 07:43:26 --> Session: Class initialized using 'CodeIgniter\Session\Handlers\DatabaseHandler' driver.
INFO - 2025-02-01 07:43:36 --> Session: Class initialized using 'CodeIgniter\Session\Handlers\DatabaseHandler' driver.
INFO - 2025-02-01 07:44:24 --> Session: Class initialized using 'CodeIgniter\Session\Handlers\DatabaseHandler' driver.
INFO - 2025-02-01 07:45:32 --> Session: Class initialized using 'CodeIgniter\Session\Handlers\DatabaseHandler' driver.
INFO - 2025-02-01 07:46:49 --> Session: Class initialized using 'CodeIgniter\Session\Handlers\DatabaseHandler' driver.
INFO - 2025-02-01 07:49:48 --> Session: Class initialized using 'CodeIgniter\Session\Handlers\DatabaseHandler' driver.
INFO - 2025-02-01 07:51:48 --> Session: Class initialized using 'CodeIgniter\Session\Handlers\DatabaseHandler' driver.
INFO - 2025-02-01 07:57:36 --> Session: Class initialized using 'CodeIgniter\Session\Handlers\DatabaseHandler' driver.
INFO - 2025-02-01 07:58:18 --> Session: Class initialized using 'CodeIgniter\Session\Handlers\DatabaseHandler' driver.
INFO - 2025-02-01 07:58:21 --> Session: Class initialized using 'CodeIgniter\Session\Handlers\DatabaseHandler' driver.
INFO - 2025-02-01 07:58:24 --> Session: Class initialized using 'CodeIgniter\Session\Handlers\DatabaseHandler' driver.
INFO - 2025-02-01 07:59:02 --> Session: Class initialized using 'CodeIgniter\Session\Handlers\DatabaseHandler' driver.
INFO - 2025-02-01 07:59:07 --> Session: Class initialized using 'CodeIgniter\Session\Handlers\DatabaseHandler' driver.
INFO - 2025-02-01 07:59:07 --> CSRF token verified.
INFO - 2025-02-01 07:59:33 --> Session: Class initialized using 'CodeIgniter\Session\Handlers\DatabaseHandler' driver.
INFO - 2025-02-01 08:02:34 --> Session: Class initialized using 'CodeIgniter\Session\Handlers\DatabaseHandler' driver.
INFO - 2025-02-01 08:02:36 --> Session: Class initialized using 'CodeIgniter\Session\Handlers\DatabaseHandler' driver.
INFO - 2025-02-01 08:02:39 --> Session: Class initialized using 'CodeIgniter\Session\Handlers\DatabaseHandler' driver.
INFO - 2025-02-01 08:03:32 --> Session: Class initialized using 'CodeIgniter\Session\Handlers\DatabaseHandler' driver.
INFO - 2025-02-01 08:05:05 --> Session: Class initialized using 'CodeIgniter\Session\Handlers\DatabaseHandler' driver.
INFO - 2025-02-01 08:24:26 --> Session: Class initialized using 'CodeIgniter\Session\Handlers\DatabaseHandler' driver.
INFO - 2025-02-01 08:26:06 --> Session: Class initialized using 'CodeIgniter\Session\Handlers\DatabaseHandler' driver.
INFO - 2025-02-01 08:26:26 --> Session: Class initialized using 'CodeIgniter\Session\Handlers\DatabaseHandler' driver.
INFO - 2025-02-01 08:29:16 --> Session: Class initialized using 'CodeIgniter\Session\Handlers\DatabaseHandler' driver.
INFO - 2025-02-01 08:29:21 --> Session: Class initialized using 'CodeIgniter\Session\Handlers\DatabaseHandler' driver.
INFO - 2025-02-01 08:30:21 --> Session: Class initialized using 'CodeIgniter\Session\Handlers\DatabaseHandler' driver.
INFO - 2025-02-01 08:30:24 --> Session: Class initialized using 'CodeIgniter\Session\Handlers\DatabaseHandler' driver.
INFO - 2025-02-01 08:30:49 --> Session: Class initialized using 'CodeIgniter\Session\Handlers\DatabaseHandler' driver.
INFO - 2025-02-01 08:32:02 --> Session: Class initialized using 'CodeIgniter\Session\Handlers\DatabaseHandler' driver.
INFO - 2025-02-01 08:32:38 --> Session: Class initialized using 'CodeIgniter\Session\Handlers\DatabaseHandler' driver.
INFO - 2025-02-01 08:32:40 --> Session: Class initialized using 'CodeIgniter\Session\Handlers\DatabaseHandler' driver.
INFO - 2025-02-01 08:32:57 --> Session: Class initialized using 'CodeIgniter\Session\Handlers\DatabaseHandler' driver.
INFO - 2025-02-01 08:33:40 --> Session: Class initialized using 'CodeIgniter\Session\Handlers\DatabaseHandler' driver.
INFO - 2025-02-01 08:33:45 --> Session: Class initialized using 'CodeIgniter\Session\Handlers\DatabaseHandler' driver.
INFO - 2025-02-01 08:33:45 --> Session: Class initialized using 'CodeIgniter\Session\Handlers\DatabaseHandler' driver.
INFO - 2025-02-01 08:33:45 --> Session: Class initialized using 'CodeIgniter\Session\Handlers\DatabaseHandler' driver.
INFO - 2025-02-01 08:34:42 --> Session: Class initialized using 'CodeIgniter\Session\Handlers\DatabaseHandler' driver.
INFO - 2025-02-01 08:34:54 --> Session: Class initialized using 'CodeIgniter\Session\Handlers\DatabaseHandler' driver.
INFO - 2025-02-01 08:34:56 --> Session: Class initialized using 'CodeIgniter\Session\Handlers\DatabaseHandler' driver.
INFO - 2025-02-01 08:34:59 --> Session: Class initialized using 'CodeIgniter\Session\Handlers\DatabaseHandler' driver.
INFO - 2025-02-01 08:35:04 --> Session: Class initialized using 'CodeIgniter\Session\Handlers\DatabaseHandler' driver.
INFO - 2025-02-01 08:35:17 --> Session: Class initialized using 'CodeIgniter\Session\Handlers\DatabaseHandler' driver.
INFO - 2025-02-01 08:35:21 --> Session: Class initialized using 'CodeIgniter\Session\Handlers\DatabaseHandler' driver.
INFO - 2025-02-01 08:35:21 --> CSRF token verified.
INFO - 2025-02-01 08:35:34 --> Session: Class initialized using 'CodeIgniter\Session\Handlers\DatabaseHandler' driver.
INFO - 2025-02-01 08:36:07 --> Session: Class initialized using 'CodeIgniter\Session\Handlers\DatabaseHandler' driver.
INFO - 2025-02-01 08:36:07 --> Session: Class initialized using 'CodeIgniter\Session\Handlers\DatabaseHandler' driver.
INFO - 2025-02-01 08:36:13 --> Session: Class initialized using 'CodeIgniter\Session\Handlers\DatabaseHandler' driver.
INFO - 2025-02-01 08:36:13 --> CSRF token verified.
INFO - 2025-02-01 08:36:13 --> Session: Class initialized using 'CodeIgniter\Session\Handlers\DatabaseHandler' driver.
INFO - 2025-02-01 08:37:14 --> Session: Class initialized using 'CodeIgniter\Session\Handlers\DatabaseHandler' driver.
INFO - 2025-02-01 08:37:46 --> Session: Class initialized using 'CodeIgniter\Session\Handlers\DatabaseHandler' driver.
INFO - 2025-02-01 08:38:38 --> Session: Class initialized using 'CodeIgniter\Session\Handlers\DatabaseHandler' driver.
INFO - 2025-02-01 08:38:41 --> Session: Class initialized using 'CodeIgniter\Session\Handlers\DatabaseHandler' driver.
INFO - 2025-02-01 08:40:38 --> Session: Class initialized using 'CodeIgniter\Session\Handlers\DatabaseHandler' driver.
INFO - 2025-02-01 08:40:40 --> Session: Class initialized using 'CodeIgniter\Session\Handlers\DatabaseHandler' driver.
INFO - 2025-02-01 08:40:55 --> Session: Class initialized using 'CodeIgniter\Session\Handlers\DatabaseHandler' driver.
INFO - 2025-02-01 08:40:55 --> CSRF token verified.
INFO - 2025-02-01 08:41:19 --> Session: Class initialized using 'CodeIgniter\Session\Handlers\DatabaseHandler' driver.
INFO - 2025-02-01 08:41:19 --> CSRF token verified.
INFO - 2025-02-01 08:41:21 --> Session: Class initialized using 'CodeIgniter\Session\Handlers\DatabaseHandler' driver.
INFO - 2025-02-01 08:41:27 --> Session: Class initialized using 'CodeIgniter\Session\Handlers\DatabaseHandler' driver.
INFO - 2025-02-01 08:41:27 --> CSRF token verified.
INFO - 2025-02-01 08:41:36 --> Session: Class initialized using 'CodeIgniter\Session\Handlers\DatabaseHandler' driver.
INFO - 2025-02-01 08:41:38 --> Session: Class initialized using 'CodeIgniter\Session\Handlers\DatabaseHandler' driver.
INFO - 2025-02-01 08:41:38 --> Session: Class initialized using 'CodeIgniter\Session\Handlers\DatabaseHandler' driver.
INFO - 2025-02-01 08:41:38 --> Session: Class initialized using 'CodeIgniter\Session\Handlers\DatabaseHandler' driver.
INFO - 2025-02-01 08:41:38 --> CSRF token verified.
INFO - 2025-02-01 08:41:58 --> Session: Class initialized using 'CodeIgniter\Session\Handlers\DatabaseHandler' driver.
INFO - 2025-02-01 08:42:00 --> Session: Class initialized using 'CodeIgniter\Session\Handlers\DatabaseHandler' driver.
INFO - 2025-02-01 08:42:00 --> Session: Class initialized using 'CodeIgniter\Session\Handlers\DatabaseHandler' driver.
INFO - 2025-02-01 08:42:00 --> CSRF token verified.
INFO - 2025-02-01 08:42:50 --> Session: Class initialized using 'CodeIgniter\Session\Handlers\DatabaseHandler' driver.
INFO - 2025-02-01 08:42:50 --> CSRF token verified.
INFO - 2025-02-01 08:42:51 --> Session: Class initialized using 'CodeIgniter\Session\Handlers\DatabaseHandler' driver.
INFO - 2025-02-01 08:42:52 --> Session: Class initialized using 'CodeIgniter\Session\Handlers\DatabaseHandler' driver.
INFO - 2025-02-01 08:42:52 --> CSRF token verified.
INFO - 2025-02-01 08:42:59 --> Session: Class initialized using 'CodeIgniter\Session\Handlers\DatabaseHandler' driver.
INFO - 2025-02-01 08:43:02 --> Session: Class initialized using 'CodeIgniter\Session\Handlers\DatabaseHandler' driver.
INFO - 2025-02-01 08:43:02 --> CSRF token verified.
INFO - 2025-02-01 08:43:05 --> Session: Class initialized using 'CodeIgniter\Session\Handlers\DatabaseHandler' driver.
INFO - 2025-02-01 08:43:07 --> Session: Class initialized using 'CodeIgniter\Session\Handlers\DatabaseHandler' driver.
INFO - 2025-02-01 08:43:07 --> CSRF token verified.
INFO - 2025-02-01 08:43:18 --> Session: Class initialized using 'CodeIgniter\Session\Handlers\DatabaseHandler' driver.
INFO - 2025-02-01 08:43:18 --> CSRF token verified.
INFO - 2025-02-01 08:43:18 --> Session: Class initialized using 'CodeIgniter\Session\Handlers\DatabaseHandler' driver.
INFO - 2025-02-01 08:43:18 --> Session: Class initialized using 'CodeIgniter\Session\Handlers\DatabaseHandler' driver.
INFO - 2025-02-01 08:43:19 --> Session: Class initialized using 'CodeIgniter\Session\Handlers\DatabaseHandler' driver.
INFO - 2025-02-01 08:43:19 --> CSRF token verified.
INFO - 2025-02-01 08:43:46 --> Session: Class initialized using 'CodeIgniter\Session\Handlers\DatabaseHandler' driver.
INFO - 2025-02-01 08:43:46 --> CSRF token verified.
INFO - 2025-02-01 08:43:47 --> Session: Class initialized using 'CodeIgniter\Session\Handlers\DatabaseHandler' driver.
INFO - 2025-02-01 08:43:47 --> Session: Class initialized using 'CodeIgniter\Session\Handlers\DatabaseHandler' driver.
INFO - 2025-02-01 08:43:47 --> CSRF token verified.
INFO - 2025-02-01 08:44:31 --> Session: Class initialized using 'CodeIgniter\Session\Handlers\DatabaseHandler' driver.
INFO - 2025-02-01 08:44:33 --> Session: Class initialized using 'CodeIgniter\Session\Handlers\DatabaseHandler' driver.
INFO - 2025-02-01 08:44:33 --> CSRF token verified.
INFO - 2025-02-01 08:45:56 --> Session: Class initialized using 'CodeIgniter\Session\Handlers\DatabaseHandler' driver.
INFO - 2025-02-01 08:45:56 --> Session: Class initialized using 'CodeIgniter\Session\Handlers\DatabaseHandler' driver.
INFO - 2025-02-01 08:45:56 --> CSRF token verified.
INFO - 2025-02-01 08:46:26 --> Session: Class initialized using 'CodeIgniter\Session\Handlers\DatabaseHandler' driver.
INFO - 2025-02-01 08:46:26 --> Session: Class initialized using 'CodeIgniter\Session\Handlers\DatabaseHandler' driver.
INFO - 2025-02-01 08:46:26 --> CSRF token verified.
INFO - 2025-02-01 08:46:41 --> Session: Class initialized using 'CodeIgniter\Session\Handlers\DatabaseHandler' driver.
INFO - 2025-02-01 08:48:05 --> Session: Class initialized using 'CodeIgniter\Session\Handlers\DatabaseHandler' driver.
INFO - 2025-02-01 08:48:05 --> CSRF token verified.
INFO - 2025-02-01 08:48:06 --> Session: Class initialized using 'CodeIgniter\Session\Handlers\DatabaseHandler' driver.
INFO - 2025-02-01 08:48:07 --> Session: Class initialized using 'CodeIgniter\Session\Handlers\DatabaseHandler' driver.
INFO - 2025-02-01 08:48:07 --> CSRF token verified.
INFO - 2025-02-01 08:48:21 --> Session: Class initialized using 'CodeIgniter\Session\Handlers\DatabaseHandler' driver.
INFO - 2025-02-01 08:48:21 --> Session: Class initialized using 'CodeIgniter\Session\Handlers\DatabaseHandler' driver.
INFO - 2025-02-01 08:48:21 --> CSRF token verified.
INFO - 2025-02-01 08:50:59 --> Session: Class initialized using 'CodeIgniter\Session\Handlers\DatabaseHandler' driver.
INFO - 2025-02-01 08:56:20 --> Session: Class initialized using 'CodeIgniter\Session\Handlers\DatabaseHandler' driver.
INFO - 2025-02-01 08:56:22 --> Session: Class initialized using 'CodeIgniter\Session\Handlers\DatabaseHandler' driver.
INFO - 2025-02-01 08:56:22 --> Session: Class initialized using 'CodeIgniter\Session\Handlers\DatabaseHandler' driver.
INFO - 2025-02-01 08:56:24 --> Session: Class initialized using 'CodeIgniter\Session\Handlers\DatabaseHandler' driver.
INFO - 2025-02-01 08:58:53 --> Session: Class initialized using 'CodeIgniter\Session\Handlers\DatabaseHandler' driver.
INFO - 2025-02-01 09:02:52 --> Session: Class initialized using 'CodeIgniter\Session\Handlers\DatabaseHandler' driver.
INFO - 2025-02-01 09:03:21 --> Session: Class initialized using 'CodeIgniter\Session\Handlers\DatabaseHandler' driver.
INFO - 2025-02-01 09:08:17 --> Session: Class initialized using 'CodeIgniter\Session\Handlers\DatabaseHandler' driver.
INFO - 2025-02-01 09:09:42 --> Session: Class initialized using 'CodeIgniter\Session\Handlers\DatabaseHandler' driver.
INFO - 2025-02-01 09:10:32 --> Session: Class initialized using 'CodeIgniter\Session\Handlers\DatabaseHandler' driver.
INFO - 2025-02-01 09:12:45 --> Session: Class initialized using 'CodeIgniter\Session\Handlers\DatabaseHandler' driver.
INFO - 2025-02-01 09:12:49 --> Session: Class initialized using 'CodeIgniter\Session\Handlers\DatabaseHandler' driver.
INFO - 2025-02-01 09:12:50 --> Session: Class initialized using 'CodeIgniter\Session\Handlers\DatabaseHandler' driver.
INFO - 2025-02-01 09:12:51 --> Session: Class initialized using 'CodeIgniter\Session\Handlers\DatabaseHandler' driver.
INFO - 2025-02-01 09:12:52 --> Session: Class initialized using 'CodeIgniter\Session\Handlers\DatabaseHandler' driver.
INFO - 2025-02-01 09:12:54 --> Session: Class initialized using 'CodeIgniter\Session\Handlers\DatabaseHandler' driver.
INFO - 2025-02-01 09:12:55 --> Session: Class initialized using 'CodeIgniter\Session\Handlers\DatabaseHandler' driver.
INFO - 2025-02-01 09:13:33 --> Session: Class initialized using 'CodeIgniter\Session\Handlers\DatabaseHandler' driver.
INFO - 2025-02-01 09:20:56 --> Session: Class initialized using 'CodeIgniter\Session\Handlers\DatabaseHandler' driver.
INFO - 2025-02-01 09:27:10 --> Session: Class initialized using 'CodeIgniter\Session\Handlers\DatabaseHandler' driver.
INFO - 2025-02-01 09:29:00 --> Session: Class initialized using 'CodeIgniter\Session\Handlers\DatabaseHandler' driver.
INFO - 2025-02-01 09:30:29 --> Session: Class initialized using 'CodeIgniter\Session\Handlers\DatabaseHandler' driver.
INFO - 2025-02-01 09:30:35 --> Session: Class initialized using 'CodeIgniter\Session\Handlers\DatabaseHandler' driver.
INFO - 2025-02-01 09:30:35 --> CSRF token verified.
INFO - 2025-02-01 09:30:35 --> Session: Class initialized using 'CodeIgniter\Session\Handlers\DatabaseHandler' driver.
INFO - 2025-02-01 09:30:42 --> Session: Class initialized using 'CodeIgniter\Session\Handlers\DatabaseHandler' driver.
INFO - 2025-02-01 09:30:42 --> CSRF token verified.
INFO - 2025-02-01 09:30:42 --> Session: Class initialized using 'CodeIgniter\Session\Handlers\DatabaseHandler' driver.
INFO - 2025-02-01 09:32:38 --> Session: Class initialized using 'CodeIgniter\Session\Handlers\DatabaseHandler' driver.
INFO - 2025-02-01 09:33:01 --> Session: Class initialized using 'CodeIgniter\Session\Handlers\DatabaseHandler' driver.
INFO - 2025-02-01 09:36:21 --> Session: Class initialized using 'CodeIgniter\Session\Handlers\DatabaseHandler' driver.
INFO - 2025-02-01 09:37:30 --> Session: Class initialized using 'CodeIgniter\Session\Handlers\DatabaseHandler' driver.
INFO - 2025-02-01 09:39:46 --> Session: Class initialized using 'CodeIgniter\Session\Handlers\DatabaseHandler' driver.
INFO - 2025-02-01 09:39:54 --> Session: Class initialized using 'CodeIgniter\Session\Handlers\DatabaseHandler' driver.
INFO - 2025-02-01 09:43:59 --> Session: Class initialized using 'CodeIgniter\Session\Handlers\DatabaseHandler' driver.
INFO - 2025-02-01 09:48:52 --> Session: Class initialized using 'CodeIgniter\Session\Handlers\DatabaseHandler' driver.
INFO - 2025-02-01 09:48:53 --> Session: Class initialized using 'CodeIgniter\Session\Handlers\DatabaseHandler' driver.
INFO - 2025-02-01 09:49:53 --> Session: Class initialized using 'CodeIgniter\Session\Handlers\DatabaseHandler' driver.
INFO - 2025-02-01 09:52:23 --> Session: Class initialized using 'CodeIgniter\Session\Handlers\DatabaseHandler' driver.
INFO - 2025-02-01 09:54:50 --> Session: Class initialized using 'CodeIgniter\Session\Handlers\DatabaseHandler' driver.
INFO - 2025-02-01 10:05:01 --> Session: Class initialized using 'CodeIgniter\Session\Handlers\DatabaseHandler' driver.
INFO - 2025-02-01 10:07:04 --> Session: Class initialized using 'CodeIgniter\Session\Handlers\DatabaseHandler' driver.
INFO - 2025-02-01 10:09:08 --> Session: Class initialized using 'CodeIgniter\Session\Handlers\DatabaseHandler' driver.
INFO - 2025-02-01 10:09:26 --> Session: Class initialized using 'CodeIgniter\Session\Handlers\DatabaseHandler' driver.
INFO - 2025-02-01 10:13:44 --> Session: Class initialized using 'CodeIgniter\Session\Handlers\DatabaseHandler' driver.
INFO - 2025-02-01 10:16:23 --> Session: Class initialized using 'CodeIgniter\Session\Handlers\DatabaseHandler' driver.
INFO - 2025-02-01 10:17:48 --> Session: Class initialized using 'CodeIgniter\Session\Handlers\DatabaseHandler' driver.
CRITICAL - 2025-02-01 10:17:48 --> CodeIgniter\HTTP\Exceptions\BadRequestException: The URI you submitted has disallowed characters: "الإنترنت"
[Method: GET, Route: ar/blog/tag/%D8%A7%D9%84%D8%A5%D9%86%D8%AA%D8%B1%D9%86%D8%AA]
in SYSTEMPATH/Router/Router.php on line 737.
 1 SYSTEMPATH/Router/Router.php(204): CodeIgniter\Router\Router->checkDisallowedChars('ar/blog/tag/الإنترنت')
 2 SYSTEMPATH/CodeIgniter.php(834): CodeIgniter\Router\Router->handle('ar/blog/tag/الإنترنت')
 3 SYSTEMPATH/CodeIgniter.php(457): CodeIgniter\CodeIgniter->tryToRouteIt(Object(CodeIgniter\Router\RouteCollection))
 4 SYSTEMPATH/CodeIgniter.php(355): CodeIgniter\CodeIgniter->handleRequest(null, Object(Config\Cache), false)
 5 SYSTEMPATH/Boot.php(325): CodeIgniter\CodeIgniter->run()
 6 SYSTEMPATH/Boot.php(67): CodeIgniter\Boot::runCodeIgniter(Object(CodeIgniter\CodeIgniter))
 7 FCPATH/index.php(56): CodeIgniter\Boot::bootWeb(Object(Config\Paths))
CRITICAL - 2025-02-01 10:17:48 --> ErrorException: Uncaught Error: Class "Locale" not found in /home/carttalog/public_html/system/Helpers/number_helper.php:140
Stack trace:
#0 /home/carttalog/public_html/system/Helpers/number_helper.php(58): format_number(10.0, 2, NULL, Array)
#1 /home/carttalog/public_html/system/Debug/BaseExceptionHandler.php(154): number_to_size(10.0, 2)
#2 /home/carttalog/public_html/app/Views/errors/html/error_exception.php(365): CodeIgniter\Debug\BaseExceptionHandler::describeMemory(10485760)
#3 /home/carttalog/public_html/system/Debug/BaseExceptionHandler.php(266): include('/home/carttalog...')
#4 /home/carttalog/public_html/system/Debug/BaseExceptionHandler.php(269): CodeIgniter\Debug\BaseExceptionHandler->CodeIgniter\Debug\{closure}()
#5 /home/carttalog/public_html/system/Debug/ExceptionHandler.php(114): CodeIgniter\Debug\BaseExceptionHandler->render(Object(CodeIgniter\HTTP\Exceptions\BadRequestException), 400, '/home/carttalog...')
#6 /home/carttalog/public_html/system/Debug/Exceptions.php(163): CodeIgniter\Debug\ExceptionHandler->handle(Object(CodeIgniter\HTTP\Exceptions\BadRequestException), Object(CodeIgniter\HTTP\IncomingRequest), Object(CodeIgniter\HTTP\Response), 400, 1)
#7 [internal function]: CodeIgniter\Debug\Exceptions->exceptionHandler(Object(CodeIgniter\HTTP\Exceptions\BadRequestException))
#8 {main}
  thrown
【Previous Exception】
CodeIgniter\HTTP\Exceptions\BadRequestException
The URI you submitted has disallowed characters: "الإنترنت"
#0 /home/carttalog/public_html/system/Router/Router.php(204): CodeIgniter\Router\Router->checkDisallowedChars('ar/blog/tag/\xD8\xA7\xD9...')
#1 /home/carttalog/public_html/system/CodeIgniter.php(834): CodeIgniter\Router\Router->handle('ar/blog/tag/\xD8\xA7\xD9...')
#2 /home/carttalog/public_html/system/CodeIgniter.php(457): CodeIgniter\CodeIgniter->tryToRouteIt(Object(CodeIgniter\Router\RouteCollection))
#3 /home/carttalog/public_html/system/CodeIgniter.php(355): CodeIgniter\CodeIgniter->handleRequest(NULL, Object(Config\Cache), false)
#4 /home/carttalog/public_html/system/Boot.php(325): CodeIgniter\CodeIgniter->run()
#5 /home/carttalog/public_html/system/Boot.php(67): CodeIgniter\Boot::runCodeIgniter(Object(CodeIgniter\CodeIgniter))
#6 /home/carttalog/public_html/index.php(56): CodeIgniter\Boot::bootWeb(Object(Config\Paths))
#7 {main}
[Method: GET, Route: ar/blog/tag/%D8%A7%D9%84%D8%A5%D9%86%D8%AA%D8%B1%D9%86%D8%AA]
in SYSTEMPATH/Helpers/number_helper.php on line 140.
 1 [internal function]: CodeIgniter\Debug\Exceptions->shutdownHandler()
INFO - 2025-02-01 10:18:00 --> Session: Class initialized using 'CodeIgniter\Session\Handlers\DatabaseHandler' driver.
CRITICAL - 2025-02-01 10:18:00 --> CodeIgniter\HTTP\Exceptions\BadRequestException: The URI you submitted has disallowed characters: "الاختلافات"
[Method: GET, Route: ar/blog/tag/%D8%A7%D9%84%D8%A7%D8%AE%D8%AA%D9%84%D8%A7%D9%81%D8%A7%D8%AA]
in SYSTEMPATH/Router/Router.php on line 737.
 1 SYSTEMPATH/Router/Router.php(204): CodeIgniter\Router\Router->checkDisallowedChars('ar/blog/tag/الاختلافات')
 2 SYSTEMPATH/CodeIgniter.php(834): CodeIgniter\Router\Router->handle('ar/blog/tag/الاختلافات')
 3 SYSTEMPATH/CodeIgniter.php(457): CodeIgniter\CodeIgniter->tryToRouteIt(Object(CodeIgniter\Router\RouteCollection))
 4 SYSTEMPATH/CodeIgniter.php(355): CodeIgniter\CodeIgniter->handleRequest(null, Object(Config\Cache), false)
 5 SYSTEMPATH/Boot.php(325): CodeIgniter\CodeIgniter->run()
 6 SYSTEMPATH/Boot.php(67): CodeIgniter\Boot::runCodeIgniter(Object(CodeIgniter\CodeIgniter))
 7 FCPATH/index.php(56): CodeIgniter\Boot::bootWeb(Object(Config\Paths))
CRITICAL - 2025-02-01 10:18:00 --> ErrorException: Uncaught Error: Class "Locale" not found in /home/carttalog/public_html/system/Helpers/number_helper.php:140
Stack trace:
#0 /home/carttalog/public_html/system/Helpers/number_helper.php(58): format_number(10.0, 2, NULL, Array)
#1 /home/carttalog/public_html/system/Debug/BaseExceptionHandler.php(154): number_to_size(10.0, 2)
#2 /home/carttalog/public_html/app/Views/errors/html/error_exception.php(365): CodeIgniter\Debug\BaseExceptionHandler::describeMemory(10485760)
#3 /home/carttalog/public_html/system/Debug/BaseExceptionHandler.php(266): include('/home/carttalog...')
#4 /home/carttalog/public_html/system/Debug/BaseExceptionHandler.php(269): CodeIgniter\Debug\BaseExceptionHandler->CodeIgniter\Debug\{closure}()
#5 /home/carttalog/public_html/system/Debug/ExceptionHandler.php(114): CodeIgniter\Debug\BaseExceptionHandler->render(Object(CodeIgniter\HTTP\Exceptions\BadRequestException), 400, '/home/carttalog...')
#6 /home/carttalog/public_html/system/Debug/Exceptions.php(163): CodeIgniter\Debug\ExceptionHandler->handle(Object(CodeIgniter\HTTP\Exceptions\BadRequestException), Object(CodeIgniter\HTTP\IncomingRequest), Object(CodeIgniter\HTTP\Response), 400, 1)
#7 [internal function]: CodeIgniter\Debug\Exceptions->exceptionHandler(Object(CodeIgniter\HTTP\Exceptions\BadRequestException))
#8 {main}
  thrown
【Previous Exception】
CodeIgniter\HTTP\Exceptions\BadRequestException
The URI you submitted has disallowed characters: "الاختلافات"
#0 /home/carttalog/public_html/system/Router/Router.php(204): CodeIgniter\Router\Router->checkDisallowedChars('ar/blog/tag/\xD8\xA7\xD9...')
#1 /home/carttalog/public_html/system/CodeIgniter.php(834): CodeIgniter\Router\Router->handle('ar/blog/tag/\xD8\xA7\xD9...')
#2 /home/carttalog/public_html/system/CodeIgniter.php(457): CodeIgniter\CodeIgniter->tryToRouteIt(Object(CodeIgniter\Router\RouteCollection))
#3 /home/carttalog/public_html/system/CodeIgniter.php(355): CodeIgniter\CodeIgniter->handleRequest(NULL, Object(Config\Cache), false)
#4 /home/carttalog/public_html/system/Boot.php(325): CodeIgniter\CodeIgniter->run()
#5 /home/carttalog/public_html/system/Boot.php(67): CodeIgniter\Boot::runCodeIgniter(Object(CodeIgniter\CodeIgniter))
#6 /home/carttalog/public_html/index.php(56): CodeIgniter\Boot::bootWeb(Object(Config\Paths))
#7 {main}
[Method: GET, Route: ar/blog/tag/%D8%A7%D9%84%D8%A7%D8%AE%D8%AA%D9%84%D8%A7%D9%81%D8%A7%D8%AA]
in SYSTEMPATH/Helpers/number_helper.php on line 140.
 1 [internal function]: CodeIgniter\Debug\Exceptions->shutdownHandler()
INFO - 2025-02-01 10:18:10 --> Session: Class initialized using 'CodeIgniter\Session\Handlers\DatabaseHandler' driver.
INFO - 2025-02-01 10:18:12 --> Session: Class initialized using 'CodeIgniter\Session\Handlers\DatabaseHandler' driver.
INFO - 2025-02-01 10:22:20 --> Session: Class initialized using 'CodeIgniter\Session\Handlers\DatabaseHandler' driver.
INFO - 2025-02-01 10:34:14 --> Session: Class initialized using 'CodeIgniter\Session\Handlers\DatabaseHandler' driver.
INFO - 2025-02-01 10:34:38 --> Session: Class initialized using 'CodeIgniter\Session\Handlers\DatabaseHandler' driver.
INFO - 2025-02-01 10:35:22 --> Session: Class initialized using 'CodeIgniter\Session\Handlers\DatabaseHandler' driver.
INFO - 2025-02-01 10:37:50 --> Session: Class initialized using 'CodeIgniter\Session\Handlers\DatabaseHandler' driver.
INFO - 2025-02-01 10:47:07 --> Session: Class initialized using 'CodeIgniter\Session\Handlers\DatabaseHandler' driver.
INFO - 2025-02-01 10:49:49 --> Session: Class initialized using 'CodeIgniter\Session\Handlers\DatabaseHandler' driver.
INFO - 2025-02-01 10:51:09 --> Session: Class initialized using 'CodeIgniter\Session\Handlers\DatabaseHandler' driver.
INFO - 2025-02-01 10:52:50 --> Session: Class initialized using 'CodeIgniter\Session\Handlers\DatabaseHandler' driver.
INFO - 2025-02-01 10:54:03 --> Session: Class initialized using 'CodeIgniter\Session\Handlers\DatabaseHandler' driver.
INFO - 2025-02-01 10:54:58 --> Session: Class initialized using 'CodeIgniter\Session\Handlers\DatabaseHandler' driver.
INFO - 2025-02-01 11:00:41 --> Session: Class initialized using 'CodeIgniter\Session\Handlers\DatabaseHandler' driver.
INFO - 2025-02-01 11:12:43 --> Session: Class initialized using 'CodeIgniter\Session\Handlers\DatabaseHandler' driver.
INFO - 2025-02-01 11:13:01 --> Session: Class initialized using 'CodeIgniter\Session\Handlers\DatabaseHandler' driver.
INFO - 2025-02-01 11:22:14 --> Session: Class initialized using 'CodeIgniter\Session\Handlers\DatabaseHandler' driver.
INFO - 2025-02-01 11:22:16 --> Session: Class initialized using 'CodeIgniter\Session\Handlers\DatabaseHandler' driver.
INFO - 2025-02-01 11:24:26 --> Session: Class initialized using 'CodeIgniter\Session\Handlers\DatabaseHandler' driver.
INFO - 2025-02-01 11:24:51 --> Session: Class initialized using 'CodeIgniter\Session\Handlers\DatabaseHandler' driver.
INFO - 2025-02-01 11:29:24 --> Session: Class initialized using 'CodeIgniter\Session\Handlers\DatabaseHandler' driver.
INFO - 2025-02-01 11:30:14 --> Session: Class initialized using 'CodeIgniter\Session\Handlers\DatabaseHandler' driver.
INFO - 2025-02-01 11:30:55 --> Session: Class initialized using 'CodeIgniter\Session\Handlers\DatabaseHandler' driver.
INFO - 2025-02-01 11:31:04 --> Session: Class initialized using 'CodeIgniter\Session\Handlers\DatabaseHandler' driver.
INFO - 2025-02-01 11:32:34 --> Session: Class initialized using 'CodeIgniter\Session\Handlers\DatabaseHandler' driver.
INFO - 2025-02-01 11:34:45 --> Session: Class initialized using 'CodeIgniter\Session\Handlers\DatabaseHandler' driver.
INFO - 2025-02-01 11:40:43 --> Session: Class initialized using 'CodeIgniter\Session\Handlers\DatabaseHandler' driver.
INFO - 2025-02-01 11:40:53 --> Session: Class initialized using 'CodeIgniter\Session\Handlers\DatabaseHandler' driver.
INFO - 2025-02-01 11:40:53 --> Session: Class initialized using 'CodeIgniter\Session\Handlers\DatabaseHandler' driver.
INFO - 2025-02-01 11:40:53 --> Session: Class initialized using 'CodeIgniter\Session\Handlers\DatabaseHandler' driver.
INFO - 2025-02-01 11:40:55 --> Session: Class initialized using 'CodeIgniter\Session\Handlers\DatabaseHandler' driver.
INFO - 2025-02-01 11:53:25 --> Session: Class initialized using 'CodeIgniter\Session\Handlers\DatabaseHandler' driver.
INFO - 2025-02-01 11:53:56 --> Session: Class initialized using 'CodeIgniter\Session\Handlers\DatabaseHandler' driver.
INFO - 2025-02-01 11:55:47 --> Session: Class initialized using 'CodeIgniter\Session\Handlers\DatabaseHandler' driver.
INFO - 2025-02-01 11:57:27 --> Session: Class initialized using 'CodeIgniter\Session\Handlers\DatabaseHandler' driver.
INFO - 2025-02-01 11:59:17 --> Session: Class initialized using 'CodeIgniter\Session\Handlers\DatabaseHandler' driver.
INFO - 2025-02-01 12:04:16 --> Session: Class initialized using 'CodeIgniter\Session\Handlers\DatabaseHandler' driver.
INFO - 2025-02-01 12:07:36 --> Session: Class initialized using 'CodeIgniter\Session\Handlers\DatabaseHandler' driver.
INFO - 2025-02-01 12:09:09 --> Session: Class initialized using 'CodeIgniter\Session\Handlers\DatabaseHandler' driver.
INFO - 2025-02-01 12:09:10 --> Session: Class initialized using 'CodeIgniter\Session\Handlers\DatabaseHandler' driver.
INFO - 2025-02-01 12:14:11 --> Session: Class initialized using 'CodeIgniter\Session\Handlers\DatabaseHandler' driver.
INFO - 2025-02-01 12:25:45 --> Session: Class initialized using 'CodeIgniter\Session\Handlers\DatabaseHandler' driver.
INFO - 2025-02-01 12:28:50 --> Session: Class initialized using 'CodeIgniter\Session\Handlers\DatabaseHandler' driver.
INFO - 2025-02-01 12:31:21 --> Session: Class initialized using 'CodeIgniter\Session\Handlers\DatabaseHandler' driver.
CRITICAL - 2025-02-01 12:31:21 --> ErrorException: Undefined variable $mainCategories
[Method: GET, Route: products]
in APPPATH/Views/product/products.php on line 123.
 1 APPPATH/Views/product/products.php(123): CodeIgniter\Debug\Exceptions->errorHandler(2, 'Undefined variable $mainCategories', '/home/carttalog/public_html/app/Views/product/products.php', 123)
 2 SYSTEMPATH/View/View.php(234): include('/home/carttalog/public_html/app/Views/product/products.php')
 3 SYSTEMPATH/View/View.php(237): CodeIgniter\View\View->CodeIgniter\View\{closure}()
 4 SYSTEMPATH/Common.php(1195): CodeIgniter\View\View->render('product/products', [], true)
 5 APPPATH/Controllers/HomeController.php(139): view('product/products', [...])
 6 SYSTEMPATH/CodeIgniter.php(933): App\Controllers\HomeController->products()
 7 SYSTEMPATH/CodeIgniter.php(509): CodeIgniter\CodeIgniter->runController(Object(App\Controllers\HomeController))
 8 SYSTEMPATH/CodeIgniter.php(355): CodeIgniter\CodeIgniter->handleRequest(null, Object(Config\Cache), false)
 9 SYSTEMPATH/Boot.php(325): CodeIgniter\CodeIgniter->run()
10 SYSTEMPATH/Boot.php(67): CodeIgniter\Boot::runCodeIgniter(Object(CodeIgniter\CodeIgniter))
11 FCPATH/index.php(56): CodeIgniter\Boot::bootWeb(Object(Config\Paths))
INFO - 2025-02-01 12:31:33 --> Session: Class initialized using 'CodeIgniter\Session\Handlers\DatabaseHandler' driver.
INFO - 2025-02-01 12:36:25 --> Session: Class initialized using 'CodeIgniter\Session\Handlers\DatabaseHandler' driver.
INFO - 2025-02-01 12:36:59 --> Session: Class initialized using 'CodeIgniter\Session\Handlers\DatabaseHandler' driver.
INFO - 2025-02-01 12:39:43 --> Session: Class initialized using 'CodeIgniter\Session\Handlers\DatabaseHandler' driver.
INFO - 2025-02-01 12:39:49 --> Session: Class initialized using 'CodeIgniter\Session\Handlers\DatabaseHandler' driver.
INFO - 2025-02-01 12:43:56 --> Session: Class initialized using 'CodeIgniter\Session\Handlers\DatabaseHandler' driver.
INFO - 2025-02-01 12:44:03 --> Session: Class initialized using 'CodeIgniter\Session\Handlers\DatabaseHandler' driver.
INFO - 2025-02-01 12:44:03 --> CSRF token verified.
INFO - 2025-02-01 12:44:03 --> Session: Class initialized using 'CodeIgniter\Session\Handlers\DatabaseHandler' driver.
INFO - 2025-02-01 12:44:10 --> Session: Class initialized using 'CodeIgniter\Session\Handlers\DatabaseHandler' driver.
INFO - 2025-02-01 12:44:10 --> CSRF token verified.
INFO - 2025-02-01 12:44:10 --> Session: Class initialized using 'CodeIgniter\Session\Handlers\DatabaseHandler' driver.
INFO - 2025-02-01 12:51:17 --> Session: Class initialized using 'CodeIgniter\Session\Handlers\DatabaseHandler' driver.
INFO - 2025-02-01 12:52:42 --> Session: Class initialized using 'CodeIgniter\Session\Handlers\DatabaseHandler' driver.
INFO - 2025-02-01 12:53:12 --> Session: Class initialized using 'CodeIgniter\Session\Handlers\DatabaseHandler' driver.
INFO - 2025-02-01 12:58:22 --> Session: Class initialized using 'CodeIgniter\Session\Handlers\DatabaseHandler' driver.
INFO - 2025-02-01 13:07:33 --> Session: Class initialized using 'CodeIgniter\Session\Handlers\DatabaseHandler' driver.
INFO - 2025-02-01 13:14:52 --> Session: Class initialized using 'CodeIgniter\Session\Handlers\DatabaseHandler' driver.
INFO - 2025-02-01 13:15:39 --> Session: Class initialized using 'CodeIgniter\Session\Handlers\DatabaseHandler' driver.
INFO - 2025-02-01 13:19:36 --> Session: Class initialized using 'CodeIgniter\Session\Handlers\DatabaseHandler' driver.
INFO - 2025-02-01 13:23:37 --> Session: Class initialized using 'CodeIgniter\Session\Handlers\DatabaseHandler' driver.
INFO - 2025-02-01 13:25:40 --> Session: Class initialized using 'CodeIgniter\Session\Handlers\DatabaseHandler' driver.
INFO - 2025-02-01 13:30:17 --> Session: Class initialized using 'CodeIgniter\Session\Handlers\DatabaseHandler' driver.
INFO - 2025-02-01 13:31:17 --> Session: Class initialized using 'CodeIgniter\Session\Handlers\DatabaseHandler' driver.
INFO - 2025-02-01 13:32:22 --> Session: Class initialized using 'CodeIgniter\Session\Handlers\DatabaseHandler' driver.
INFO - 2025-02-01 13:35:53 --> Session: Class initialized using 'CodeIgniter\Session\Handlers\DatabaseHandler' driver.
INFO - 2025-02-01 13:36:05 --> Session: Class initialized using 'CodeIgniter\Session\Handlers\DatabaseHandler' driver.
INFO - 2025-02-01 13:36:45 --> Session: Class initialized using 'CodeIgniter\Session\Handlers\DatabaseHandler' driver.
INFO - 2025-02-01 13:46:47 --> Session: Class initialized using 'CodeIgniter\Session\Handlers\DatabaseHandler' driver.
INFO - 2025-02-01 13:49:44 --> Session: Class initialized using 'CodeIgniter\Session\Handlers\DatabaseHandler' driver.
INFO - 2025-02-01 13:51:43 --> Session: Class initialized using 'CodeIgniter\Session\Handlers\DatabaseHandler' driver.
INFO - 2025-02-01 13:52:20 --> Session: Class initialized using 'CodeIgniter\Session\Handlers\DatabaseHandler' driver.
INFO - 2025-02-01 13:53:59 --> Session: Class initialized using 'CodeIgniter\Session\Handlers\DatabaseHandler' driver.
INFO - 2025-02-01 13:55:38 --> Session: Class initialized using 'CodeIgniter\Session\Handlers\DatabaseHandler' driver.
INFO - 2025-02-01 13:55:41 --> Session: Class initialized using 'CodeIgniter\Session\Handlers\DatabaseHandler' driver.
INFO - 2025-02-01 13:55:49 --> Session: Class initialized using 'CodeIgniter\Session\Handlers\DatabaseHandler' driver.
INFO - 2025-02-01 14:05:31 --> Session: Class initialized using 'CodeIgniter\Session\Handlers\DatabaseHandler' driver.
INFO - 2025-02-01 14:06:33 --> Session: Class initialized using 'CodeIgniter\Session\Handlers\DatabaseHandler' driver.
INFO - 2025-02-01 14:08:21 --> Session: Class initialized using 'CodeIgniter\Session\Handlers\DatabaseHandler' driver.
INFO - 2025-02-01 14:14:56 --> Session: Class initialized using 'CodeIgniter\Session\Handlers\DatabaseHandler' driver.
INFO - 2025-02-01 14:15:19 --> Session: Class initialized using 'CodeIgniter\Session\Handlers\DatabaseHandler' driver.
INFO - 2025-02-01 14:16:42 --> Session: Class initialized using 'CodeIgniter\Session\Handlers\DatabaseHandler' driver.
INFO - 2025-02-01 14:18:27 --> Session: Class initialized using 'CodeIgniter\Session\Handlers\DatabaseHandler' driver.
CRITICAL - 2025-02-01 14:18:27 --> CodeIgniter\HTTP\Exceptions\BadRequestException: The URI you submitted has disallowed characters: "الظروف"
[Method: GET, Route: ar/blog/tag/%D8%A7%D9%84%D8%B8%D8%B1%D9%88%D9%81]
in SYSTEMPATH/Router/Router.php on line 737.
 1 SYSTEMPATH/Router/Router.php(204): CodeIgniter\Router\Router->checkDisallowedChars('ar/blog/tag/الظروف')
 2 SYSTEMPATH/CodeIgniter.php(834): CodeIgniter\Router\Router->handle('ar/blog/tag/الظروف')
 3 SYSTEMPATH/CodeIgniter.php(457): CodeIgniter\CodeIgniter->tryToRouteIt(Object(CodeIgniter\Router\RouteCollection))
 4 SYSTEMPATH/CodeIgniter.php(355): CodeIgniter\CodeIgniter->handleRequest(null, Object(Config\Cache), false)
 5 SYSTEMPATH/Boot.php(325): CodeIgniter\CodeIgniter->run()
 6 SYSTEMPATH/Boot.php(67): CodeIgniter\Boot::runCodeIgniter(Object(CodeIgniter\CodeIgniter))
 7 FCPATH/index.php(56): CodeIgniter\Boot::bootWeb(Object(Config\Paths))
CRITICAL - 2025-02-01 14:18:27 --> ErrorException: Uncaught Error: Class "Locale" not found in /home/carttalog/public_html/system/Helpers/number_helper.php:140
Stack trace:
#0 /home/carttalog/public_html/system/Helpers/number_helper.php(58): format_number(10.0, 2, NULL, Array)
#1 /home/carttalog/public_html/system/Debug/BaseExceptionHandler.php(154): number_to_size(10.0, 2)
#2 /home/carttalog/public_html/app/Views/errors/html/error_exception.php(365): CodeIgniter\Debug\BaseExceptionHandler::describeMemory(10485760)
#3 /home/carttalog/public_html/system/Debug/BaseExceptionHandler.php(266): include('/home/carttalog...')
#4 /home/carttalog/public_html/system/Debug/BaseExceptionHandler.php(269): CodeIgniter\Debug\BaseExceptionHandler->CodeIgniter\Debug\{closure}()
#5 /home/carttalog/public_html/system/Debug/ExceptionHandler.php(114): CodeIgniter\Debug\BaseExceptionHandler->render(Object(CodeIgniter\HTTP\Exceptions\BadRequestException), 400, '/home/carttalog...')
#6 /home/carttalog/public_html/system/Debug/Exceptions.php(163): CodeIgniter\Debug\ExceptionHandler->handle(Object(CodeIgniter\HTTP\Exceptions\BadRequestException), Object(CodeIgniter\HTTP\IncomingRequest), Object(CodeIgniter\HTTP\Response), 400, 1)
#7 [internal function]: CodeIgniter\Debug\Exceptions->exceptionHandler(Object(CodeIgniter\HTTP\Exceptions\BadRequestException))
#8 {main}
  thrown
【Previous Exception】
CodeIgniter\HTTP\Exceptions\BadRequestException
The URI you submitted has disallowed characters: "الظروف"
#0 /home/carttalog/public_html/system/Router/Router.php(204): CodeIgniter\Router\Router->checkDisallowedChars('ar/blog/tag/\xD8\xA7\xD9...')
#1 /home/carttalog/public_html/system/CodeIgniter.php(834): CodeIgniter\Router\Router->handle('ar/blog/tag/\xD8\xA7\xD9...')
#2 /home/carttalog/public_html/system/CodeIgniter.php(457): CodeIgniter\CodeIgniter->tryToRouteIt(Object(CodeIgniter\Router\RouteCollection))
#3 /home/carttalog/public_html/system/CodeIgniter.php(355): CodeIgniter\CodeIgniter->handleRequest(NULL, Object(Config\Cache), false)
#4 /home/carttalog/public_html/system/Boot.php(325): CodeIgniter\CodeIgniter->run()
#5 /home/carttalog/public_html/system/Boot.php(67): CodeIgniter\Boot::runCodeIgniter(Object(CodeIgniter\CodeIgniter))
#6 /home/carttalog/public_html/index.php(56): CodeIgniter\Boot::bootWeb(Object(Config\Paths))
#7 {main}
[Method: GET, Route: ar/blog/tag/%D8%A7%D9%84%D8%B8%D8%B1%D9%88%D9%81]
in SYSTEMPATH/Helpers/number_helper.php on line 140.
 1 [internal function]: CodeIgniter\Debug\Exceptions->shutdownHandler()
INFO - 2025-02-01 14:18:38 --> Session: Class initialized using 'CodeIgniter\Session\Handlers\DatabaseHandler' driver.
CRITICAL - 2025-02-01 14:18:38 --> CodeIgniter\HTTP\Exceptions\BadRequestException: The URI you submitted has disallowed characters: "الفقرات"
[Method: GET, Route: ar/blog/tag/%D8%A7%D9%84%D9%81%D9%82%D8%B1%D8%A7%D8%AA]
in SYSTEMPATH/Router/Router.php on line 737.
 1 SYSTEMPATH/Router/Router.php(204): CodeIgniter\Router\Router->checkDisallowedChars('ar/blog/tag/الفقرات')
 2 SYSTEMPATH/CodeIgniter.php(834): CodeIgniter\Router\Router->handle('ar/blog/tag/الفقرات')
 3 SYSTEMPATH/CodeIgniter.php(457): CodeIgniter\CodeIgniter->tryToRouteIt(Object(CodeIgniter\Router\RouteCollection))
 4 SYSTEMPATH/CodeIgniter.php(355): CodeIgniter\CodeIgniter->handleRequest(null, Object(Config\Cache), false)
 5 SYSTEMPATH/Boot.php(325): CodeIgniter\CodeIgniter->run()
 6 SYSTEMPATH/Boot.php(67): CodeIgniter\Boot::runCodeIgniter(Object(CodeIgniter\CodeIgniter))
 7 FCPATH/index.php(56): CodeIgniter\Boot::bootWeb(Object(Config\Paths))
CRITICAL - 2025-02-01 14:18:38 --> ErrorException: Uncaught Error: Class "Locale" not found in /home/carttalog/public_html/system/Helpers/number_helper.php:140
Stack trace:
#0 /home/carttalog/public_html/system/Helpers/number_helper.php(58): format_number(10.0, 2, NULL, Array)
#1 /home/carttalog/public_html/system/Debug/BaseExceptionHandler.php(154): number_to_size(10.0, 2)
#2 /home/carttalog/public_html/app/Views/errors/html/error_exception.php(365): CodeIgniter\Debug\BaseExceptionHandler::describeMemory(10485760)
#3 /home/carttalog/public_html/system/Debug/BaseExceptionHandler.php(266): include('/home/carttalog...')
#4 /home/carttalog/public_html/system/Debug/BaseExceptionHandler.php(269): CodeIgniter\Debug\BaseExceptionHandler->CodeIgniter\Debug\{closure}()
#5 /home/carttalog/public_html/system/Debug/ExceptionHandler.php(114): CodeIgniter\Debug\BaseExceptionHandler->render(Object(CodeIgniter\HTTP\Exceptions\BadRequestException), 400, '/home/carttalog...')
#6 /home/carttalog/public_html/system/Debug/Exceptions.php(163): CodeIgniter\Debug\ExceptionHandler->handle(Object(CodeIgniter\HTTP\Exceptions\BadRequestException), Object(CodeIgniter\HTTP\IncomingRequest), Object(CodeIgniter\HTTP\Response), 400, 1)
#7 [internal function]: CodeIgniter\Debug\Exceptions->exceptionHandler(Object(CodeIgniter\HTTP\Exceptions\BadRequestException))
#8 {main}
  thrown
【Previous Exception】
CodeIgniter\HTTP\Exceptions\BadRequestException
The URI you submitted has disallowed characters: "الفقرات"
#0 /home/carttalog/public_html/system/Router/Router.php(204): CodeIgniter\Router\Router->checkDisallowedChars('ar/blog/tag/\xD8\xA7\xD9...')
#1 /home/carttalog/public_html/system/CodeIgniter.php(834): CodeIgniter\Router\Router->handle('ar/blog/tag/\xD8\xA7\xD9...')
#2 /home/carttalog/public_html/system/CodeIgniter.php(457): CodeIgniter\CodeIgniter->tryToRouteIt(Object(CodeIgniter\Router\RouteCollection))
#3 /home/carttalog/public_html/system/CodeIgniter.php(355): CodeIgniter\CodeIgniter->handleRequest(NULL, Object(Config\Cache), false)
#4 /home/carttalog/public_html/system/Boot.php(325): CodeIgniter\CodeIgniter->run()
#5 /home/carttalog/public_html/system/Boot.php(67): CodeIgniter\Boot::runCodeIgniter(Object(CodeIgniter\CodeIgniter))
#6 /home/carttalog/public_html/index.php(56): CodeIgniter\Boot::bootWeb(Object(Config\Paths))
#7 {main}
[Method: GET, Route: ar/blog/tag/%D8%A7%D9%84%D9%81%D9%82%D8%B1%D8%A7%D8%AA]
in SYSTEMPATH/Helpers/number_helper.php on line 140.
 1 [internal function]: CodeIgniter\Debug\Exceptions->shutdownHandler()
INFO - 2025-02-01 14:18:50 --> Session: Class initialized using 'CodeIgniter\Session\Handlers\DatabaseHandler' driver.
CRITICAL - 2025-02-01 14:18:50 --> CodeIgniter\HTTP\Exceptions\BadRequestException: The URI you submitted has disallowed characters: "بسبب"
[Method: GET, Route: ar/blog/tag/%D8%A8%D8%B3%D8%A8%D8%A8]
in SYSTEMPATH/Router/Router.php on line 737.
 1 SYSTEMPATH/Router/Router.php(204): CodeIgniter\Router\Router->checkDisallowedChars('ar/blog/tag/بسبب')
 2 SYSTEMPATH/CodeIgniter.php(834): CodeIgniter\Router\Router->handle('ar/blog/tag/بسبب')
 3 SYSTEMPATH/CodeIgniter.php(457): CodeIgniter\CodeIgniter->tryToRouteIt(Object(CodeIgniter\Router\RouteCollection))
 4 SYSTEMPATH/CodeIgniter.php(355): CodeIgniter\CodeIgniter->handleRequest(null, Object(Config\Cache), false)
 5 SYSTEMPATH/Boot.php(325): CodeIgniter\CodeIgniter->run()
 6 SYSTEMPATH/Boot.php(67): CodeIgniter\Boot::runCodeIgniter(Object(CodeIgniter\CodeIgniter))
 7 FCPATH/index.php(56): CodeIgniter\Boot::bootWeb(Object(Config\Paths))
CRITICAL - 2025-02-01 14:18:50 --> ErrorException: Uncaught Error: Class "Locale" not found in /home/carttalog/public_html/system/Helpers/number_helper.php:140
Stack trace:
#0 /home/carttalog/public_html/system/Helpers/number_helper.php(58): format_number(10.0, 2, NULL, Array)
#1 /home/carttalog/public_html/system/Debug/BaseExceptionHandler.php(154): number_to_size(10.0, 2)
#2 /home/carttalog/public_html/app/Views/errors/html/error_exception.php(365): CodeIgniter\Debug\BaseExceptionHandler::describeMemory(10485760)
#3 /home/carttalog/public_html/system/Debug/BaseExceptionHandler.php(266): include('/home/carttalog...')
#4 /home/carttalog/public_html/system/Debug/BaseExceptionHandler.php(269): CodeIgniter\Debug\BaseExceptionHandler->CodeIgniter\Debug\{closure}()
#5 /home/carttalog/public_html/system/Debug/ExceptionHandler.php(114): CodeIgniter\Debug\BaseExceptionHandler->render(Object(CodeIgniter\HTTP\Exceptions\BadRequestException), 400, '/home/carttalog...')
#6 /home/carttalog/public_html/system/Debug/Exceptions.php(163): CodeIgniter\Debug\ExceptionHandler->handle(Object(CodeIgniter\HTTP\Exceptions\BadRequestException), Object(CodeIgniter\HTTP\IncomingRequest), Object(CodeIgniter\HTTP\Response), 400, 1)
#7 [internal function]: CodeIgniter\Debug\Exceptions->exceptionHandler(Object(CodeIgniter\HTTP\Exceptions\BadRequestException))
#8 {main}
  thrown
【Previous Exception】
CodeIgniter\HTTP\Exceptions\BadRequestException
The URI you submitted has disallowed characters: "بسبب"
#0 /home/carttalog/public_html/system/Router/Router.php(204): CodeIgniter\Router\Router->checkDisallowedChars('ar/blog/tag/\xD8\xA8\xD8...')
#1 /home/carttalog/public_html/system/CodeIgniter.php(834): CodeIgniter\Router\Router->handle('ar/blog/tag/\xD8\xA8\xD8...')
#2 /home/carttalog/public_html/system/CodeIgniter.php(457): CodeIgniter\CodeIgniter->tryToRouteIt(Object(CodeIgniter\Router\RouteCollection))
#3 /home/carttalog/public_html/system/CodeIgniter.php(355): CodeIgniter\CodeIgniter->handleRequest(NULL, Object(Config\Cache), false)
#4 /home/carttalog/public_html/system/Boot.php(325): CodeIgniter\CodeIgniter->run()
#5 /home/carttalog/public_html/system/Boot.php(67): CodeIgniter\Boot::runCodeIgniter(Object(CodeIgniter\CodeIgniter))
#6 /home/carttalog/public_html/index.php(56): CodeIgniter\Boot::bootWeb(Object(Config\Paths))
#7 {main}
[Method: GET, Route: ar/blog/tag/%D8%A8%D8%B3%D8%A8%D8%A8]
in SYSTEMPATH/Helpers/number_helper.php on line 140.
 1 [internal function]: CodeIgniter\Debug\Exceptions->shutdownHandler()
INFO - 2025-02-01 14:19:01 --> Session: Class initialized using 'CodeIgniter\Session\Handlers\DatabaseHandler' driver.
CRITICAL - 2025-02-01 14:19:01 --> CodeIgniter\HTTP\Exceptions\BadRequestException: The URI you submitted has disallowed characters: "بسخط"
[Method: GET, Route: ar/blog/tag/%D8%A8%D8%B3%D8%AE%D8%B7]
in SYSTEMPATH/Router/Router.php on line 737.
 1 SYSTEMPATH/Router/Router.php(204): CodeIgniter\Router\Router->checkDisallowedChars('ar/blog/tag/بسخط')
 2 SYSTEMPATH/CodeIgniter.php(834): CodeIgniter\Router\Router->handle('ar/blog/tag/بسخط')
 3 SYSTEMPATH/CodeIgniter.php(457): CodeIgniter\CodeIgniter->tryToRouteIt(Object(CodeIgniter\Router\RouteCollection))
 4 SYSTEMPATH/CodeIgniter.php(355): CodeIgniter\CodeIgniter->handleRequest(null, Object(Config\Cache), false)
 5 SYSTEMPATH/Boot.php(325): CodeIgniter\CodeIgniter->run()
 6 SYSTEMPATH/Boot.php(67): CodeIgniter\Boot::runCodeIgniter(Object(CodeIgniter\CodeIgniter))
 7 FCPATH/index.php(56): CodeIgniter\Boot::bootWeb(Object(Config\Paths))
CRITICAL - 2025-02-01 14:19:01 --> ErrorException: Uncaught Error: Class "Locale" not found in /home/carttalog/public_html/system/Helpers/number_helper.php:140
Stack trace:
#0 /home/carttalog/public_html/system/Helpers/number_helper.php(58): format_number(12.0, 2, NULL, Array)
#1 /home/carttalog/public_html/system/Debug/BaseExceptionHandler.php(154): number_to_size(12.0, 2)
#2 /home/carttalog/public_html/app/Views/errors/html/error_exception.php(365): CodeIgniter\Debug\BaseExceptionHandler::describeMemory(12582912)
#3 /home/carttalog/public_html/system/Debug/BaseExceptionHandler.php(266): include('/home/carttalog...')
#4 /home/carttalog/public_html/system/Debug/BaseExceptionHandler.php(269): CodeIgniter\Debug\BaseExceptionHandler->CodeIgniter\Debug\{closure}()
#5 /home/carttalog/public_html/system/Debug/ExceptionHandler.php(114): CodeIgniter\Debug\BaseExceptionHandler->render(Object(CodeIgniter\HTTP\Exceptions\BadRequestException), 400, '/home/carttalog...')
#6 /home/carttalog/public_html/system/Debug/Exceptions.php(163): CodeIgniter\Debug\ExceptionHandler->handle(Object(CodeIgniter\HTTP\Exceptions\BadRequestException), Object(CodeIgniter\HTTP\IncomingRequest), Object(CodeIgniter\HTTP\Response), 400, 1)
#7 [internal function]: CodeIgniter\Debug\Exceptions->exceptionHandler(Object(CodeIgniter\HTTP\Exceptions\BadRequestException))
#8 {main}
  thrown
【Previous Exception】
CodeIgniter\HTTP\Exceptions\BadRequestException
The URI you submitted has disallowed characters: "بسخط"
#0 /home/carttalog/public_html/system/Router/Router.php(204): CodeIgniter\Router\Router->checkDisallowedChars('ar/blog/tag/\xD8\xA8\xD8...')
#1 /home/carttalog/public_html/system/CodeIgniter.php(834): CodeIgniter\Router\Router->handle('ar/blog/tag/\xD8\xA8\xD8...')
#2 /home/carttalog/public_html/system/CodeIgniter.php(457): CodeIgniter\CodeIgniter->tryToRouteIt(Object(CodeIgniter\Router\RouteCollection))
#3 /home/carttalog/public_html/system/CodeIgniter.php(355): CodeIgniter\CodeIgniter->handleRequest(NULL, Object(Config\Cache), false)
#4 /home/carttalog/public_html/system/Boot.php(325): CodeIgniter\CodeIgniter->run()
#5 /home/carttalog/public_html/system/Boot.php(67): CodeIgniter\Boot::runCodeIgniter(Object(CodeIgniter\CodeIgniter))
#6 /home/carttalog/public_html/index.php(56): CodeIgniter\Boot::bootWeb(Object(Config\Paths))
#7 {main}
[Method: GET, Route: ar/blog/tag/%D8%A8%D8%B3%D8%AE%D8%B7]
in SYSTEMPATH/Helpers/number_helper.php on line 140.
 1 [internal function]: CodeIgniter\Debug\Exceptions->shutdownHandler()
INFO - 2025-02-01 14:19:20 --> Session: Class initialized using 'CodeIgniter\Session\Handlers\DatabaseHandler' driver.
INFO - 2025-02-01 14:19:20 --> Session: Class initialized using 'CodeIgniter\Session\Handlers\DatabaseHandler' driver.
CRITICAL - 2025-02-01 14:19:20 --> CodeIgniter\HTTP\Exceptions\BadRequestException: The URI you submitted has disallowed characters: "تعبير"
[Method: GET, Route: ar/blog/tag/%D8%AA%D8%B9%D8%A8%D9%8A%D8%B1]
in SYSTEMPATH/Router/Router.php on line 737.
 1 SYSTEMPATH/Router/Router.php(204): CodeIgniter\Router\Router->checkDisallowedChars('ar/blog/tag/تعبير')
 2 SYSTEMPATH/CodeIgniter.php(834): CodeIgniter\Router\Router->handle('ar/blog/tag/تعبير')
 3 SYSTEMPATH/CodeIgniter.php(457): CodeIgniter\CodeIgniter->tryToRouteIt(Object(CodeIgniter\Router\RouteCollection))
 4 SYSTEMPATH/CodeIgniter.php(355): CodeIgniter\CodeIgniter->handleRequest(null, Object(Config\Cache), false)
 5 SYSTEMPATH/Boot.php(325): CodeIgniter\CodeIgniter->run()
 6 SYSTEMPATH/Boot.php(67): CodeIgniter\Boot::runCodeIgniter(Object(CodeIgniter\CodeIgniter))
 7 FCPATH/index.php(56): CodeIgniter\Boot::bootWeb(Object(Config\Paths))
CRITICAL - 2025-02-01 14:19:21 --> ErrorException: Uncaught Error: Class "Locale" not found in /home/carttalog/public_html/system/Helpers/number_helper.php:140
Stack trace:
#0 /home/carttalog/public_html/system/Helpers/number_helper.php(58): format_number(10.0, 2, NULL, Array)
#1 /home/carttalog/public_html/system/Debug/BaseExceptionHandler.php(154): number_to_size(10.0, 2)
#2 /home/carttalog/public_html/app/Views/errors/html/error_exception.php(365): CodeIgniter\Debug\BaseExceptionHandler::describeMemory(10485760)
#3 /home/carttalog/public_html/system/Debug/BaseExceptionHandler.php(266): include('/home/carttalog...')
#4 /home/carttalog/public_html/system/Debug/BaseExceptionHandler.php(269): CodeIgniter\Debug\BaseExceptionHandler->CodeIgniter\Debug\{closure}()
#5 /home/carttalog/public_html/system/Debug/ExceptionHandler.php(114): CodeIgniter\Debug\BaseExceptionHandler->render(Object(CodeIgniter\HTTP\Exceptions\BadRequestException), 400, '/home/carttalog...')
#6 /home/carttalog/public_html/system/Debug/Exceptions.php(163): CodeIgniter\Debug\ExceptionHandler->handle(Object(CodeIgniter\HTTP\Exceptions\BadRequestException), Object(CodeIgniter\HTTP\IncomingRequest), Object(CodeIgniter\HTTP\Response), 400, 1)
#7 [internal function]: CodeIgniter\Debug\Exceptions->exceptionHandler(Object(CodeIgniter\HTTP\Exceptions\BadRequestException))
#8 {main}
  thrown
【Previous Exception】
CodeIgniter\HTTP\Exceptions\BadRequestException
The URI you submitted has disallowed characters: "تعبير"
#0 /home/carttalog/public_html/system/Router/Router.php(204): CodeIgniter\Router\Router->checkDisallowedChars('ar/blog/tag/\xD8\xAA\xD8...')
#1 /home/carttalog/public_html/system/CodeIgniter.php(834): CodeIgniter\Router\Router->handle('ar/blog/tag/\xD8\xAA\xD8...')
#2 /home/carttalog/public_html/system/CodeIgniter.php(457): CodeIgniter\CodeIgniter->tryToRouteIt(Object(CodeIgniter\Router\RouteCollection))
#3 /home/carttalog/public_html/system/CodeIgniter.php(355): CodeIgniter\CodeIgniter->handleRequest(NULL, Object(Config\Cache), false)
#4 /home/carttalog/public_html/system/Boot.php(325): CodeIgniter\CodeIgniter->run()
#5 /home/carttalog/public_html/system/Boot.php(67): CodeIgniter\Boot::runCodeIgniter(Object(CodeIgniter\CodeIgniter))
#6 /home/carttalog/public_html/index.php(56): CodeIgniter\Boot::bootWeb(Object(Config\Paths))
#7 {main}
[Method: GET, Route: ar/blog/tag/%D8%AA%D8%B9%D8%A8%D9%8A%D8%B1]
in SYSTEMPATH/Helpers/number_helper.php on line 140.
 1 [internal function]: CodeIgniter\Debug\Exceptions->shutdownHandler()
INFO - 2025-02-01 14:19:21 --> Session: Class initialized using 'CodeIgniter\Session\Handlers\DatabaseHandler' driver.
INFO - 2025-02-01 14:19:22 --> Session: Class initialized using 'CodeIgniter\Session\Handlers\DatabaseHandler' driver.
INFO - 2025-02-01 14:19:22 --> Session: Class initialized using 'CodeIgniter\Session\Handlers\DatabaseHandler' driver.
INFO - 2025-02-01 14:19:22 --> Session: Class initialized using 'CodeIgniter\Session\Handlers\DatabaseHandler' driver.
INFO - 2025-02-01 14:19:22 --> Session: Class initialized using 'CodeIgniter\Session\Handlers\DatabaseHandler' driver.
INFO - 2025-02-01 14:19:23 --> Session: Class initialized using 'CodeIgniter\Session\Handlers\DatabaseHandler' driver.
INFO - 2025-02-01 14:19:24 --> Session: Class initialized using 'CodeIgniter\Session\Handlers\DatabaseHandler' driver.
INFO - 2025-02-01 14:19:24 --> Session: Class initialized using 'CodeIgniter\Session\Handlers\DatabaseHandler' driver.
INFO - 2025-02-01 14:19:24 --> Session: Class initialized using 'CodeIgniter\Session\Handlers\DatabaseHandler' driver.
INFO - 2025-02-01 14:19:24 --> Session: Class initialized using 'CodeIgniter\Session\Handlers\DatabaseHandler' driver.
INFO - 2025-02-01 14:19:24 --> Session: Class initialized using 'CodeIgniter\Session\Handlers\DatabaseHandler' driver.
INFO - 2025-02-01 14:19:24 --> Session: Class initialized using 'CodeIgniter\Session\Handlers\DatabaseHandler' driver.
INFO - 2025-02-01 14:19:25 --> Session: Class initialized using 'CodeIgniter\Session\Handlers\DatabaseHandler' driver.
INFO - 2025-02-01 14:19:25 --> Session: Class initialized using 'CodeIgniter\Session\Handlers\DatabaseHandler' driver.
INFO - 2025-02-01 14:19:25 --> Session: Class initialized using 'CodeIgniter\Session\Handlers\DatabaseHandler' driver.
CRITICAL - 2025-02-01 14:19:25 --> CodeIgniter\HTTP\Exceptions\BadRequestException: The URI you submitted has disallowed characters: ";"
[Method: GET, Route: s/9383e2234323e26343e24383/_/;/META-INF/maven/com.atlassian.jira/jira-webapp-dist/pom.properties]
in SYSTEMPATH/Router/Router.php on line 737.
 1 SYSTEMPATH/Router/Router.php(204): CodeIgniter\Router\Router->checkDisallowedChars('s/9383e2234323e26343e24383/_/;/META-INF/maven/com.atlassian.jira/jira-webapp-dist/pom.properties')
 2 SYSTEMPATH/CodeIgniter.php(834): CodeIgniter\Router\Router->handle('s/9383e2234323e26343e24383/_/;/META-INF/maven/com.atlassian.jira/jira-webapp-dist/pom.properties')
 3 SYSTEMPATH/CodeIgniter.php(457): CodeIgniter\CodeIgniter->tryToRouteIt(Object(CodeIgniter\Router\RouteCollection))
 4 SYSTEMPATH/CodeIgniter.php(355): CodeIgniter\CodeIgniter->handleRequest(null, Object(Config\Cache), false)
 5 SYSTEMPATH/Boot.php(325): CodeIgniter\CodeIgniter->run()
 6 SYSTEMPATH/Boot.php(67): CodeIgniter\Boot::runCodeIgniter(Object(CodeIgniter\CodeIgniter))
 7 FCPATH/index.php(56): CodeIgniter\Boot::bootWeb(Object(Config\Paths))
INFO - 2025-02-01 14:19:25 --> Session: Class initialized using 'CodeIgniter\Session\Handlers\DatabaseHandler' driver.
INFO - 2025-02-01 14:19:25 --> Session: Class initialized using 'CodeIgniter\Session\Handlers\DatabaseHandler' driver.
INFO - 2025-02-01 14:19:26 --> Session: Class initialized using 'CodeIgniter\Session\Handlers\DatabaseHandler' driver.
INFO - 2025-02-01 14:19:40 --> Session: Class initialized using 'CodeIgniter\Session\Handlers\DatabaseHandler' driver.
CRITICAL - 2025-02-01 14:19:40 --> CodeIgniter\HTTP\Exceptions\BadRequestException: The URI you submitted has disallowed characters: "حاسمة"
[Method: GET, Route: ar/blog/tag/%D8%AD%D8%A7%D8%B3%D9%85%D8%A9]
in SYSTEMPATH/Router/Router.php on line 737.
 1 SYSTEMPATH/Router/Router.php(204): CodeIgniter\Router\Router->checkDisallowedChars('ar/blog/tag/حاسمة')
 2 SYSTEMPATH/CodeIgniter.php(834): CodeIgniter\Router\Router->handle('ar/blog/tag/حاسمة')
 3 SYSTEMPATH/CodeIgniter.php(457): CodeIgniter\CodeIgniter->tryToRouteIt(Object(CodeIgniter\Router\RouteCollection))
 4 SYSTEMPATH/CodeIgniter.php(355): CodeIgniter\CodeIgniter->handleRequest(null, Object(Config\Cache), false)
 5 SYSTEMPATH/Boot.php(325): CodeIgniter\CodeIgniter->run()
 6 SYSTEMPATH/Boot.php(67): CodeIgniter\Boot::runCodeIgniter(Object(CodeIgniter\CodeIgniter))
 7 FCPATH/index.php(56): CodeIgniter\Boot::bootWeb(Object(Config\Paths))
CRITICAL - 2025-02-01 14:19:40 --> ErrorException: Uncaught Error: Class "Locale" not found in /home/carttalog/public_html/system/Helpers/number_helper.php:140
Stack trace:
#0 /home/carttalog/public_html/system/Helpers/number_helper.php(58): format_number(12.0, 2, NULL, Array)
#1 /home/carttalog/public_html/system/Debug/BaseExceptionHandler.php(154): number_to_size(12.0, 2)
#2 /home/carttalog/public_html/app/Views/errors/html/error_exception.php(365): CodeIgniter\Debug\BaseExceptionHandler::describeMemory(12582912)
#3 /home/carttalog/public_html/system/Debug/BaseExceptionHandler.php(266): include('/home/carttalog...')
#4 /home/carttalog/public_html/system/Debug/BaseExceptionHandler.php(269): CodeIgniter\Debug\BaseExceptionHandler->CodeIgniter\Debug\{closure}()
#5 /home/carttalog/public_html/system/Debug/ExceptionHandler.php(114): CodeIgniter\Debug\BaseExceptionHandler->render(Object(CodeIgniter\HTTP\Exceptions\BadRequestException), 400, '/home/carttalog...')
#6 /home/carttalog/public_html/system/Debug/Exceptions.php(163): CodeIgniter\Debug\ExceptionHandler->handle(Object(CodeIgniter\HTTP\Exceptions\BadRequestException), Object(CodeIgniter\HTTP\IncomingRequest), Object(CodeIgniter\HTTP\Response), 400, 1)
#7 [internal function]: CodeIgniter\Debug\Exceptions->exceptionHandler(Object(CodeIgniter\HTTP\Exceptions\BadRequestException))
#8 {main}
  thrown
【Previous Exception】
CodeIgniter\HTTP\Exceptions\BadRequestException
The URI you submitted has disallowed characters: "حاسمة"
#0 /home/carttalog/public_html/system/Router/Router.php(204): CodeIgniter\Router\Router->checkDisallowedChars('ar/blog/tag/\xD8\xAD\xD8...')
#1 /home/carttalog/public_html/system/CodeIgniter.php(834): CodeIgniter\Router\Router->handle('ar/blog/tag/\xD8\xAD\xD8...')
#2 /home/carttalog/public_html/system/CodeIgniter.php(457): CodeIgniter\CodeIgniter->tryToRouteIt(Object(CodeIgniter\Router\RouteCollection))
#3 /home/carttalog/public_html/system/CodeIgniter.php(355): CodeIgniter\CodeIgniter->handleRequest(NULL, Object(Config\Cache), false)
#4 /home/carttalog/public_html/system/Boot.php(325): CodeIgniter\CodeIgniter->run()
#5 /home/carttalog/public_html/system/Boot.php(67): CodeIgniter\Boot::runCodeIgniter(Object(CodeIgniter\CodeIgniter))
#6 /home/carttalog/public_html/index.php(56): CodeIgniter\Boot::bootWeb(Object(Config\Paths))
#7 {main}
[Method: GET, Route: ar/blog/tag/%D8%AD%D8%A7%D8%B3%D9%85%D8%A9]
in SYSTEMPATH/Helpers/number_helper.php on line 140.
 1 [internal function]: CodeIgniter\Debug\Exceptions->shutdownHandler()
INFO - 2025-02-01 14:20:07 --> Session: Class initialized using 'CodeIgniter\Session\Handlers\DatabaseHandler' driver.
CRITICAL - 2025-02-01 14:20:07 --> CodeIgniter\HTTP\Exceptions\BadRequestException: The URI you submitted has disallowed characters: "للاعتقاد"
[Method: GET, Route: ar/blog/tag/%D9%84%D9%84%D8%A7%D8%B9%D8%AA%D9%82%D8%A7%D8%AF]
in SYSTEMPATH/Router/Router.php on line 737.
 1 SYSTEMPATH/Router/Router.php(204): CodeIgniter\Router\Router->checkDisallowedChars('ar/blog/tag/للاعتقاد')
 2 SYSTEMPATH/CodeIgniter.php(834): CodeIgniter\Router\Router->handle('ar/blog/tag/للاعتقاد')
 3 SYSTEMPATH/CodeIgniter.php(457): CodeIgniter\CodeIgniter->tryToRouteIt(Object(CodeIgniter\Router\RouteCollection))
 4 SYSTEMPATH/CodeIgniter.php(355): CodeIgniter\CodeIgniter->handleRequest(null, Object(Config\Cache), false)
 5 SYSTEMPATH/Boot.php(325): CodeIgniter\CodeIgniter->run()
 6 SYSTEMPATH/Boot.php(67): CodeIgniter\Boot::runCodeIgniter(Object(CodeIgniter\CodeIgniter))
 7 FCPATH/index.php(56): CodeIgniter\Boot::bootWeb(Object(Config\Paths))
CRITICAL - 2025-02-01 14:20:07 --> ErrorException: Uncaught Error: Class "Locale" not found in /home/carttalog/public_html/system/Helpers/number_helper.php:140
Stack trace:
#0 /home/carttalog/public_html/system/Helpers/number_helper.php(58): format_number(10.0, 2, NULL, Array)
#1 /home/carttalog/public_html/system/Debug/BaseExceptionHandler.php(154): number_to_size(10.0, 2)
#2 /home/carttalog/public_html/app/Views/errors/html/error_exception.php(365): CodeIgniter\Debug\BaseExceptionHandler::describeMemory(10485760)
#3 /home/carttalog/public_html/system/Debug/BaseExceptionHandler.php(266): include('/home/carttalog...')
#4 /home/carttalog/public_html/system/Debug/BaseExceptionHandler.php(269): CodeIgniter\Debug\BaseExceptionHandler->CodeIgniter\Debug\{closure}()
#5 /home/carttalog/public_html/system/Debug/ExceptionHandler.php(114): CodeIgniter\Debug\BaseExceptionHandler->render(Object(CodeIgniter\HTTP\Exceptions\BadRequestException), 400, '/home/carttalog...')
#6 /home/carttalog/public_html/system/Debug/Exceptions.php(163): CodeIgniter\Debug\ExceptionHandler->handle(Object(CodeIgniter\HTTP\Exceptions\BadRequestException), Object(CodeIgniter\HTTP\IncomingRequest), Object(CodeIgniter\HTTP\Response), 400, 1)
#7 [internal function]: CodeIgniter\Debug\Exceptions->exceptionHandler(Object(CodeIgniter\HTTP\Exceptions\BadRequestException))
#8 {main}
  thrown
【Previous Exception】
CodeIgniter\HTTP\Exceptions\BadRequestException
The URI you submitted has disallowed characters: "للاعتقاد"
#0 /home/carttalog/public_html/system/Router/Router.php(204): CodeIgniter\Router\Router->checkDisallowedChars('ar/blog/tag/\xD9\x84\xD9...')
#1 /home/carttalog/public_html/system/CodeIgniter.php(834): CodeIgniter\Router\Router->handle('ar/blog/tag/\xD9\x84\xD9...')
#2 /home/carttalog/public_html/system/CodeIgniter.php(457): CodeIgniter\CodeIgniter->tryToRouteIt(Object(CodeIgniter\Router\RouteCollection))
#3 /home/carttalog/public_html/system/CodeIgniter.php(355): CodeIgniter\CodeIgniter->handleRequest(NULL, Object(Config\Cache), false)
#4 /home/carttalog/public_html/system/Boot.php(325): CodeIgniter\CodeIgniter->run()
#5 /home/carttalog/public_html/system/Boot.php(67): CodeIgniter\Boot::runCodeIgniter(Object(CodeIgniter\CodeIgniter))
#6 /home/carttalog/public_html/index.php(56): CodeIgniter\Boot::bootWeb(Object(Config\Paths))
#7 {main}
[Method: GET, Route: ar/blog/tag/%D9%84%D9%84%D8%A7%D8%B9%D8%AA%D9%82%D8%A7%D8%AF]
in SYSTEMPATH/Helpers/number_helper.php on line 140.
 1 [internal function]: CodeIgniter\Debug\Exceptions->shutdownHandler()
INFO - 2025-02-01 14:20:18 --> Session: Class initialized using 'CodeIgniter\Session\Handlers\DatabaseHandler' driver.
INFO - 2025-02-01 14:20:28 --> Session: Class initialized using 'CodeIgniter\Session\Handlers\DatabaseHandler' driver.
CRITICAL - 2025-02-01 14:20:28 --> CodeIgniter\HTTP\Exceptions\BadRequestException: The URI you submitted has disallowed characters: "مولدات"
[Method: GET, Route: ar/blog/tag/%D9%85%D9%88%D9%84%D8%AF%D8%A7%D8%AA]
in SYSTEMPATH/Router/Router.php on line 737.
 1 SYSTEMPATH/Router/Router.php(204): CodeIgniter\Router\Router->checkDisallowedChars('ar/blog/tag/مولدات')
 2 SYSTEMPATH/CodeIgniter.php(834): CodeIgniter\Router\Router->handle('ar/blog/tag/مولدات')
 3 SYSTEMPATH/CodeIgniter.php(457): CodeIgniter\CodeIgniter->tryToRouteIt(Object(CodeIgniter\Router\RouteCollection))
 4 SYSTEMPATH/CodeIgniter.php(355): CodeIgniter\CodeIgniter->handleRequest(null, Object(Config\Cache), false)
 5 SYSTEMPATH/Boot.php(325): CodeIgniter\CodeIgniter->run()
 6 SYSTEMPATH/Boot.php(67): CodeIgniter\Boot::runCodeIgniter(Object(CodeIgniter\CodeIgniter))
 7 FCPATH/index.php(56): CodeIgniter\Boot::bootWeb(Object(Config\Paths))
CRITICAL - 2025-02-01 14:20:28 --> ErrorException: Uncaught Error: Class "Locale" not found in /home/carttalog/public_html/system/Helpers/number_helper.php:140
Stack trace:
#0 /home/carttalog/public_html/system/Helpers/number_helper.php(58): format_number(22.0, 2, NULL, Array)
#1 /home/carttalog/public_html/system/Debug/BaseExceptionHandler.php(154): number_to_size(22.0, 2)
#2 /home/carttalog/public_html/app/Views/errors/html/error_exception.php(365): CodeIgniter\Debug\BaseExceptionHandler::describeMemory(23068672)
#3 /home/carttalog/public_html/system/Debug/BaseExceptionHandler.php(266): include('/home/carttalog...')
#4 /home/carttalog/public_html/system/Debug/BaseExceptionHandler.php(269): CodeIgniter\Debug\BaseExceptionHandler->CodeIgniter\Debug\{closure}()
#5 /home/carttalog/public_html/system/Debug/ExceptionHandler.php(114): CodeIgniter\Debug\BaseExceptionHandler->render(Object(CodeIgniter\HTTP\Exceptions\BadRequestException), 400, '/home/carttalog...')
#6 /home/carttalog/public_html/system/Debug/Exceptions.php(163): CodeIgniter\Debug\ExceptionHandler->handle(Object(CodeIgniter\HTTP\Exceptions\BadRequestException), Object(CodeIgniter\HTTP\IncomingRequest), Object(CodeIgniter\HTTP\Response), 400, 1)
#7 [internal function]: CodeIgniter\Debug\Exceptions->exceptionHandler(Object(CodeIgniter\HTTP\Exceptions\BadRequestException))
#8 {main}
  thrown
【Previous Exception】
CodeIgniter\HTTP\Exceptions\BadRequestException
The URI you submitted has disallowed characters: "مولدات"
#0 /home/carttalog/public_html/system/Router/Router.php(204): CodeIgniter\Router\Router->checkDisallowedChars('ar/blog/tag/\xD9\x85\xD9...')
#1 /home/carttalog/public_html/system/CodeIgniter.php(834): CodeIgniter\Router\Router->handle('ar/blog/tag/\xD9\x85\xD9...')
#2 /home/carttalog/public_html/system/CodeIgniter.php(457): CodeIgniter\CodeIgniter->tryToRouteIt(Object(CodeIgniter\Router\RouteCollection))
#3 /home/carttalog/public_html/system/CodeIgniter.php(355): CodeIgniter\CodeIgniter->handleRequest(NULL, Object(Config\Cache), false)
#4 /home/carttalog/public_html/system/Boot.php(325): CodeIgniter\CodeIgniter->run()
#5 /home/carttalog/public_html/system/Boot.php(67): CodeIgniter\Boot::runCodeIgniter(Object(CodeIgniter\CodeIgniter))
#6 /home/carttalog/public_html/index.php(56): CodeIgniter\Boot::bootWeb(Object(Config\Paths))
#7 {main}
[Method: GET, Route: ar/blog/tag/%D9%85%D9%88%D9%84%D8%AF%D8%A7%D8%AA]
in SYSTEMPATH/Helpers/number_helper.php on line 140.
 1 [internal function]: CodeIgniter\Debug\Exceptions->shutdownHandler()
INFO - 2025-02-01 14:20:48 --> Session: Class initialized using 'CodeIgniter\Session\Handlers\DatabaseHandler' driver.
CRITICAL - 2025-02-01 14:20:48 --> CodeIgniter\HTTP\Exceptions\BadRequestException: The URI you submitted has disallowed characters: "نص"
[Method: GET, Route: ar/blog/tag/%D9%86%D8%B5]
in SYSTEMPATH/Router/Router.php on line 737.
 1 SYSTEMPATH/Router/Router.php(204): CodeIgniter\Router\Router->checkDisallowedChars('ar/blog/tag/نص')
 2 SYSTEMPATH/CodeIgniter.php(834): CodeIgniter\Router\Router->handle('ar/blog/tag/نص')
 3 SYSTEMPATH/CodeIgniter.php(457): CodeIgniter\CodeIgniter->tryToRouteIt(Object(CodeIgniter\Router\RouteCollection))
 4 SYSTEMPATH/CodeIgniter.php(355): CodeIgniter\CodeIgniter->handleRequest(null, Object(Config\Cache), false)
 5 SYSTEMPATH/Boot.php(325): CodeIgniter\CodeIgniter->run()
 6 SYSTEMPATH/Boot.php(67): CodeIgniter\Boot::runCodeIgniter(Object(CodeIgniter\CodeIgniter))
 7 FCPATH/index.php(56): CodeIgniter\Boot::bootWeb(Object(Config\Paths))
CRITICAL - 2025-02-01 14:20:48 --> ErrorException: Uncaught Error: Class "Locale" not found in /home/carttalog/public_html/system/Helpers/number_helper.php:140
Stack trace:
#0 /home/carttalog/public_html/system/Helpers/number_helper.php(58): format_number(10.0, 2, NULL, Array)
#1 /home/carttalog/public_html/system/Debug/BaseExceptionHandler.php(154): number_to_size(10.0, 2)
#2 /home/carttalog/public_html/app/Views/errors/html/error_exception.php(365): CodeIgniter\Debug\BaseExceptionHandler::describeMemory(10485760)
#3 /home/carttalog/public_html/system/Debug/BaseExceptionHandler.php(266): include('/home/carttalog...')
#4 /home/carttalog/public_html/system/Debug/BaseExceptionHandler.php(269): CodeIgniter\Debug\BaseExceptionHandler->CodeIgniter\Debug\{closure}()
#5 /home/carttalog/public_html/system/Debug/ExceptionHandler.php(114): CodeIgniter\Debug\BaseExceptionHandler->render(Object(CodeIgniter\HTTP\Exceptions\BadRequestException), 400, '/home/carttalog...')
#6 /home/carttalog/public_html/system/Debug/Exceptions.php(163): CodeIgniter\Debug\ExceptionHandler->handle(Object(CodeIgniter\HTTP\Exceptions\BadRequestException), Object(CodeIgniter\HTTP\IncomingRequest), Object(CodeIgniter\HTTP\Response), 400, 1)
#7 [internal function]: CodeIgniter\Debug\Exceptions->exceptionHandler(Object(CodeIgniter\HTTP\Exceptions\BadRequestException))
#8 {main}
  thrown
【Previous Exception】
CodeIgniter\HTTP\Exceptions\BadRequestException
The URI you submitted has disallowed characters: "نص"
#0 /home/carttalog/public_html/system/Router/Router.php(204): CodeIgniter\Router\Router->checkDisallowedChars('ar/blog/tag/\xD9\x86\xD8...')
#1 /home/carttalog/public_html/system/CodeIgniter.php(834): CodeIgniter\Router\Router->handle('ar/blog/tag/\xD9\x86\xD8...')
#2 /home/carttalog/public_html/system/CodeIgniter.php(457): CodeIgniter\CodeIgniter->tryToRouteIt(Object(CodeIgniter\Router\RouteCollection))
#3 /home/carttalog/public_html/system/CodeIgniter.php(355): CodeIgniter\CodeIgniter->handleRequest(NULL, Object(Config\Cache), false)
#4 /home/carttalog/public_html/system/Boot.php(325): CodeIgniter\CodeIgniter->run()
#5 /home/carttalog/public_html/system/Boot.php(67): CodeIgniter\Boot::runCodeIgniter(Object(CodeIgniter\CodeIgniter))
#6 /home/carttalog/public_html/index.php(56): CodeIgniter\Boot::bootWeb(Object(Config\Paths))
#7 {main}
[Method: GET, Route: ar/blog/tag/%D9%86%D8%B5]
in SYSTEMPATH/Helpers/number_helper.php on line 140.
 1 [internal function]: CodeIgniter\Debug\Exceptions->shutdownHandler()
INFO - 2025-02-01 14:20:57 --> Session: Class initialized using 'CodeIgniter\Session\Handlers\DatabaseHandler' driver.
CRITICAL - 2025-02-01 14:20:57 --> CodeIgniter\HTTP\Exceptions\BadRequestException: The URI you submitted has disallowed characters: "وإحباطهم"
[Method: GET, Route: ar/blog/tag/%D9%88%D8%A5%D8%AD%D8%A8%D8%A7%D8%B7%D9%87%D9%85]
in SYSTEMPATH/Router/Router.php on line 737.
 1 SYSTEMPATH/Router/Router.php(204): CodeIgniter\Router\Router->checkDisallowedChars('ar/blog/tag/وإحباطهم')
 2 SYSTEMPATH/CodeIgniter.php(834): CodeIgniter\Router\Router->handle('ar/blog/tag/وإحباطهم')
 3 SYSTEMPATH/CodeIgniter.php(457): CodeIgniter\CodeIgniter->tryToRouteIt(Object(CodeIgniter\Router\RouteCollection))
 4 SYSTEMPATH/CodeIgniter.php(355): CodeIgniter\CodeIgniter->handleRequest(null, Object(Config\Cache), false)
 5 SYSTEMPATH/Boot.php(325): CodeIgniter\CodeIgniter->run()
 6 SYSTEMPATH/Boot.php(67): CodeIgniter\Boot::runCodeIgniter(Object(CodeIgniter\CodeIgniter))
 7 FCPATH/index.php(56): CodeIgniter\Boot::bootWeb(Object(Config\Paths))
CRITICAL - 2025-02-01 14:20:57 --> ErrorException: Uncaught Error: Class "Locale" not found in /home/carttalog/public_html/system/Helpers/number_helper.php:140
Stack trace:
#0 /home/carttalog/public_html/system/Helpers/number_helper.php(58): format_number(10.0, 2, NULL, Array)
#1 /home/carttalog/public_html/system/Debug/BaseExceptionHandler.php(154): number_to_size(10.0, 2)
#2 /home/carttalog/public_html/app/Views/errors/html/error_exception.php(365): CodeIgniter\Debug\BaseExceptionHandler::describeMemory(10485760)
#3 /home/carttalog/public_html/system/Debug/BaseExceptionHandler.php(266): include('/home/carttalog...')
#4 /home/carttalog/public_html/system/Debug/BaseExceptionHandler.php(269): CodeIgniter\Debug\BaseExceptionHandler->CodeIgniter\Debug\{closure}()
#5 /home/carttalog/public_html/system/Debug/ExceptionHandler.php(114): CodeIgniter\Debug\BaseExceptionHandler->render(Object(CodeIgniter\HTTP\Exceptions\BadRequestException), 400, '/home/carttalog...')
#6 /home/carttalog/public_html/system/Debug/Exceptions.php(163): CodeIgniter\Debug\ExceptionHandler->handle(Object(CodeIgniter\HTTP\Exceptions\BadRequestException), Object(CodeIgniter\HTTP\IncomingRequest), Object(CodeIgniter\HTTP\Response), 400, 1)
#7 [internal function]: CodeIgniter\Debug\Exceptions->exceptionHandler(Object(CodeIgniter\HTTP\Exceptions\BadRequestException))
#8 {main}
  thrown
【Previous Exception】
CodeIgniter\HTTP\Exceptions\BadRequestException
The URI you submitted has disallowed characters: "وإحباطهم"
#0 /home/carttalog/public_html/system/Router/Router.php(204): CodeIgniter\Router\Router->checkDisallowedChars('ar/blog/tag/\xD9\x88\xD8...')
#1 /home/carttalog/public_html/system/CodeIgniter.php(834): CodeIgniter\Router\Router->handle('ar/blog/tag/\xD9\x88\xD8...')
#2 /home/carttalog/public_html/system/CodeIgniter.php(457): CodeIgniter\CodeIgniter->tryToRouteIt(Object(CodeIgniter\Router\RouteCollection))
#3 /home/carttalog/public_html/system/CodeIgniter.php(355): CodeIgniter\CodeIgniter->handleRequest(NULL, Object(Config\Cache), false)
#4 /home/carttalog/public_html/system/Boot.php(325): CodeIgniter\CodeIgniter->run()
#5 /home/carttalog/public_html/system/Boot.php(67): CodeIgniter\Boot::runCodeIgniter(Object(CodeIgniter\CodeIgniter))
#6 /home/carttalog/public_html/index.php(56): CodeIgniter\Boot::bootWeb(Object(Config\Paths))
#7 {main}
[Method: GET, Route: ar/blog/tag/%D9%88%D8%A5%D8%AD%D8%A8%D8%A7%D8%B7%D9%87%D9%85]
in SYSTEMPATH/Helpers/number_helper.php on line 140.
 1 [internal function]: CodeIgniter\Debug\Exceptions->shutdownHandler()
INFO - 2025-02-01 14:21:21 --> Session: Class initialized using 'CodeIgniter\Session\Handlers\DatabaseHandler' driver.
CRITICAL - 2025-02-01 14:21:21 --> CodeIgniter\HTTP\Exceptions\BadRequestException: The URI you submitted has disallowed characters: "والمحررين"
[Method: GET, Route: ar/blog/tag/%D9%88%D8%A7%D9%84%D9%85%D8%AD%D8%B1%D8%B1%D9%8A%D9%86]
in SYSTEMPATH/Router/Router.php on line 737.
 1 SYSTEMPATH/Router/Router.php(204): CodeIgniter\Router\Router->checkDisallowedChars('ar/blog/tag/والمحررين')
 2 SYSTEMPATH/CodeIgniter.php(834): CodeIgniter\Router\Router->handle('ar/blog/tag/والمحررين')
 3 SYSTEMPATH/CodeIgniter.php(457): CodeIgniter\CodeIgniter->tryToRouteIt(Object(CodeIgniter\Router\RouteCollection))
 4 SYSTEMPATH/CodeIgniter.php(355): CodeIgniter\CodeIgniter->handleRequest(null, Object(Config\Cache), false)
 5 SYSTEMPATH/Boot.php(325): CodeIgniter\CodeIgniter->run()
 6 SYSTEMPATH/Boot.php(67): CodeIgniter\Boot::runCodeIgniter(Object(CodeIgniter\CodeIgniter))
 7 FCPATH/index.php(56): CodeIgniter\Boot::bootWeb(Object(Config\Paths))
CRITICAL - 2025-02-01 14:21:21 --> ErrorException: Uncaught Error: Class "Locale" not found in /home/carttalog/public_html/system/Helpers/number_helper.php:140
Stack trace:
#0 /home/carttalog/public_html/system/Helpers/number_helper.php(58): format_number(10.0, 2, NULL, Array)
#1 /home/carttalog/public_html/system/Debug/BaseExceptionHandler.php(154): number_to_size(10.0, 2)
#2 /home/carttalog/public_html/app/Views/errors/html/error_exception.php(365): CodeIgniter\Debug\BaseExceptionHandler::describeMemory(10485760)
#3 /home/carttalog/public_html/system/Debug/BaseExceptionHandler.php(266): include('/home/carttalog...')
#4 /home/carttalog/public_html/system/Debug/BaseExceptionHandler.php(269): CodeIgniter\Debug\BaseExceptionHandler->CodeIgniter\Debug\{closure}()
#5 /home/carttalog/public_html/system/Debug/ExceptionHandler.php(114): CodeIgniter\Debug\BaseExceptionHandler->render(Object(CodeIgniter\HTTP\Exceptions\BadRequestException), 400, '/home/carttalog...')
#6 /home/carttalog/public_html/system/Debug/Exceptions.php(163): CodeIgniter\Debug\ExceptionHandler->handle(Object(CodeIgniter\HTTP\Exceptions\BadRequestException), Object(CodeIgniter\HTTP\IncomingRequest), Object(CodeIgniter\HTTP\Response), 400, 1)
#7 [internal function]: CodeIgniter\Debug\Exceptions->exceptionHandler(Object(CodeIgniter\HTTP\Exceptions\BadRequestException))
#8 {main}
  thrown
【Previous Exception】
CodeIgniter\HTTP\Exceptions\BadRequestException
The URI you submitted has disallowed characters: "والمحررين"
#0 /home/carttalog/public_html/system/Router/Router.php(204): CodeIgniter\Router\Router->checkDisallowedChars('ar/blog/tag/\xD9\x88\xD8...')
#1 /home/carttalog/public_html/system/CodeIgniter.php(834): CodeIgniter\Router\Router->handle('ar/blog/tag/\xD9\x88\xD8...')
#2 /home/carttalog/public_html/system/CodeIgniter.php(457): CodeIgniter\CodeIgniter->tryToRouteIt(Object(CodeIgniter\Router\RouteCollection))
#3 /home/carttalog/public_html/system/CodeIgniter.php(355): CodeIgniter\CodeIgniter->handleRequest(NULL, Object(Config\Cache), false)
#4 /home/carttalog/public_html/system/Boot.php(325): CodeIgniter\CodeIgniter->run()
#5 /home/carttalog/public_html/system/Boot.php(67): CodeIgniter\Boot::runCodeIgniter(Object(CodeIgniter\CodeIgniter))
#6 /home/carttalog/public_html/index.php(56): CodeIgniter\Boot::bootWeb(Object(Config\Paths))
#7 {main}
[Method: GET, Route: ar/blog/tag/%D9%88%D8%A7%D9%84%D9%85%D8%AD%D8%B1%D8%B1%D9%8A%D9%86]
in SYSTEMPATH/Helpers/number_helper.php on line 140.
 1 [internal function]: CodeIgniter\Debug\Exceptions->shutdownHandler()
INFO - 2025-02-01 14:21:40 --> Session: Class initialized using 'CodeIgniter\Session\Handlers\DatabaseHandler' driver.
INFO - 2025-02-01 14:22:11 --> Session: Class initialized using 'CodeIgniter\Session\Handlers\DatabaseHandler' driver.
INFO - 2025-02-01 14:32:59 --> Session: Class initialized using 'CodeIgniter\Session\Handlers\DatabaseHandler' driver.
INFO - 2025-02-01 14:33:43 --> Session: Class initialized using 'CodeIgniter\Session\Handlers\DatabaseHandler' driver.
INFO - 2025-02-01 14:34:39 --> Session: Class initialized using 'CodeIgniter\Session\Handlers\DatabaseHandler' driver.
INFO - 2025-02-01 14:37:58 --> Session: Class initialized using 'CodeIgniter\Session\Handlers\DatabaseHandler' driver.
INFO - 2025-02-01 14:38:19 --> Session: Class initialized using 'CodeIgniter\Session\Handlers\DatabaseHandler' driver.
INFO - 2025-02-01 14:46:40 --> Session: Class initialized using 'CodeIgniter\Session\Handlers\DatabaseHandler' driver.
INFO - 2025-02-01 14:49:26 --> Session: Class initialized using 'CodeIgniter\Session\Handlers\DatabaseHandler' driver.
INFO - 2025-02-01 14:53:22 --> Session: Class initialized using 'CodeIgniter\Session\Handlers\DatabaseHandler' driver.
INFO - 2025-02-01 14:57:14 --> Session: Class initialized using 'CodeIgniter\Session\Handlers\DatabaseHandler' driver.
INFO - 2025-02-01 14:59:03 --> Session: Class initialized using 'CodeIgniter\Session\Handlers\DatabaseHandler' driver.
INFO - 2025-02-01 15:03:22 --> Session: Class initialized using 'CodeIgniter\Session\Handlers\DatabaseHandler' driver.
INFO - 2025-02-01 15:04:47 --> Session: Class initialized using 'CodeIgniter\Session\Handlers\DatabaseHandler' driver.
INFO - 2025-02-01 15:08:45 --> Session: Class initialized using 'CodeIgniter\Session\Handlers\DatabaseHandler' driver.
INFO - 2025-02-01 15:11:25 --> Session: Class initialized using 'CodeIgniter\Session\Handlers\DatabaseHandler' driver.
INFO - 2025-02-01 15:16:57 --> Session: Class initialized using 'CodeIgniter\Session\Handlers\DatabaseHandler' driver.
INFO - 2025-02-01 15:18:05 --> Session: Class initialized using 'CodeIgniter\Session\Handlers\DatabaseHandler' driver.
INFO - 2025-02-01 15:19:20 --> Session: Class initialized using 'CodeIgniter\Session\Handlers\DatabaseHandler' driver.
INFO - 2025-02-01 15:19:40 --> Session: Class initialized using 'CodeIgniter\Session\Handlers\DatabaseHandler' driver.
INFO - 2025-02-01 15:22:26 --> Session: Class initialized using 'CodeIgniter\Session\Handlers\DatabaseHandler' driver.
INFO - 2025-02-01 15:22:28 --> Session: Class initialized using 'CodeIgniter\Session\Handlers\DatabaseHandler' driver.
INFO - 2025-02-01 15:23:09 --> Session: Class initialized using 'CodeIgniter\Session\Handlers\DatabaseHandler' driver.
INFO - 2025-02-01 15:28:25 --> Session: Class initialized using 'CodeIgniter\Session\Handlers\DatabaseHandler' driver.
INFO - 2025-02-01 15:30:04 --> Session: Class initialized using 'CodeIgniter\Session\Handlers\DatabaseHandler' driver.
INFO - 2025-02-01 15:31:32 --> Session: Class initialized using 'CodeIgniter\Session\Handlers\DatabaseHandler' driver.
INFO - 2025-02-01 15:37:11 --> Session: Class initialized using 'CodeIgniter\Session\Handlers\DatabaseHandler' driver.
INFO - 2025-02-01 15:39:03 --> Session: Class initialized using 'CodeIgniter\Session\Handlers\DatabaseHandler' driver.
CRITICAL - 2025-02-01 15:39:03 --> CodeIgniter\HTTP\Exceptions\BadRequestException: The URI you submitted has disallowed characters: "الحزم"
[Method: GET, Route: ar/blog/tag/%D8%A7%D9%84%D8%AD%D8%B2%D9%85]
in SYSTEMPATH/Router/Router.php on line 737.
 1 SYSTEMPATH/Router/Router.php(204): CodeIgniter\Router\Router->checkDisallowedChars('ar/blog/tag/الحزم')
 2 SYSTEMPATH/CodeIgniter.php(834): CodeIgniter\Router\Router->handle('ar/blog/tag/الحزم')
 3 SYSTEMPATH/CodeIgniter.php(457): CodeIgniter\CodeIgniter->tryToRouteIt(Object(CodeIgniter\Router\RouteCollection))
 4 SYSTEMPATH/CodeIgniter.php(355): CodeIgniter\CodeIgniter->handleRequest(null, Object(Config\Cache), false)
 5 SYSTEMPATH/Boot.php(325): CodeIgniter\CodeIgniter->run()
 6 SYSTEMPATH/Boot.php(67): CodeIgniter\Boot::runCodeIgniter(Object(CodeIgniter\CodeIgniter))
 7 FCPATH/index.php(56): CodeIgniter\Boot::bootWeb(Object(Config\Paths))
CRITICAL - 2025-02-01 15:39:03 --> ErrorException: Uncaught Error: Class "Locale" not found in /home/carttalog/public_html/system/Helpers/number_helper.php:140
Stack trace:
#0 /home/carttalog/public_html/system/Helpers/number_helper.php(58): format_number(10.0, 2, NULL, Array)
#1 /home/carttalog/public_html/system/Debug/BaseExceptionHandler.php(154): number_to_size(10.0, 2)
#2 /home/carttalog/public_html/app/Views/errors/html/error_exception.php(365): CodeIgniter\Debug\BaseExceptionHandler::describeMemory(10485760)
#3 /home/carttalog/public_html/system/Debug/BaseExceptionHandler.php(266): include('/home/carttalog...')
#4 /home/carttalog/public_html/system/Debug/BaseExceptionHandler.php(269): CodeIgniter\Debug\BaseExceptionHandler->CodeIgniter\Debug\{closure}()
#5 /home/carttalog/public_html/system/Debug/ExceptionHandler.php(114): CodeIgniter\Debug\BaseExceptionHandler->render(Object(CodeIgniter\HTTP\Exceptions\BadRequestException), 400, '/home/carttalog...')
#6 /home/carttalog/public_html/system/Debug/Exceptions.php(163): CodeIgniter\Debug\ExceptionHandler->handle(Object(CodeIgniter\HTTP\Exceptions\BadRequestException), Object(CodeIgniter\HTTP\IncomingRequest), Object(CodeIgniter\HTTP\Response), 400, 1)
#7 [internal function]: CodeIgniter\Debug\Exceptions->exceptionHandler(Object(CodeIgniter\HTTP\Exceptions\BadRequestException))
#8 {main}
  thrown
【Previous Exception】
CodeIgniter\HTTP\Exceptions\BadRequestException
The URI you submitted has disallowed characters: "الحزم"
#0 /home/carttalog/public_html/system/Router/Router.php(204): CodeIgniter\Router\Router->checkDisallowedChars('ar/blog/tag/\xD8\xA7\xD9...')
#1 /home/carttalog/public_html/system/CodeIgniter.php(834): CodeIgniter\Router\Router->handle('ar/blog/tag/\xD8\xA7\xD9...')
#2 /home/carttalog/public_html/system/CodeIgniter.php(457): CodeIgniter\CodeIgniter->tryToRouteIt(Object(CodeIgniter\Router\RouteCollection))
#3 /home/carttalog/public_html/system/CodeIgniter.php(355): CodeIgniter\CodeIgniter->handleRequest(NULL, Object(Config\Cache), false)
#4 /home/carttalog/public_html/system/Boot.php(325): CodeIgniter\CodeIgniter->run()
#5 /home/carttalog/public_html/system/Boot.php(67): CodeIgniter\Boot::runCodeIgniter(Object(CodeIgniter\CodeIgniter))
#6 /home/carttalog/public_html/index.php(56): CodeIgniter\Boot::bootWeb(Object(Config\Paths))
#7 {main}
[Method: GET, Route: ar/blog/tag/%D8%A7%D9%84%D8%AD%D8%B2%D9%85]
in SYSTEMPATH/Helpers/number_helper.php on line 140.
 1 [internal function]: CodeIgniter\Debug\Exceptions->shutdownHandler()
INFO - 2025-02-01 15:53:59 --> Session: Class initialized using 'CodeIgniter\Session\Handlers\DatabaseHandler' driver.
INFO - 2025-02-01 15:54:20 --> Session: Class initialized using 'CodeIgniter\Session\Handlers\DatabaseHandler' driver.
INFO - 2025-02-01 15:54:21 --> Session: Class initialized using 'CodeIgniter\Session\Handlers\DatabaseHandler' driver.
INFO - 2025-02-01 15:54:22 --> Session: Class initialized using 'CodeIgniter\Session\Handlers\DatabaseHandler' driver.
INFO - 2025-02-01 15:54:24 --> Session: Class initialized using 'CodeIgniter\Session\Handlers\DatabaseHandler' driver.
INFO - 2025-02-01 15:54:25 --> Session: Class initialized using 'CodeIgniter\Session\Handlers\DatabaseHandler' driver.
INFO - 2025-02-01 15:54:26 --> Session: Class initialized using 'CodeIgniter\Session\Handlers\DatabaseHandler' driver.
INFO - 2025-02-01 15:55:39 --> Session: Class initialized using 'CodeIgniter\Session\Handlers\DatabaseHandler' driver.
INFO - 2025-02-01 15:56:01 --> Session: Class initialized using 'CodeIgniter\Session\Handlers\DatabaseHandler' driver.
INFO - 2025-02-01 15:57:29 --> Session: Class initialized using 'CodeIgniter\Session\Handlers\DatabaseHandler' driver.
INFO - 2025-02-01 15:58:48 --> Session: Class initialized using 'CodeIgniter\Session\Handlers\DatabaseHandler' driver.
INFO - 2025-02-01 16:11:20 --> Session: Class initialized using 'CodeIgniter\Session\Handlers\DatabaseHandler' driver.
INFO - 2025-02-01 16:13:33 --> Session: Class initialized using 'CodeIgniter\Session\Handlers\DatabaseHandler' driver.
INFO - 2025-02-01 16:16:16 --> Session: Class initialized using 'CodeIgniter\Session\Handlers\DatabaseHandler' driver.
INFO - 2025-02-01 16:16:50 --> Session: Class initialized using 'CodeIgniter\Session\Handlers\DatabaseHandler' driver.
INFO - 2025-02-01 16:20:45 --> Session: Class initialized using 'CodeIgniter\Session\Handlers\DatabaseHandler' driver.
INFO - 2025-02-01 16:26:42 --> Session: Class initialized using 'CodeIgniter\Session\Handlers\DatabaseHandler' driver.
INFO - 2025-02-01 16:33:01 --> Session: Class initialized using 'CodeIgniter\Session\Handlers\DatabaseHandler' driver.
INFO - 2025-02-01 16:33:11 --> Session: Class initialized using 'CodeIgniter\Session\Handlers\DatabaseHandler' driver.
INFO - 2025-02-01 16:39:15 --> Session: Class initialized using 'CodeIgniter\Session\Handlers\DatabaseHandler' driver.
INFO - 2025-02-01 16:43:58 --> Session: Class initialized using 'CodeIgniter\Session\Handlers\DatabaseHandler' driver.
INFO - 2025-02-01 16:45:55 --> Session: Class initialized using 'CodeIgniter\Session\Handlers\DatabaseHandler' driver.
INFO - 2025-02-01 16:49:57 --> Session: Class initialized using 'CodeIgniter\Session\Handlers\DatabaseHandler' driver.
INFO - 2025-02-01 16:53:35 --> Session: Class initialized using 'CodeIgniter\Session\Handlers\DatabaseHandler' driver.
INFO - 2025-02-01 16:55:04 --> Session: Class initialized using 'CodeIgniter\Session\Handlers\DatabaseHandler' driver.
INFO - 2025-02-01 16:55:09 --> Session: Class initialized using 'CodeIgniter\Session\Handlers\DatabaseHandler' driver.
INFO - 2025-02-01 16:57:48 --> Session: Class initialized using 'CodeIgniter\Session\Handlers\DatabaseHandler' driver.
INFO - 2025-02-01 16:59:34 --> Session: Class initialized using 'CodeIgniter\Session\Handlers\DatabaseHandler' driver.
INFO - 2025-02-01 16:59:40 --> Session: Class initialized using 'CodeIgniter\Session\Handlers\DatabaseHandler' driver.
INFO - 2025-02-01 17:00:10 --> Session: Class initialized using 'CodeIgniter\Session\Handlers\DatabaseHandler' driver.
INFO - 2025-02-01 17:00:53 --> Session: Class initialized using 'CodeIgniter\Session\Handlers\DatabaseHandler' driver.
INFO - 2025-02-01 17:00:57 --> Session: Class initialized using 'CodeIgniter\Session\Handlers\DatabaseHandler' driver.
INFO - 2025-02-01 17:13:09 --> Session: Class initialized using 'CodeIgniter\Session\Handlers\DatabaseHandler' driver.
INFO - 2025-02-01 17:13:12 --> Session: Class initialized using 'CodeIgniter\Session\Handlers\DatabaseHandler' driver.
INFO - 2025-02-01 17:21:40 --> Session: Class initialized using 'CodeIgniter\Session\Handlers\DatabaseHandler' driver.
INFO - 2025-02-01 17:23:33 --> Session: Class initialized using 'CodeIgniter\Session\Handlers\DatabaseHandler' driver.
INFO - 2025-02-01 17:30:23 --> Session: Class initialized using 'CodeIgniter\Session\Handlers\DatabaseHandler' driver.
INFO - 2025-02-01 17:37:16 --> Session: Class initialized using 'CodeIgniter\Session\Handlers\DatabaseHandler' driver.
INFO - 2025-02-01 17:37:18 --> Session: Class initialized using 'CodeIgniter\Session\Handlers\DatabaseHandler' driver.
INFO - 2025-02-01 17:37:42 --> Session: Class initialized using 'CodeIgniter\Session\Handlers\DatabaseHandler' driver.
INFO - 2025-02-01 17:38:26 --> Session: Class initialized using 'CodeIgniter\Session\Handlers\DatabaseHandler' driver.
INFO - 2025-02-01 17:39:02 --> Session: Class initialized using 'CodeIgniter\Session\Handlers\DatabaseHandler' driver.
INFO - 2025-02-01 17:39:43 --> Session: Class initialized using 'CodeIgniter\Session\Handlers\DatabaseHandler' driver.
INFO - 2025-02-01 17:40:14 --> Session: Class initialized using 'CodeIgniter\Session\Handlers\DatabaseHandler' driver.
INFO - 2025-02-01 17:50:03 --> Session: Class initialized using 'CodeIgniter\Session\Handlers\DatabaseHandler' driver.
INFO - 2025-02-01 17:52:04 --> Session: Class initialized using 'CodeIgniter\Session\Handlers\DatabaseHandler' driver.
INFO - 2025-02-01 17:52:09 --> Session: Class initialized using 'CodeIgniter\Session\Handlers\DatabaseHandler' driver.
INFO - 2025-02-01 17:54:40 --> Session: Class initialized using 'CodeIgniter\Session\Handlers\DatabaseHandler' driver.
INFO - 2025-02-01 17:57:25 --> Session: Class initialized using 'CodeIgniter\Session\Handlers\DatabaseHandler' driver.
INFO - 2025-02-01 17:59:08 --> Session: Class initialized using 'CodeIgniter\Session\Handlers\DatabaseHandler' driver.
INFO - 2025-02-01 18:04:55 --> Session: Class initialized using 'CodeIgniter\Session\Handlers\DatabaseHandler' driver.
INFO - 2025-02-01 18:06:02 --> Session: Class initialized using 'CodeIgniter\Session\Handlers\DatabaseHandler' driver.
INFO - 2025-02-01 18:06:33 --> Session: Class initialized using 'CodeIgniter\Session\Handlers\DatabaseHandler' driver.
INFO - 2025-02-01 18:22:30 --> Session: Class initialized using 'CodeIgniter\Session\Handlers\DatabaseHandler' driver.
INFO - 2025-02-01 18:22:52 --> Session: Class initialized using 'CodeIgniter\Session\Handlers\DatabaseHandler' driver.
INFO - 2025-02-01 18:26:20 --> Session: Class initialized using 'CodeIgniter\Session\Handlers\DatabaseHandler' driver.
INFO - 2025-02-01 18:28:26 --> Session: Class initialized using 'CodeIgniter\Session\Handlers\DatabaseHandler' driver.
INFO - 2025-02-01 18:28:26 --> CSRF token verified.
INFO - 2025-02-01 18:30:50 --> Session: Class initialized using 'CodeIgniter\Session\Handlers\DatabaseHandler' driver.
INFO - 2025-02-01 18:31:09 --> Session: Class initialized using 'CodeIgniter\Session\Handlers\DatabaseHandler' driver.
INFO - 2025-02-01 18:31:45 --> Session: Class initialized using 'CodeIgniter\Session\Handlers\DatabaseHandler' driver.
INFO - 2025-02-01 18:34:09 --> Session: Class initialized using 'CodeIgniter\Session\Handlers\DatabaseHandler' driver.
INFO - 2025-02-01 18:34:17 --> Session: Class initialized using 'CodeIgniter\Session\Handlers\DatabaseHandler' driver.
INFO - 2025-02-01 18:34:48 --> Session: Class initialized using 'CodeIgniter\Session\Handlers\DatabaseHandler' driver.
INFO - 2025-02-01 18:37:12 --> Session: Class initialized using 'CodeIgniter\Session\Handlers\DatabaseHandler' driver.
INFO - 2025-02-01 18:37:54 --> Session: Class initialized using 'CodeIgniter\Session\Handlers\DatabaseHandler' driver.
INFO - 2025-02-01 18:44:01 --> Session: Class initialized using 'CodeIgniter\Session\Handlers\DatabaseHandler' driver.
INFO - 2025-02-01 18:46:13 --> Session: Class initialized using 'CodeIgniter\Session\Handlers\DatabaseHandler' driver.
INFO - 2025-02-01 18:46:48 --> Session: Class initialized using 'CodeIgniter\Session\Handlers\DatabaseHandler' driver.
INFO - 2025-02-01 18:48:02 --> Session: Class initialized using 'CodeIgniter\Session\Handlers\DatabaseHandler' driver.
INFO - 2025-02-01 18:49:11 --> Session: Class initialized using 'CodeIgniter\Session\Handlers\DatabaseHandler' driver.
INFO - 2025-02-01 18:51:53 --> Session: Class initialized using 'CodeIgniter\Session\Handlers\DatabaseHandler' driver.
INFO - 2025-02-01 18:59:07 --> Session: Class initialized using 'CodeIgniter\Session\Handlers\DatabaseHandler' driver.
INFO - 2025-02-01 18:59:49 --> Session: Class initialized using 'CodeIgniter\Session\Handlers\DatabaseHandler' driver.
INFO - 2025-02-01 19:03:24 --> Session: Class initialized using 'CodeIgniter\Session\Handlers\DatabaseHandler' driver.
INFO - 2025-02-01 19:03:33 --> Session: Class initialized using 'CodeIgniter\Session\Handlers\DatabaseHandler' driver.
INFO - 2025-02-01 19:04:29 --> Session: Class initialized using 'CodeIgniter\Session\Handlers\DatabaseHandler' driver.
INFO - 2025-02-01 19:04:52 --> Session: Class initialized using 'CodeIgniter\Session\Handlers\DatabaseHandler' driver.
INFO - 2025-02-01 19:06:26 --> Session: Class initialized using 'CodeIgniter\Session\Handlers\DatabaseHandler' driver.
INFO - 2025-02-01 19:17:11 --> Session: Class initialized using 'CodeIgniter\Session\Handlers\DatabaseHandler' driver.
INFO - 2025-02-01 19:21:45 --> Session: Class initialized using 'CodeIgniter\Session\Handlers\DatabaseHandler' driver.
INFO - 2025-02-01 19:23:23 --> Session: Class initialized using 'CodeIgniter\Session\Handlers\DatabaseHandler' driver.
INFO - 2025-02-01 19:25:35 --> Session: Class initialized using 'CodeIgniter\Session\Handlers\DatabaseHandler' driver.
INFO - 2025-02-01 19:26:31 --> Session: Class initialized using 'CodeIgniter\Session\Handlers\DatabaseHandler' driver.
INFO - 2025-02-01 19:27:46 --> Session: Class initialized using 'CodeIgniter\Session\Handlers\DatabaseHandler' driver.
INFO - 2025-02-01 19:35:14 --> Session: Class initialized using 'CodeIgniter\Session\Handlers\DatabaseHandler' driver.
INFO - 2025-02-01 19:36:31 --> Session: Class initialized using 'CodeIgniter\Session\Handlers\DatabaseHandler' driver.
INFO - 2025-02-01 19:38:57 --> Session: Class initialized using 'CodeIgniter\Session\Handlers\DatabaseHandler' driver.
INFO - 2025-02-01 19:39:20 --> Session: Class initialized using 'CodeIgniter\Session\Handlers\DatabaseHandler' driver.
INFO - 2025-02-01 19:53:33 --> Session: Class initialized using 'CodeIgniter\Session\Handlers\DatabaseHandler' driver.
INFO - 2025-02-01 19:56:20 --> Session: Class initialized using 'CodeIgniter\Session\Handlers\DatabaseHandler' driver.
INFO - 2025-02-01 20:06:16 --> Session: Class initialized using 'CodeIgniter\Session\Handlers\DatabaseHandler' driver.
INFO - 2025-02-01 20:06:36 --> Session: Class initialized using 'CodeIgniter\Session\Handlers\DatabaseHandler' driver.
INFO - 2025-02-01 20:09:54 --> Session: Class initialized using 'CodeIgniter\Session\Handlers\DatabaseHandler' driver.
CRITICAL - 2025-02-01 20:09:54 --> CodeIgniter\HTTP\Exceptions\BadRequestException: The URI you submitted has disallowed characters: "اعمال"
[Method: GET, Route: ar/blog/%D8%A7%D8%B9%D9%85%D8%A7%D9%84]
in SYSTEMPATH/Router/Router.php on line 737.
 1 SYSTEMPATH/Router/Router.php(204): CodeIgniter\Router\Router->checkDisallowedChars('ar/blog/اعمال')
 2 SYSTEMPATH/CodeIgniter.php(834): CodeIgniter\Router\Router->handle('ar/blog/اعمال')
 3 SYSTEMPATH/CodeIgniter.php(457): CodeIgniter\CodeIgniter->tryToRouteIt(Object(CodeIgniter\Router\RouteCollection))
 4 SYSTEMPATH/CodeIgniter.php(355): CodeIgniter\CodeIgniter->handleRequest(null, Object(Config\Cache), false)
 5 SYSTEMPATH/Boot.php(325): CodeIgniter\CodeIgniter->run()
 6 SYSTEMPATH/Boot.php(67): CodeIgniter\Boot::runCodeIgniter(Object(CodeIgniter\CodeIgniter))
 7 FCPATH/index.php(56): CodeIgniter\Boot::bootWeb(Object(Config\Paths))
CRITICAL - 2025-02-01 20:09:54 --> ErrorException: Uncaught Error: Class "Locale" not found in /home/carttalog/public_html/system/Helpers/number_helper.php:140
Stack trace:
#0 /home/carttalog/public_html/system/Helpers/number_helper.php(58): format_number(10.0, 2, NULL, Array)
#1 /home/carttalog/public_html/system/Debug/BaseExceptionHandler.php(154): number_to_size(10.0, 2)
#2 /home/carttalog/public_html/app/Views/errors/html/error_exception.php(365): CodeIgniter\Debug\BaseExceptionHandler::describeMemory(10485760)
#3 /home/carttalog/public_html/system/Debug/BaseExceptionHandler.php(266): include('/home/carttalog...')
#4 /home/carttalog/public_html/system/Debug/BaseExceptionHandler.php(269): CodeIgniter\Debug\BaseExceptionHandler->CodeIgniter\Debug\{closure}()
#5 /home/carttalog/public_html/system/Debug/ExceptionHandler.php(114): CodeIgniter\Debug\BaseExceptionHandler->render(Object(CodeIgniter\HTTP\Exceptions\BadRequestException), 400, '/home/carttalog...')
#6 /home/carttalog/public_html/system/Debug/Exceptions.php(163): CodeIgniter\Debug\ExceptionHandler->handle(Object(CodeIgniter\HTTP\Exceptions\BadRequestException), Object(CodeIgniter\HTTP\IncomingRequest), Object(CodeIgniter\HTTP\Response), 400, 1)
#7 [internal function]: CodeIgniter\Debug\Exceptions->exceptionHandler(Object(CodeIgniter\HTTP\Exceptions\BadRequestException))
#8 {main}
  thrown
【Previous Exception】
CodeIgniter\HTTP\Exceptions\BadRequestException
The URI you submitted has disallowed characters: "اعمال"
#0 /home/carttalog/public_html/system/Router/Router.php(204): CodeIgniter\Router\Router->checkDisallowedChars('ar/blog/\xD8\xA7\xD8\xB9\xD9\x85\xD8...')
#1 /home/carttalog/public_html/system/CodeIgniter.php(834): CodeIgniter\Router\Router->handle('ar/blog/\xD8\xA7\xD8\xB9\xD9\x85\xD8...')
#2 /home/carttalog/public_html/system/CodeIgniter.php(457): CodeIgniter\CodeIgniter->tryToRouteIt(Object(CodeIgniter\Router\RouteCollection))
#3 /home/carttalog/public_html/system/CodeIgniter.php(355): CodeIgniter\CodeIgniter->handleRequest(NULL, Object(Config\Cache), false)
#4 /home/carttalog/public_html/system/Boot.php(325): CodeIgniter\CodeIgniter->run()
#5 /home/carttalog/public_html/system/Boot.php(67): CodeIgniter\Boot::runCodeIgniter(Object(CodeIgniter\CodeIgniter))
#6 /home/carttalog/public_html/index.php(56): CodeIgniter\Boot::bootWeb(Object(Config\Paths))
#7 {main}
[Method: GET, Route: ar/blog/%D8%A7%D8%B9%D9%85%D8%A7%D9%84]
in SYSTEMPATH/Helpers/number_helper.php on line 140.
 1 [internal function]: CodeIgniter\Debug\Exceptions->shutdownHandler()
INFO - 2025-02-01 20:10:05 --> Session: Class initialized using 'CodeIgniter\Session\Handlers\DatabaseHandler' driver.
CRITICAL - 2025-02-01 20:10:05 --> CodeIgniter\HTTP\Exceptions\BadRequestException: The URI you submitted has disallowed characters: "اعمال"
[Method: GET, Route: ar/blog/%D8%A7%D8%B9%D9%85%D8%A7%D9%84/%D8%A7%D9%84%D8%B9%D8%AF%D9%8A%D8%AF-%D9%85%D9%86-%D8%AD%D8%B2%D9%85-%D8%A7%D9%84%D9%86%D8%B4%D8%B1-%D8%A7%D9%84%D9%85%D9%83%D8%AA%D8%A8%D9%8A]
in SYSTEMPATH/Router/Router.php on line 737.
 1 SYSTEMPATH/Router/Router.php(204): CodeIgniter\Router\Router->checkDisallowedChars('ar/blog/اعمال/العديد-من-حزم-النشر-المكتبي')
 2 SYSTEMPATH/CodeIgniter.php(834): CodeIgniter\Router\Router->handle('ar/blog/اعمال/العديد-من-حزم-النشر-المكتبي')
 3 SYSTEMPATH/CodeIgniter.php(457): CodeIgniter\CodeIgniter->tryToRouteIt(Object(CodeIgniter\Router\RouteCollection))
 4 SYSTEMPATH/CodeIgniter.php(355): CodeIgniter\CodeIgniter->handleRequest(null, Object(Config\Cache), false)
 5 SYSTEMPATH/Boot.php(325): CodeIgniter\CodeIgniter->run()
 6 SYSTEMPATH/Boot.php(67): CodeIgniter\Boot::runCodeIgniter(Object(CodeIgniter\CodeIgniter))
 7 FCPATH/index.php(56): CodeIgniter\Boot::bootWeb(Object(Config\Paths))
CRITICAL - 2025-02-01 20:10:05 --> ErrorException: Uncaught Error: Class "Locale" not found in /home/carttalog/public_html/system/Helpers/number_helper.php:140
Stack trace:
#0 /home/carttalog/public_html/system/Helpers/number_helper.php(58): format_number(10.0, 2, NULL, Array)
#1 /home/carttalog/public_html/system/Debug/BaseExceptionHandler.php(154): number_to_size(10.0, 2)
#2 /home/carttalog/public_html/app/Views/errors/html/error_exception.php(365): CodeIgniter\Debug\BaseExceptionHandler::describeMemory(10485760)
#3 /home/carttalog/public_html/system/Debug/BaseExceptionHandler.php(266): include('/home/carttalog...')
#4 /home/carttalog/public_html/system/Debug/BaseExceptionHandler.php(269): CodeIgniter\Debug\BaseExceptionHandler->CodeIgniter\Debug\{closure}()
#5 /home/carttalog/public_html/system/Debug/ExceptionHandler.php(114): CodeIgniter\Debug\BaseExceptionHandler->render(Object(CodeIgniter\HTTP\Exceptions\BadRequestException), 400, '/home/carttalog...')
#6 /home/carttalog/public_html/system/Debug/Exceptions.php(163): CodeIgniter\Debug\ExceptionHandler->handle(Object(CodeIgniter\HTTP\Exceptions\BadRequestException), Object(CodeIgniter\HTTP\IncomingRequest), Object(CodeIgniter\HTTP\Response), 400, 1)
#7 [internal function]: CodeIgniter\Debug\Exceptions->exceptionHandler(Object(CodeIgniter\HTTP\Exceptions\BadRequestException))
#8 {main}
  thrown
【Previous Exception】
CodeIgniter\HTTP\Exceptions\BadRequestException
The URI you submitted has disallowed characters: "اعمال"
#0 /home/carttalog/public_html/system/Router/Router.php(204): CodeIgniter\Router\Router->checkDisallowedChars('ar/blog/\xD8\xA7\xD8\xB9\xD9\x85\xD8...')
#1 /home/carttalog/public_html/system/CodeIgniter.php(834): CodeIgniter\Router\Router->handle('ar/blog/\xD8\xA7\xD8\xB9\xD9\x85\xD8...')
#2 /home/carttalog/public_html/system/CodeIgniter.php(457): CodeIgniter\CodeIgniter->tryToRouteIt(Object(CodeIgniter\Router\RouteCollection))
#3 /home/carttalog/public_html/system/CodeIgniter.php(355): CodeIgniter\CodeIgniter->handleRequest(NULL, Object(Config\Cache), false)
#4 /home/carttalog/public_html/system/Boot.php(325): CodeIgniter\CodeIgniter->run()
#5 /home/carttalog/public_html/system/Boot.php(67): CodeIgniter\Boot::runCodeIgniter(Object(CodeIgniter\CodeIgniter))
#6 /home/carttalog/public_html/index.php(56): CodeIgniter\Boot::bootWeb(Object(Config\Paths))
#7 {main}
[Method: GET, Route: ar/blog/%D8%A7%D8%B9%D9%85%D8%A7%D9%84/%D8%A7%D9%84%D8%B9%D8%AF%D9%8A%D8%AF-%D9%85%D9%86-%D8%AD%D8%B2%D9%85-%D8%A7%D9%84%D9%86%D8%B4%D8%B1-%D8%A7%D9%84%D9%85%D9%83%D8%AA%D8%A8%D9%8A]
in SYSTEMPATH/Helpers/number_helper.php on line 140.
 1 [internal function]: CodeIgniter\Debug\Exceptions->shutdownHandler()
INFO - 2025-02-01 20:10:15 --> Session: Class initialized using 'CodeIgniter\Session\Handlers\DatabaseHandler' driver.
CRITICAL - 2025-02-01 20:10:15 --> CodeIgniter\HTTP\Exceptions\BadRequestException: The URI you submitted has disallowed characters: "اعمال"
[Method: GET, Route: ar/blog/%D8%A7%D8%B9%D9%85%D8%A7%D9%84/%D8%AE%D9%84%D8%A7%D9%81%D8%A7-%D9%84%D9%84%D8%A7%D8%B9%D8%AA%D9%82%D8%A7%D8%AF-%D8%A7%D9%84%D8%B4%D8%A7%D8%A6%D8%B9-%D9%84%D9%8A%D8%B3-%D9%85%D8%AC%D8%B1%D8%AF-%D9%86%D8%B5-%D8%B9%D8%B4%D9%88%D8%A7%D8%A6%D9%8A]
in SYSTEMPATH/Router/Router.php on line 737.
 1 SYSTEMPATH/Router/Router.php(204): CodeIgniter\Router\Router->checkDisallowedChars('ar/blog/اعمال/خلافا-للاعتقاد-الشائع-ليس-مجرد-نص-عشوائي')
 2 SYSTEMPATH/CodeIgniter.php(834): CodeIgniter\Router\Router->handle('ar/blog/اعمال/خلافا-للاعتقاد-الشائع-ليس-مجرد-نص-عشوائي')
 3 SYSTEMPATH/CodeIgniter.php(457): CodeIgniter\CodeIgniter->tryToRouteIt(Object(CodeIgniter\Router\RouteCollection))
 4 SYSTEMPATH/CodeIgniter.php(355): CodeIgniter\CodeIgniter->handleRequest(null, Object(Config\Cache), false)
 5 SYSTEMPATH/Boot.php(325): CodeIgniter\CodeIgniter->run()
 6 SYSTEMPATH/Boot.php(67): CodeIgniter\Boot::runCodeIgniter(Object(CodeIgniter\CodeIgniter))
 7 FCPATH/index.php(56): CodeIgniter\Boot::bootWeb(Object(Config\Paths))
CRITICAL - 2025-02-01 20:10:15 --> ErrorException: Uncaught Error: Class "Locale" not found in /home/carttalog/public_html/system/Helpers/number_helper.php:140
Stack trace:
#0 /home/carttalog/public_html/system/Helpers/number_helper.php(58): format_number(12.0, 2, NULL, Array)
#1 /home/carttalog/public_html/system/Debug/BaseExceptionHandler.php(154): number_to_size(12.0, 2)
#2 /home/carttalog/public_html/app/Views/errors/html/error_exception.php(365): CodeIgniter\Debug\BaseExceptionHandler::describeMemory(12582912)
#3 /home/carttalog/public_html/system/Debug/BaseExceptionHandler.php(266): include('/home/carttalog...')
#4 /home/carttalog/public_html/system/Debug/BaseExceptionHandler.php(269): CodeIgniter\Debug\BaseExceptionHandler->CodeIgniter\Debug\{closure}()
#5 /home/carttalog/public_html/system/Debug/ExceptionHandler.php(114): CodeIgniter\Debug\BaseExceptionHandler->render(Object(CodeIgniter\HTTP\Exceptions\BadRequestException), 400, '/home/carttalog...')
#6 /home/carttalog/public_html/system/Debug/Exceptions.php(163): CodeIgniter\Debug\ExceptionHandler->handle(Object(CodeIgniter\HTTP\Exceptions\BadRequestException), Object(CodeIgniter\HTTP\IncomingRequest), Object(CodeIgniter\HTTP\Response), 400, 1)
#7 [internal function]: CodeIgniter\Debug\Exceptions->exceptionHandler(Object(CodeIgniter\HTTP\Exceptions\BadRequestException))
#8 {main}
  thrown
【Previous Exception】
CodeIgniter\HTTP\Exceptions\BadRequestException
The URI you submitted has disallowed characters: "اعمال"
#0 /home/carttalog/public_html/system/Router/Router.php(204): CodeIgniter\Router\Router->checkDisallowedChars('ar/blog/\xD8\xA7\xD8\xB9\xD9\x85\xD8...')
#1 /home/carttalog/public_html/system/CodeIgniter.php(834): CodeIgniter\Router\Router->handle('ar/blog/\xD8\xA7\xD8\xB9\xD9\x85\xD8...')
#2 /home/carttalog/public_html/system/CodeIgniter.php(457): CodeIgniter\CodeIgniter->tryToRouteIt(Object(CodeIgniter\Router\RouteCollection))
#3 /home/carttalog/public_html/system/CodeIgniter.php(355): CodeIgniter\CodeIgniter->handleRequest(NULL, Object(Config\Cache), false)
#4 /home/carttalog/public_html/system/Boot.php(325): CodeIgniter\CodeIgniter->run()
#5 /home/carttalog/public_html/system/Boot.php(67): CodeIgniter\Boot::runCodeIgniter(Object(CodeIgniter\CodeIgniter))
#6 /home/carttalog/public_html/index.php(56): CodeIgniter\Boot::bootWeb(Object(Config\Paths))
#7 {main}
[Method: GET, Route: ar/blog/%D8%A7%D8%B9%D9%85%D8%A7%D9%84/%D8%AE%D9%84%D8%A7%D9%81%D8%A7-%D9%84%D9%84%D8%A7%D8%B9%D8%AA%D9%82%D8%A7%D8%AF-%D8%A7%D9%84%D8%B4%D8%A7%D8%A6%D8%B9-%D9%84%D9%8A%D8%B3-%D9%85%D8%AC%D8%B1%D8%AF-%D9%86%D8%B5-%D8%B9%D8%B4%D9%88%D8%A7%D8%A6%D9%8A]
in SYSTEMPATH/Helpers/number_helper.php on line 140.
 1 [internal function]: CodeIgniter\Debug\Exceptions->shutdownHandler()
INFO - 2025-02-01 20:10:23 --> Session: Class initialized using 'CodeIgniter\Session\Handlers\DatabaseHandler' driver.
CRITICAL - 2025-02-01 20:10:23 --> CodeIgniter\HTTP\Exceptions\BadRequestException: The URI you submitted has disallowed characters: "اعمال"
[Method: GET, Route: ar/blog/%D8%A7%D8%B9%D9%85%D8%A7%D9%84/%D8%B8%D8%B1%D9%88%D9%81-%D9%85%D8%B9%D9%8A%D9%86%D8%A9-%D9%88%D8%A8%D8%B3%D8%A8%D8%A8-%D8%A7%D9%84%D9%85%D8%B7%D8%A7%D9%84%D8%A8%D8%A7%D8%AA]
in SYSTEMPATH/Router/Router.php on line 737.
 1 SYSTEMPATH/Router/Router.php(204): CodeIgniter\Router\Router->checkDisallowedChars('ar/blog/اعمال/ظروف-معينة-وبسبب-المطالبات')
 2 SYSTEMPATH/CodeIgniter.php(834): CodeIgniter\Router\Router->handle('ar/blog/اعمال/ظروف-معينة-وبسبب-المطالبات')
 3 SYSTEMPATH/CodeIgniter.php(457): CodeIgniter\CodeIgniter->tryToRouteIt(Object(CodeIgniter\Router\RouteCollection))
 4 SYSTEMPATH/CodeIgniter.php(355): CodeIgniter\CodeIgniter->handleRequest(null, Object(Config\Cache), false)
 5 SYSTEMPATH/Boot.php(325): CodeIgniter\CodeIgniter->run()
 6 SYSTEMPATH/Boot.php(67): CodeIgniter\Boot::runCodeIgniter(Object(CodeIgniter\CodeIgniter))
 7 FCPATH/index.php(56): CodeIgniter\Boot::bootWeb(Object(Config\Paths))
CRITICAL - 2025-02-01 20:10:23 --> ErrorException: Uncaught Error: Class "Locale" not found in /home/carttalog/public_html/system/Helpers/number_helper.php:140
Stack trace:
#0 /home/carttalog/public_html/system/Helpers/number_helper.php(58): format_number(12.0, 2, NULL, Array)
#1 /home/carttalog/public_html/system/Debug/BaseExceptionHandler.php(154): number_to_size(12.0, 2)
#2 /home/carttalog/public_html/app/Views/errors/html/error_exception.php(365): CodeIgniter\Debug\BaseExceptionHandler::describeMemory(12582912)
#3 /home/carttalog/public_html/system/Debug/BaseExceptionHandler.php(266): include('/home/carttalog...')
#4 /home/carttalog/public_html/system/Debug/BaseExceptionHandler.php(269): CodeIgniter\Debug\BaseExceptionHandler->CodeIgniter\Debug\{closure}()
#5 /home/carttalog/public_html/system/Debug/ExceptionHandler.php(114): CodeIgniter\Debug\BaseExceptionHandler->render(Object(CodeIgniter\HTTP\Exceptions\BadRequestException), 400, '/home/carttalog...')
#6 /home/carttalog/public_html/system/Debug/Exceptions.php(163): CodeIgniter\Debug\ExceptionHandler->handle(Object(CodeIgniter\HTTP\Exceptions\BadRequestException), Object(CodeIgniter\HTTP\IncomingRequest), Object(CodeIgniter\HTTP\Response), 400, 1)
#7 [internal function]: CodeIgniter\Debug\Exceptions->exceptionHandler(Object(CodeIgniter\HTTP\Exceptions\BadRequestException))
#8 {main}
  thrown
【Previous Exception】
CodeIgniter\HTTP\Exceptions\BadRequestException
The URI you submitted has disallowed characters: "اعمال"
#0 /home/carttalog/public_html/system/Router/Router.php(204): CodeIgniter\Router\Router->checkDisallowedChars('ar/blog/\xD8\xA7\xD8\xB9\xD9\x85\xD8...')
#1 /home/carttalog/public_html/system/CodeIgniter.php(834): CodeIgniter\Router\Router->handle('ar/blog/\xD8\xA7\xD8\xB9\xD9\x85\xD8...')
#2 /home/carttalog/public_html/system/CodeIgniter.php(457): CodeIgniter\CodeIgniter->tryToRouteIt(Object(CodeIgniter\Router\RouteCollection))
#3 /home/carttalog/public_html/system/CodeIgniter.php(355): CodeIgniter\CodeIgniter->handleRequest(NULL, Object(Config\Cache), false)
#4 /home/carttalog/public_html/system/Boot.php(325): CodeIgniter\CodeIgniter->run()
#5 /home/carttalog/public_html/system/Boot.php(67): CodeIgniter\Boot::runCodeIgniter(Object(CodeIgniter\CodeIgniter))
#6 /home/carttalog/public_html/index.php(56): CodeIgniter\Boot::bootWeb(Object(Config\Paths))
#7 {main}
[Method: GET, Route: ar/blog/%D8%A7%D8%B9%D9%85%D8%A7%D9%84/%D8%B8%D8%B1%D9%88%D9%81-%D9%85%D8%B9%D9%8A%D9%86%D8%A9-%D9%88%D8%A8%D8%B3%D8%A8%D8%A8-%D8%A7%D9%84%D9%85%D8%B7%D8%A7%D9%84%D8%A8%D8%A7%D8%AA]
in SYSTEMPATH/Helpers/number_helper.php on line 140.
 1 [internal function]: CodeIgniter\Debug\Exceptions->shutdownHandler()
INFO - 2025-02-01 20:10:32 --> Session: Class initialized using 'CodeIgniter\Session\Handlers\DatabaseHandler' driver.
CRITICAL - 2025-02-01 20:10:32 --> CodeIgniter\HTTP\Exceptions\BadRequestException: The URI you submitted has disallowed characters: "لايف-ستايل"
[Method: GET, Route: ar/blog/%D9%84%D8%A7%D9%8A%D9%81-%D8%B3%D8%AA%D8%A7%D9%8A%D9%84]
in SYSTEMPATH/Router/Router.php on line 737.
 1 SYSTEMPATH/Router/Router.php(204): CodeIgniter\Router\Router->checkDisallowedChars('ar/blog/لايف-ستايل')
 2 SYSTEMPATH/CodeIgniter.php(834): CodeIgniter\Router\Router->handle('ar/blog/لايف-ستايل')
 3 SYSTEMPATH/CodeIgniter.php(457): CodeIgniter\CodeIgniter->tryToRouteIt(Object(CodeIgniter\Router\RouteCollection))
 4 SYSTEMPATH/CodeIgniter.php(355): CodeIgniter\CodeIgniter->handleRequest(null, Object(Config\Cache), false)
 5 SYSTEMPATH/Boot.php(325): CodeIgniter\CodeIgniter->run()
 6 SYSTEMPATH/Boot.php(67): CodeIgniter\Boot::runCodeIgniter(Object(CodeIgniter\CodeIgniter))
 7 FCPATH/index.php(56): CodeIgniter\Boot::bootWeb(Object(Config\Paths))
CRITICAL - 2025-02-01 20:10:32 --> ErrorException: Uncaught Error: Class "Locale" not found in /home/carttalog/public_html/system/Helpers/number_helper.php:140
Stack trace:
#0 /home/carttalog/public_html/system/Helpers/number_helper.php(58): format_number(10.0, 2, NULL, Array)
#1 /home/carttalog/public_html/system/Debug/BaseExceptionHandler.php(154): number_to_size(10.0, 2)
#2 /home/carttalog/public_html/app/Views/errors/html/error_exception.php(365): CodeIgniter\Debug\BaseExceptionHandler::describeMemory(10485760)
#3 /home/carttalog/public_html/system/Debug/BaseExceptionHandler.php(266): include('/home/carttalog...')
#4 /home/carttalog/public_html/system/Debug/BaseExceptionHandler.php(269): CodeIgniter\Debug\BaseExceptionHandler->CodeIgniter\Debug\{closure}()
#5 /home/carttalog/public_html/system/Debug/ExceptionHandler.php(114): CodeIgniter\Debug\BaseExceptionHandler->render(Object(CodeIgniter\HTTP\Exceptions\BadRequestException), 400, '/home/carttalog...')
#6 /home/carttalog/public_html/system/Debug/Exceptions.php(163): CodeIgniter\Debug\ExceptionHandler->handle(Object(CodeIgniter\HTTP\Exceptions\BadRequestException), Object(CodeIgniter\HTTP\IncomingRequest), Object(CodeIgniter\HTTP\Response), 400, 1)
#7 [internal function]: CodeIgniter\Debug\Exceptions->exceptionHandler(Object(CodeIgniter\HTTP\Exceptions\BadRequestException))
#8 {main}
  thrown
【Previous Exception】
CodeIgniter\HTTP\Exceptions\BadRequestException
The URI you submitted has disallowed characters: "لايف-ستايل"
#0 /home/carttalog/public_html/system/Router/Router.php(204): CodeIgniter\Router\Router->checkDisallowedChars('ar/blog/\xD9\x84\xD8\xA7\xD9\x8A\xD9...')
#1 /home/carttalog/public_html/system/CodeIgniter.php(834): CodeIgniter\Router\Router->handle('ar/blog/\xD9\x84\xD8\xA7\xD9\x8A\xD9...')
#2 /home/carttalog/public_html/system/CodeIgniter.php(457): CodeIgniter\CodeIgniter->tryToRouteIt(Object(CodeIgniter\Router\RouteCollection))
#3 /home/carttalog/public_html/system/CodeIgniter.php(355): CodeIgniter\CodeIgniter->handleRequest(NULL, Object(Config\Cache), false)
#4 /home/carttalog/public_html/system/Boot.php(325): CodeIgniter\CodeIgniter->run()
#5 /home/carttalog/public_html/system/Boot.php(67): CodeIgniter\Boot::runCodeIgniter(Object(CodeIgniter\CodeIgniter))
#6 /home/carttalog/public_html/index.php(56): CodeIgniter\Boot::bootWeb(Object(Config\Paths))
#7 {main}
[Method: GET, Route: ar/blog/%D9%84%D8%A7%D9%8A%D9%81-%D8%B3%D8%AA%D8%A7%D9%8A%D9%84]
in SYSTEMPATH/Helpers/number_helper.php on line 140.
 1 [internal function]: CodeIgniter\Debug\Exceptions->shutdownHandler()
INFO - 2025-02-01 20:10:41 --> Session: Class initialized using 'CodeIgniter\Session\Handlers\DatabaseHandler' driver.
CRITICAL - 2025-02-01 20:10:41 --> CodeIgniter\HTTP\Exceptions\BadRequestException: The URI you submitted has disallowed characters: "لايف-ستايل"
[Method: GET, Route: ar/blog/%D9%84%D8%A7%D9%8A%D9%81-%D8%B3%D8%AA%D8%A7%D9%8A%D9%84/%D8%AA%D8%B7%D9%88%D8%B1%D8%AA-%D8%A5%D8%B5%D8%AF%D8%A7%D8%B1%D8%A7%D8%AA-%D9%85%D8%AE%D8%AA%D9%84%D9%81%D8%A9-%D8%B9%D9%84%D9%89-%D9%85%D8%B1-%D8%A7%D9%84%D8%B3%D9%86%D9%8A%D9%86]
in SYSTEMPATH/Router/Router.php on line 737.
 1 SYSTEMPATH/Router/Router.php(204): CodeIgniter\Router\Router->checkDisallowedChars('ar/blog/لايف-ستايل/تطورت-إصدارات-مختلفة-على-مر-السنين')
 2 SYSTEMPATH/CodeIgniter.php(834): CodeIgniter\Router\Router->handle('ar/blog/لايف-ستايل/تطورت-إصدارات-مختلفة-على-مر-السنين')
 3 SYSTEMPATH/CodeIgniter.php(457): CodeIgniter\CodeIgniter->tryToRouteIt(Object(CodeIgniter\Router\RouteCollection))
 4 SYSTEMPATH/CodeIgniter.php(355): CodeIgniter\CodeIgniter->handleRequest(null, Object(Config\Cache), false)
 5 SYSTEMPATH/Boot.php(325): CodeIgniter\CodeIgniter->run()
 6 SYSTEMPATH/Boot.php(67): CodeIgniter\Boot::runCodeIgniter(Object(CodeIgniter\CodeIgniter))
 7 FCPATH/index.php(56): CodeIgniter\Boot::bootWeb(Object(Config\Paths))
CRITICAL - 2025-02-01 20:10:41 --> ErrorException: Uncaught Error: Class "Locale" not found in /home/carttalog/public_html/system/Helpers/number_helper.php:140
Stack trace:
#0 /home/carttalog/public_html/system/Helpers/number_helper.php(58): format_number(10.0, 2, NULL, Array)
#1 /home/carttalog/public_html/system/Debug/BaseExceptionHandler.php(154): number_to_size(10.0, 2)
#2 /home/carttalog/public_html/app/Views/errors/html/error_exception.php(365): CodeIgniter\Debug\BaseExceptionHandler::describeMemory(10485760)
#3 /home/carttalog/public_html/system/Debug/BaseExceptionHandler.php(266): include('/home/carttalog...')
#4 /home/carttalog/public_html/system/Debug/BaseExceptionHandler.php(269): CodeIgniter\Debug\BaseExceptionHandler->CodeIgniter\Debug\{closure}()
#5 /home/carttalog/public_html/system/Debug/ExceptionHandler.php(114): CodeIgniter\Debug\BaseExceptionHandler->render(Object(CodeIgniter\HTTP\Exceptions\BadRequestException), 400, '/home/carttalog...')
#6 /home/carttalog/public_html/system/Debug/Exceptions.php(163): CodeIgniter\Debug\ExceptionHandler->handle(Object(CodeIgniter\HTTP\Exceptions\BadRequestException), Object(CodeIgniter\HTTP\IncomingRequest), Object(CodeIgniter\HTTP\Response), 400, 1)
#7 [internal function]: CodeIgniter\Debug\Exceptions->exceptionHandler(Object(CodeIgniter\HTTP\Exceptions\BadRequestException))
#8 {main}
  thrown
【Previous Exception】
CodeIgniter\HTTP\Exceptions\BadRequestException
The URI you submitted has disallowed characters: "لايف-ستايل"
#0 /home/carttalog/public_html/system/Router/Router.php(204): CodeIgniter\Router\Router->checkDisallowedChars('ar/blog/\xD9\x84\xD8\xA7\xD9\x8A\xD9...')
#1 /home/carttalog/public_html/system/CodeIgniter.php(834): CodeIgniter\Router\Router->handle('ar/blog/\xD9\x84\xD8\xA7\xD9\x8A\xD9...')
#2 /home/carttalog/public_html/system/CodeIgniter.php(457): CodeIgniter\CodeIgniter->tryToRouteIt(Object(CodeIgniter\Router\RouteCollection))
#3 /home/carttalog/public_html/system/CodeIgniter.php(355): CodeIgniter\CodeIgniter->handleRequest(NULL, Object(Config\Cache), false)
#4 /home/carttalog/public_html/system/Boot.php(325): CodeIgniter\CodeIgniter->run()
#5 /home/carttalog/public_html/system/Boot.php(67): CodeIgniter\Boot::runCodeIgniter(Object(CodeIgniter\CodeIgniter))
#6 /home/carttalog/public_html/index.php(56): CodeIgniter\Boot::bootWeb(Object(Config\Paths))
#7 {main}
[Method: GET, Route: ar/blog/%D9%84%D8%A7%D9%8A%D9%81-%D8%B3%D8%AA%D8%A7%D9%8A%D9%84/%D8%AA%D8%B7%D9%88%D8%B1%D8%AA-%D8%A5%D8%B5%D8%AF%D8%A7%D8%B1%D8%A7%D8%AA-%D9%85%D8%AE%D8%AA%D9%84%D9%81%D8%A9-%D8%B9%D9%84%D9%89-%D9%85%D8%B1-%D8%A7%D9%84%D8%B3%D9%86%D9%8A%D9%86]
in SYSTEMPATH/Helpers/number_helper.php on line 140.
 1 [internal function]: CodeIgniter\Debug\Exceptions->shutdownHandler()
INFO - 2025-02-01 20:10:49 --> Session: Class initialized using 'CodeIgniter\Session\Handlers\DatabaseHandler' driver.
CRITICAL - 2025-02-01 20:10:49 --> CodeIgniter\HTTP\Exceptions\BadRequestException: The URI you submitted has disallowed characters: "لايف-ستايل"
[Method: GET, Route: ar/blog/%D9%84%D8%A7%D9%8A%D9%81-%D8%B3%D8%AA%D8%A7%D9%8A%D9%84/%D9%87%D9%86%D8%A7%D9%83-%D8%A7%D9%84%D8%B9%D8%AF%D9%8A%D8%AF-%D9%85%D9%86-%D8%A7%D9%84%D8%A7%D8%AE%D8%AA%D9%84%D8%A7%D9%81%D8%A7%D8%AA-%D9%81%D9%8A-%D8%A7%D9%84%D9%81%D9%82%D8%B1%D8%A7%D8%AA]
in SYSTEMPATH/Router/Router.php on line 737.
 1 SYSTEMPATH/Router/Router.php(204): CodeIgniter\Router\Router->checkDisallowedChars('ar/blog/لايف-ستايل/هناك-العديد-من-الاختلافات-في-الفقرات')
 2 SYSTEMPATH/CodeIgniter.php(834): CodeIgniter\Router\Router->handle('ar/blog/لايف-ستايل/هناك-العديد-من-الاختلافات-في-الفقرات')
 3 SYSTEMPATH/CodeIgniter.php(457): CodeIgniter\CodeIgniter->tryToRouteIt(Object(CodeIgniter\Router\RouteCollection))
 4 SYSTEMPATH/CodeIgniter.php(355): CodeIgniter\CodeIgniter->handleRequest(null, Object(Config\Cache), false)
 5 SYSTEMPATH/Boot.php(325): CodeIgniter\CodeIgniter->run()
 6 SYSTEMPATH/Boot.php(67): CodeIgniter\Boot::runCodeIgniter(Object(CodeIgniter\CodeIgniter))
 7 FCPATH/index.php(56): CodeIgniter\Boot::bootWeb(Object(Config\Paths))
CRITICAL - 2025-02-01 20:10:49 --> ErrorException: Uncaught Error: Class "Locale" not found in /home/carttalog/public_html/system/Helpers/number_helper.php:140
Stack trace:
#0 /home/carttalog/public_html/system/Helpers/number_helper.php(58): format_number(12.0, 2, NULL, Array)
#1 /home/carttalog/public_html/system/Debug/BaseExceptionHandler.php(154): number_to_size(12.0, 2)
#2 /home/carttalog/public_html/app/Views/errors/html/error_exception.php(365): CodeIgniter\Debug\BaseExceptionHandler::describeMemory(12582912)
#3 /home/carttalog/public_html/system/Debug/BaseExceptionHandler.php(266): include('/home/carttalog...')
#4 /home/carttalog/public_html/system/Debug/BaseExceptionHandler.php(269): CodeIgniter\Debug\BaseExceptionHandler->CodeIgniter\Debug\{closure}()
#5 /home/carttalog/public_html/system/Debug/ExceptionHandler.php(114): CodeIgniter\Debug\BaseExceptionHandler->render(Object(CodeIgniter\HTTP\Exceptions\BadRequestException), 400, '/home/carttalog...')
#6 /home/carttalog/public_html/system/Debug/Exceptions.php(163): CodeIgniter\Debug\ExceptionHandler->handle(Object(CodeIgniter\HTTP\Exceptions\BadRequestException), Object(CodeIgniter\HTTP\IncomingRequest), Object(CodeIgniter\HTTP\Response), 400, 1)
#7 [internal function]: CodeIgniter\Debug\Exceptions->exceptionHandler(Object(CodeIgniter\HTTP\Exceptions\BadRequestException))
#8 {main}
  thrown
【Previous Exception】
CodeIgniter\HTTP\Exceptions\BadRequestException
The URI you submitted has disallowed characters: "لايف-ستايل"
#0 /home/carttalog/public_html/system/Router/Router.php(204): CodeIgniter\Router\Router->checkDisallowedChars('ar/blog/\xD9\x84\xD8\xA7\xD9\x8A\xD9...')
#1 /home/carttalog/public_html/system/CodeIgniter.php(834): CodeIgniter\Router\Router->handle('ar/blog/\xD9\x84\xD8\xA7\xD9\x8A\xD9...')
#2 /home/carttalog/public_html/system/CodeIgniter.php(457): CodeIgniter\CodeIgniter->tryToRouteIt(Object(CodeIgniter\Router\RouteCollection))
#3 /home/carttalog/public_html/system/CodeIgniter.php(355): CodeIgniter\CodeIgniter->handleRequest(NULL, Object(Config\Cache), false)
#4 /home/carttalog/public_html/system/Boot.php(325): CodeIgniter\CodeIgniter->run()
#5 /home/carttalog/public_html/system/Boot.php(67): CodeIgniter\Boot::runCodeIgniter(Object(CodeIgniter\CodeIgniter))
#6 /home/carttalog/public_html/index.php(56): CodeIgniter\Boot::bootWeb(Object(Config\Paths))
#7 {main}
[Method: GET, Route: ar/blog/%D9%84%D8%A7%D9%8A%D9%81-%D8%B3%D8%AA%D8%A7%D9%8A%D9%84/%D9%87%D9%86%D8%A7%D9%83-%D8%A7%D9%84%D8%B9%D8%AF%D9%8A%D8%AF-%D9%85%D9%86-%D8%A7%D9%84%D8%A7%D8%AE%D8%AA%D9%84%D8%A7%D9%81%D8%A7%D8%AA-%D9%81%D9%8A-%D8%A7%D9%84%D9%81%D9%82%D8%B1%D8%A7%D8%AA]
in SYSTEMPATH/Helpers/number_helper.php on line 140.
 1 [internal function]: CodeIgniter\Debug\Exceptions->shutdownHandler()
INFO - 2025-02-01 20:10:57 --> Session: Class initialized using 'CodeIgniter\Session\Handlers\DatabaseHandler' driver.
CRITICAL - 2025-02-01 20:10:57 --> CodeIgniter\HTTP\Exceptions\BadRequestException: The URI you submitted has disallowed characters: "موضه"
[Method: GET, Route: ar/blog/%D9%85%D9%88%D8%B6%D9%87]
in SYSTEMPATH/Router/Router.php on line 737.
 1 SYSTEMPATH/Router/Router.php(204): CodeIgniter\Router\Router->checkDisallowedChars('ar/blog/موضه')
 2 SYSTEMPATH/CodeIgniter.php(834): CodeIgniter\Router\Router->handle('ar/blog/موضه')
 3 SYSTEMPATH/CodeIgniter.php(457): CodeIgniter\CodeIgniter->tryToRouteIt(Object(CodeIgniter\Router\RouteCollection))
 4 SYSTEMPATH/CodeIgniter.php(355): CodeIgniter\CodeIgniter->handleRequest(null, Object(Config\Cache), false)
 5 SYSTEMPATH/Boot.php(325): CodeIgniter\CodeIgniter->run()
 6 SYSTEMPATH/Boot.php(67): CodeIgniter\Boot::runCodeIgniter(Object(CodeIgniter\CodeIgniter))
 7 FCPATH/index.php(56): CodeIgniter\Boot::bootWeb(Object(Config\Paths))
CRITICAL - 2025-02-01 20:10:57 --> ErrorException: Uncaught Error: Class "Locale" not found in /home/carttalog/public_html/system/Helpers/number_helper.php:140
Stack trace:
#0 /home/carttalog/public_html/system/Helpers/number_helper.php(58): format_number(12.0, 2, NULL, Array)
#1 /home/carttalog/public_html/system/Debug/BaseExceptionHandler.php(154): number_to_size(12.0, 2)
#2 /home/carttalog/public_html/app/Views/errors/html/error_exception.php(365): CodeIgniter\Debug\BaseExceptionHandler::describeMemory(12582912)
#3 /home/carttalog/public_html/system/Debug/BaseExceptionHandler.php(266): include('/home/carttalog...')
#4 /home/carttalog/public_html/system/Debug/BaseExceptionHandler.php(269): CodeIgniter\Debug\BaseExceptionHandler->CodeIgniter\Debug\{closure}()
#5 /home/carttalog/public_html/system/Debug/ExceptionHandler.php(114): CodeIgniter\Debug\BaseExceptionHandler->render(Object(CodeIgniter\HTTP\Exceptions\BadRequestException), 400, '/home/carttalog...')
#6 /home/carttalog/public_html/system/Debug/Exceptions.php(163): CodeIgniter\Debug\ExceptionHandler->handle(Object(CodeIgniter\HTTP\Exceptions\BadRequestException), Object(CodeIgniter\HTTP\IncomingRequest), Object(CodeIgniter\HTTP\Response), 400, 1)
#7 [internal function]: CodeIgniter\Debug\Exceptions->exceptionHandler(Object(CodeIgniter\HTTP\Exceptions\BadRequestException))
#8 {main}
  thrown
【Previous Exception】
CodeIgniter\HTTP\Exceptions\BadRequestException
The URI you submitted has disallowed characters: "موضه"
#0 /home/carttalog/public_html/system/Router/Router.php(204): CodeIgniter\Router\Router->checkDisallowedChars('ar/blog/\xD9\x85\xD9\x88\xD8\xB6\xD9...')
#1 /home/carttalog/public_html/system/CodeIgniter.php(834): CodeIgniter\Router\Router->handle('ar/blog/\xD9\x85\xD9\x88\xD8\xB6\xD9...')
#2 /home/carttalog/public_html/system/CodeIgniter.php(457): CodeIgniter\CodeIgniter->tryToRouteIt(Object(CodeIgniter\Router\RouteCollection))
#3 /home/carttalog/public_html/system/CodeIgniter.php(355): CodeIgniter\CodeIgniter->handleRequest(NULL, Object(Config\Cache), false)
#4 /home/carttalog/public_html/system/Boot.php(325): CodeIgniter\CodeIgniter->run()
#5 /home/carttalog/public_html/system/Boot.php(67): CodeIgniter\Boot::runCodeIgniter(Object(CodeIgniter\CodeIgniter))
#6 /home/carttalog/public_html/index.php(56): CodeIgniter\Boot::bootWeb(Object(Config\Paths))
#7 {main}
[Method: GET, Route: ar/blog/%D9%85%D9%88%D8%B6%D9%87]
in SYSTEMPATH/Helpers/number_helper.php on line 140.
 1 [internal function]: CodeIgniter\Debug\Exceptions->shutdownHandler()
INFO - 2025-02-01 20:11:01 --> Session: Class initialized using 'CodeIgniter\Session\Handlers\DatabaseHandler' driver.
CRITICAL - 2025-02-01 20:11:02 --> CodeIgniter\HTTP\Exceptions\BadRequestException: The URI you submitted has disallowed characters: "موضه"
[Method: GET, Route: ar/blog/%D9%85%D9%88%D8%B6%D9%87/%D8%AA%D8%B6%D9%8A%D8%B9-%D9%84%D9%85%D8%A7%D8%B0%D8%A7-%D9%86%D8%B5%D9%81-%D9%82%D8%AF-%D8%A7%D9%82%D8%AA%D8%B1%D8%A8%D8%AA]
in SYSTEMPATH/Router/Router.php on line 737.
 1 SYSTEMPATH/Router/Router.php(204): CodeIgniter\Router\Router->checkDisallowedChars('ar/blog/موضه/تضيع-لماذا-نصف-قد-اقتربت')
 2 SYSTEMPATH/CodeIgniter.php(834): CodeIgniter\Router\Router->handle('ar/blog/موضه/تضيع-لماذا-نصف-قد-اقتربت')
 3 SYSTEMPATH/CodeIgniter.php(457): CodeIgniter\CodeIgniter->tryToRouteIt(Object(CodeIgniter\Router\RouteCollection))
 4 SYSTEMPATH/CodeIgniter.php(355): CodeIgniter\CodeIgniter->handleRequest(null, Object(Config\Cache), false)
 5 SYSTEMPATH/Boot.php(325): CodeIgniter\CodeIgniter->run()
 6 SYSTEMPATH/Boot.php(67): CodeIgniter\Boot::runCodeIgniter(Object(CodeIgniter\CodeIgniter))
 7 FCPATH/index.php(56): CodeIgniter\Boot::bootWeb(Object(Config\Paths))
CRITICAL - 2025-02-01 20:11:02 --> ErrorException: Uncaught Error: Class "Locale" not found in /home/carttalog/public_html/system/Helpers/number_helper.php:140
Stack trace:
#0 /home/carttalog/public_html/system/Helpers/number_helper.php(58): format_number(12.0, 2, NULL, Array)
#1 /home/carttalog/public_html/system/Debug/BaseExceptionHandler.php(154): number_to_size(12.0, 2)
#2 /home/carttalog/public_html/app/Views/errors/html/error_exception.php(365): CodeIgniter\Debug\BaseExceptionHandler::describeMemory(12582912)
#3 /home/carttalog/public_html/system/Debug/BaseExceptionHandler.php(266): include('/home/carttalog...')
#4 /home/carttalog/public_html/system/Debug/BaseExceptionHandler.php(269): CodeIgniter\Debug\BaseExceptionHandler->CodeIgniter\Debug\{closure}()
#5 /home/carttalog/public_html/system/Debug/ExceptionHandler.php(114): CodeIgniter\Debug\BaseExceptionHandler->render(Object(CodeIgniter\HTTP\Exceptions\BadRequestException), 400, '/home/carttalog...')
#6 /home/carttalog/public_html/system/Debug/Exceptions.php(163): CodeIgniter\Debug\ExceptionHandler->handle(Object(CodeIgniter\HTTP\Exceptions\BadRequestException), Object(CodeIgniter\HTTP\IncomingRequest), Object(CodeIgniter\HTTP\Response), 400, 1)
#7 [internal function]: CodeIgniter\Debug\Exceptions->exceptionHandler(Object(CodeIgniter\HTTP\Exceptions\BadRequestException))
#8 {main}
  thrown
【Previous Exception】
CodeIgniter\HTTP\Exceptions\BadRequestException
The URI you submitted has disallowed characters: "موضه"
#0 /home/carttalog/public_html/system/Router/Router.php(204): CodeIgniter\Router\Router->checkDisallowedChars('ar/blog/\xD9\x85\xD9\x88\xD8\xB6\xD9...')
#1 /home/carttalog/public_html/system/CodeIgniter.php(834): CodeIgniter\Router\Router->handle('ar/blog/\xD9\x85\xD9\x88\xD8\xB6\xD9...')
#2 /home/carttalog/public_html/system/CodeIgniter.php(457): CodeIgniter\CodeIgniter->tryToRouteIt(Object(CodeIgniter\Router\RouteCollection))
#3 /home/carttalog/public_html/system/CodeIgniter.php(355): CodeIgniter\CodeIgniter->handleRequest(NULL, Object(Config\Cache), false)
#4 /home/carttalog/public_html/system/Boot.php(325): CodeIgniter\CodeIgniter->run()
#5 /home/carttalog/public_html/system/Boot.php(67): CodeIgniter\Boot::runCodeIgniter(Object(CodeIgniter\CodeIgniter))
#6 /home/carttalog/public_html/index.php(56): CodeIgniter\Boot::bootWeb(Object(Config\Paths))
#7 {main}
[Method: GET, Route: ar/blog/%D9%85%D9%88%D8%B6%D9%87/%D8%AA%D8%B6%D9%8A%D8%B9-%D9%84%D9%85%D8%A7%D8%B0%D8%A7-%D9%86%D8%B5%D9%81-%D9%82%D8%AF-%D8%A7%D9%82%D8%AA%D8%B1%D8%A8%D8%AA]
in SYSTEMPATH/Helpers/number_helper.php on line 140.
 1 [internal function]: CodeIgniter\Debug\Exceptions->shutdownHandler()
INFO - 2025-02-01 20:11:05 --> Session: Class initialized using 'CodeIgniter\Session\Handlers\DatabaseHandler' driver.
CRITICAL - 2025-02-01 20:11:05 --> CodeIgniter\HTTP\Exceptions\BadRequestException: The URI you submitted has disallowed characters: "موضه"
[Method: GET, Route: ar/blog/%D9%85%D9%88%D8%B6%D9%87/%D8%AC%D9%85%D9%8A%D8%B9-%D8%A7%D9%84%D9%85%D9%88%D9%84%D8%AF%D8%A7%D8%AA-%D8%B9%D9%84%D9%89-%D8%A7%D9%84%D8%A5%D9%86%D8%AA%D8%B1%D9%86%D8%AA]
in SYSTEMPATH/Router/Router.php on line 737.
 1 SYSTEMPATH/Router/Router.php(204): CodeIgniter\Router\Router->checkDisallowedChars('ar/blog/موضه/جميع-المولدات-على-الإنترنت')
 2 SYSTEMPATH/CodeIgniter.php(834): CodeIgniter\Router\Router->handle('ar/blog/موضه/جميع-المولدات-على-الإنترنت')
 3 SYSTEMPATH/CodeIgniter.php(457): CodeIgniter\CodeIgniter->tryToRouteIt(Object(CodeIgniter\Router\RouteCollection))
 4 SYSTEMPATH/CodeIgniter.php(355): CodeIgniter\CodeIgniter->handleRequest(null, Object(Config\Cache), false)
 5 SYSTEMPATH/Boot.php(325): CodeIgniter\CodeIgniter->run()
 6 SYSTEMPATH/Boot.php(67): CodeIgniter\Boot::runCodeIgniter(Object(CodeIgniter\CodeIgniter))
 7 FCPATH/index.php(56): CodeIgniter\Boot::bootWeb(Object(Config\Paths))
CRITICAL - 2025-02-01 20:11:05 --> ErrorException: Uncaught Error: Class "Locale" not found in /home/carttalog/public_html/system/Helpers/number_helper.php:140
Stack trace:
#0 /home/carttalog/public_html/system/Helpers/number_helper.php(58): format_number(12.0, 2, NULL, Array)
#1 /home/carttalog/public_html/system/Debug/BaseExceptionHandler.php(154): number_to_size(12.0, 2)
#2 /home/carttalog/public_html/app/Views/errors/html/error_exception.php(365): CodeIgniter\Debug\BaseExceptionHandler::describeMemory(12582912)
#3 /home/carttalog/public_html/system/Debug/BaseExceptionHandler.php(266): include('/home/carttalog...')
#4 /home/carttalog/public_html/system/Debug/BaseExceptionHandler.php(269): CodeIgniter\Debug\BaseExceptionHandler->CodeIgniter\Debug\{closure}()
#5 /home/carttalog/public_html/system/Debug/ExceptionHandler.php(114): CodeIgniter\Debug\BaseExceptionHandler->render(Object(CodeIgniter\HTTP\Exceptions\BadRequestException), 400, '/home/carttalog...')
#6 /home/carttalog/public_html/system/Debug/Exceptions.php(163): CodeIgniter\Debug\ExceptionHandler->handle(Object(CodeIgniter\HTTP\Exceptions\BadRequestException), Object(CodeIgniter\HTTP\IncomingRequest), Object(CodeIgniter\HTTP\Response), 400, 1)
#7 [internal function]: CodeIgniter\Debug\Exceptions->exceptionHandler(Object(CodeIgniter\HTTP\Exceptions\BadRequestException))
#8 {main}
  thrown
【Previous Exception】
CodeIgniter\HTTP\Exceptions\BadRequestException
The URI you submitted has disallowed characters: "موضه"
#0 /home/carttalog/public_html/system/Router/Router.php(204): CodeIgniter\Router\Router->checkDisallowedChars('ar/blog/\xD9\x85\xD9\x88\xD8\xB6\xD9...')
#1 /home/carttalog/public_html/system/CodeIgniter.php(834): CodeIgniter\Router\Router->handle('ar/blog/\xD9\x85\xD9\x88\xD8\xB6\xD9...')
#2 /home/carttalog/public_html/system/CodeIgniter.php(457): CodeIgniter\CodeIgniter->tryToRouteIt(Object(CodeIgniter\Router\RouteCollection))
#3 /home/carttalog/public_html/system/CodeIgniter.php(355): CodeIgniter\CodeIgniter->handleRequest(NULL, Object(Config\Cache), false)
#4 /home/carttalog/public_html/system/Boot.php(325): CodeIgniter\CodeIgniter->run()
#5 /home/carttalog/public_html/system/Boot.php(67): CodeIgniter\Boot::runCodeIgniter(Object(CodeIgniter\CodeIgniter))
#6 /home/carttalog/public_html/index.php(56): CodeIgniter\Boot::bootWeb(Object(Config\Paths))
#7 {main}
[Method: GET, Route: ar/blog/%D9%85%D9%88%D8%B6%D9%87/%D8%AC%D9%85%D9%8A%D8%B9-%D8%A7%D9%84%D9%85%D9%88%D9%84%D8%AF%D8%A7%D8%AA-%D8%B9%D9%84%D9%89-%D8%A7%D9%84%D8%A5%D9%86%D8%AA%D8%B1%D9%86%D8%AA]
in SYSTEMPATH/Helpers/number_helper.php on line 140.
 1 [internal function]: CodeIgniter\Debug\Exceptions->shutdownHandler()
INFO - 2025-02-01 20:11:08 --> Session: Class initialized using 'CodeIgniter\Session\Handlers\DatabaseHandler' driver.
CRITICAL - 2025-02-01 20:11:08 --> CodeIgniter\HTTP\Exceptions\BadRequestException: The URI you submitted has disallowed characters: "موضه"
[Method: GET, Route: ar/blog/%D9%85%D9%88%D8%B6%D9%87/%D9%85%D8%B2%D8%A7%D9%8A%D8%A7-%D8%AD%D8%A7%D8%B3%D9%85%D8%A9-%D9%88%D9%84%D8%A7-%D8%AA%D8%B9%D8%A8%D9%8A%D8%B1]
in SYSTEMPATH/Router/Router.php on line 737.
 1 SYSTEMPATH/Router/Router.php(204): CodeIgniter\Router\Router->checkDisallowedChars('ar/blog/موضه/مزايا-حاسمة-ولا-تعبير')
 2 SYSTEMPATH/CodeIgniter.php(834): CodeIgniter\Router\Router->handle('ar/blog/موضه/مزايا-حاسمة-ولا-تعبير')
 3 SYSTEMPATH/CodeIgniter.php(457): CodeIgniter\CodeIgniter->tryToRouteIt(Object(CodeIgniter\Router\RouteCollection))
 4 SYSTEMPATH/CodeIgniter.php(355): CodeIgniter\CodeIgniter->handleRequest(null, Object(Config\Cache), false)
 5 SYSTEMPATH/Boot.php(325): CodeIgniter\CodeIgniter->run()
 6 SYSTEMPATH/Boot.php(67): CodeIgniter\Boot::runCodeIgniter(Object(CodeIgniter\CodeIgniter))
 7 FCPATH/index.php(56): CodeIgniter\Boot::bootWeb(Object(Config\Paths))
CRITICAL - 2025-02-01 20:11:08 --> ErrorException: Uncaught Error: Class "Locale" not found in /home/carttalog/public_html/system/Helpers/number_helper.php:140
Stack trace:
#0 /home/carttalog/public_html/system/Helpers/number_helper.php(58): format_number(12.0, 2, NULL, Array)
#1 /home/carttalog/public_html/system/Debug/BaseExceptionHandler.php(154): number_to_size(12.0, 2)
#2 /home/carttalog/public_html/app/Views/errors/html/error_exception.php(365): CodeIgniter\Debug\BaseExceptionHandler::describeMemory(12582912)
#3 /home/carttalog/public_html/system/Debug/BaseExceptionHandler.php(266): include('/home/carttalog...')
#4 /home/carttalog/public_html/system/Debug/BaseExceptionHandler.php(269): CodeIgniter\Debug\BaseExceptionHandler->CodeIgniter\Debug\{closure}()
#5 /home/carttalog/public_html/system/Debug/ExceptionHandler.php(114): CodeIgniter\Debug\BaseExceptionHandler->render(Object(CodeIgniter\HTTP\Exceptions\BadRequestException), 400, '/home/carttalog...')
#6 /home/carttalog/public_html/system/Debug/Exceptions.php(163): CodeIgniter\Debug\ExceptionHandler->handle(Object(CodeIgniter\HTTP\Exceptions\BadRequestException), Object(CodeIgniter\HTTP\IncomingRequest), Object(CodeIgniter\HTTP\Response), 400, 1)
#7 [internal function]: CodeIgniter\Debug\Exceptions->exceptionHandler(Object(CodeIgniter\HTTP\Exceptions\BadRequestException))
#8 {main}
  thrown
【Previous Exception】
CodeIgniter\HTTP\Exceptions\BadRequestException
The URI you submitted has disallowed characters: "موضه"
#0 /home/carttalog/public_html/system/Router/Router.php(204): CodeIgniter\Router\Router->checkDisallowedChars('ar/blog/\xD9\x85\xD9\x88\xD8\xB6\xD9...')
#1 /home/carttalog/public_html/system/CodeIgniter.php(834): CodeIgniter\Router\Router->handle('ar/blog/\xD9\x85\xD9\x88\xD8\xB6\xD9...')
#2 /home/carttalog/public_html/system/CodeIgniter.php(457): CodeIgniter\CodeIgniter->tryToRouteIt(Object(CodeIgniter\Router\RouteCollection))
#3 /home/carttalog/public_html/system/CodeIgniter.php(355): CodeIgniter\CodeIgniter->handleRequest(NULL, Object(Config\Cache), false)
#4 /home/carttalog/public_html/system/Boot.php(325): CodeIgniter\CodeIgniter->run()
#5 /home/carttalog/public_html/system/Boot.php(67): CodeIgniter\Boot::runCodeIgniter(Object(CodeIgniter\CodeIgniter))
#6 /home/carttalog/public_html/index.php(56): CodeIgniter\Boot::bootWeb(Object(Config\Paths))
#7 {main}
[Method: GET, Route: ar/blog/%D9%85%D9%88%D8%B6%D9%87/%D9%85%D8%B2%D8%A7%D9%8A%D8%A7-%D8%AD%D8%A7%D8%B3%D9%85%D8%A9-%D9%88%D9%84%D8%A7-%D8%AA%D8%B9%D8%A8%D9%8A%D8%B1]
in SYSTEMPATH/Helpers/number_helper.php on line 140.
 1 [internal function]: CodeIgniter\Debug\Exceptions->shutdownHandler()
INFO - 2025-02-01 20:11:10 --> Session: Class initialized using 'CodeIgniter\Session\Handlers\DatabaseHandler' driver.
CRITICAL - 2025-02-01 20:11:10 --> CodeIgniter\HTTP\Exceptions\BadRequestException: The URI you submitted has disallowed characters: "حساب"
[Method: GET, Route: ar/help-center/%D8%AD%D8%B3%D8%A7%D8%A8]
in SYSTEMPATH/Router/Router.php on line 737.
 1 SYSTEMPATH/Router/Router.php(204): CodeIgniter\Router\Router->checkDisallowedChars('ar/help-center/حساب')
 2 SYSTEMPATH/CodeIgniter.php(834): CodeIgniter\Router\Router->handle('ar/help-center/حساب')
 3 SYSTEMPATH/CodeIgniter.php(457): CodeIgniter\CodeIgniter->tryToRouteIt(Object(CodeIgniter\Router\RouteCollection))
 4 SYSTEMPATH/CodeIgniter.php(355): CodeIgniter\CodeIgniter->handleRequest(null, Object(Config\Cache), false)
 5 SYSTEMPATH/Boot.php(325): CodeIgniter\CodeIgniter->run()
 6 SYSTEMPATH/Boot.php(67): CodeIgniter\Boot::runCodeIgniter(Object(CodeIgniter\CodeIgniter))
 7 FCPATH/index.php(56): CodeIgniter\Boot::bootWeb(Object(Config\Paths))
CRITICAL - 2025-02-01 20:11:10 --> ErrorException: Uncaught Error: Class "Locale" not found in /home/carttalog/public_html/system/Helpers/number_helper.php:140
Stack trace:
#0 /home/carttalog/public_html/system/Helpers/number_helper.php(58): format_number(12.0, 2, NULL, Array)
#1 /home/carttalog/public_html/system/Debug/BaseExceptionHandler.php(154): number_to_size(12.0, 2)
#2 /home/carttalog/public_html/app/Views/errors/html/error_exception.php(365): CodeIgniter\Debug\BaseExceptionHandler::describeMemory(12582912)
#3 /home/carttalog/public_html/system/Debug/BaseExceptionHandler.php(266): include('/home/carttalog...')
#4 /home/carttalog/public_html/system/Debug/BaseExceptionHandler.php(269): CodeIgniter\Debug\BaseExceptionHandler->CodeIgniter\Debug\{closure}()
#5 /home/carttalog/public_html/system/Debug/ExceptionHandler.php(114): CodeIgniter\Debug\BaseExceptionHandler->render(Object(CodeIgniter\HTTP\Exceptions\BadRequestException), 400, '/home/carttalog...')
#6 /home/carttalog/public_html/system/Debug/Exceptions.php(163): CodeIgniter\Debug\ExceptionHandler->handle(Object(CodeIgniter\HTTP\Exceptions\BadRequestException), Object(CodeIgniter\HTTP\IncomingRequest), Object(CodeIgniter\HTTP\Response), 400, 1)
#7 [internal function]: CodeIgniter\Debug\Exceptions->exceptionHandler(Object(CodeIgniter\HTTP\Exceptions\BadRequestException))
#8 {main}
  thrown
【Previous Exception】
CodeIgniter\HTTP\Exceptions\BadRequestException
The URI you submitted has disallowed characters: "حساب"
#0 /home/carttalog/public_html/system/Router/Router.php(204): CodeIgniter\Router\Router->checkDisallowedChars('ar/help-center/...')
#1 /home/carttalog/public_html/system/CodeIgniter.php(834): CodeIgniter\Router\Router->handle('ar/help-center/...')
#2 /home/carttalog/public_html/system/CodeIgniter.php(457): CodeIgniter\CodeIgniter->tryToRouteIt(Object(CodeIgniter\Router\RouteCollection))
#3 /home/carttalog/public_html/system/CodeIgniter.php(355): CodeIgniter\CodeIgniter->handleRequest(NULL, Object(Config\Cache), false)
#4 /home/carttalog/public_html/system/Boot.php(325): CodeIgniter\CodeIgniter->run()
#5 /home/carttalog/public_html/system/Boot.php(67): CodeIgniter\Boot::runCodeIgniter(Object(CodeIgniter\CodeIgniter))
#6 /home/carttalog/public_html/index.php(56): CodeIgniter\Boot::bootWeb(Object(Config\Paths))
#7 {main}
[Method: GET, Route: ar/help-center/%D8%AD%D8%B3%D8%A7%D8%A8]
in SYSTEMPATH/Helpers/number_helper.php on line 140.
 1 [internal function]: CodeIgniter\Debug\Exceptions->shutdownHandler()
INFO - 2025-02-01 20:11:13 --> Session: Class initialized using 'CodeIgniter\Session\Handlers\DatabaseHandler' driver.
CRITICAL - 2025-02-01 20:11:13 --> CodeIgniter\HTTP\Exceptions\BadRequestException: The URI you submitted has disallowed characters: "حساب"
[Method: GET, Route: ar/help-center/%D8%AD%D8%B3%D8%A7%D8%A8/%D9%83%D9%8A%D9%81-%D8%AA%D8%BA%D9%8A%D8%B1-%D9%83%D9%84%D9%85%D8%A9-%D8%A7%D9%84%D8%B3%D8%B1-%D8%A7%D9%84%D8%AE%D8%A7%D8%B5%D8%A9-%D8%A8%D9%83]
in SYSTEMPATH/Router/Router.php on line 737.
 1 SYSTEMPATH/Router/Router.php(204): CodeIgniter\Router\Router->checkDisallowedChars('ar/help-center/حساب/كيف-تغير-كلمة-السر-الخاصة-بك')
 2 SYSTEMPATH/CodeIgniter.php(834): CodeIgniter\Router\Router->handle('ar/help-center/حساب/كيف-تغير-كلمة-السر-الخاصة-بك')
 3 SYSTEMPATH/CodeIgniter.php(457): CodeIgniter\CodeIgniter->tryToRouteIt(Object(CodeIgniter\Router\RouteCollection))
 4 SYSTEMPATH/CodeIgniter.php(355): CodeIgniter\CodeIgniter->handleRequest(null, Object(Config\Cache), false)
 5 SYSTEMPATH/Boot.php(325): CodeIgniter\CodeIgniter->run()
 6 SYSTEMPATH/Boot.php(67): CodeIgniter\Boot::runCodeIgniter(Object(CodeIgniter\CodeIgniter))
 7 FCPATH/index.php(56): CodeIgniter\Boot::bootWeb(Object(Config\Paths))
CRITICAL - 2025-02-01 20:11:13 --> ErrorException: Uncaught Error: Class "Locale" not found in /home/carttalog/public_html/system/Helpers/number_helper.php:140
Stack trace:
#0 /home/carttalog/public_html/system/Helpers/number_helper.php(58): format_number(12.0, 2, NULL, Array)
#1 /home/carttalog/public_html/system/Debug/BaseExceptionHandler.php(154): number_to_size(12.0, 2)
#2 /home/carttalog/public_html/app/Views/errors/html/error_exception.php(365): CodeIgniter\Debug\BaseExceptionHandler::describeMemory(12582912)
#3 /home/carttalog/public_html/system/Debug/BaseExceptionHandler.php(266): include('/home/carttalog...')
#4 /home/carttalog/public_html/system/Debug/BaseExceptionHandler.php(269): CodeIgniter\Debug\BaseExceptionHandler->CodeIgniter\Debug\{closure}()
#5 /home/carttalog/public_html/system/Debug/ExceptionHandler.php(114): CodeIgniter\Debug\BaseExceptionHandler->render(Object(CodeIgniter\HTTP\Exceptions\BadRequestException), 400, '/home/carttalog...')
#6 /home/carttalog/public_html/system/Debug/Exceptions.php(163): CodeIgniter\Debug\ExceptionHandler->handle(Object(CodeIgniter\HTTP\Exceptions\BadRequestException), Object(CodeIgniter\HTTP\IncomingRequest), Object(CodeIgniter\HTTP\Response), 400, 1)
#7 [internal function]: CodeIgniter\Debug\Exceptions->exceptionHandler(Object(CodeIgniter\HTTP\Exceptions\BadRequestException))
#8 {main}
  thrown
【Previous Exception】
CodeIgniter\HTTP\Exceptions\BadRequestException
The URI you submitted has disallowed characters: "حساب"
#0 /home/carttalog/public_html/system/Router/Router.php(204): CodeIgniter\Router\Router->checkDisallowedChars('ar/help-center/...')
#1 /home/carttalog/public_html/system/CodeIgniter.php(834): CodeIgniter\Router\Router->handle('ar/help-center/...')
#2 /home/carttalog/public_html/system/CodeIgniter.php(457): CodeIgniter\CodeIgniter->tryToRouteIt(Object(CodeIgniter\Router\RouteCollection))
#3 /home/carttalog/public_html/system/CodeIgniter.php(355): CodeIgniter\CodeIgniter->handleRequest(NULL, Object(Config\Cache), false)
#4 /home/carttalog/public_html/system/Boot.php(325): CodeIgniter\CodeIgniter->run()
#5 /home/carttalog/public_html/system/Boot.php(67): CodeIgniter\Boot::runCodeIgniter(Object(CodeIgniter\CodeIgniter))
#6 /home/carttalog/public_html/index.php(56): CodeIgniter\Boot::bootWeb(Object(Config\Paths))
#7 {main}
[Method: GET, Route: ar/help-center/%D8%AD%D8%B3%D8%A7%D8%A8/%D9%83%D9%8A%D9%81-%D8%AA%D8%BA%D9%8A%D8%B1-%D9%83%D9%84%D9%85%D8%A9-%D8%A7%D9%84%D8%B3%D8%B1-%D8%A7%D9%84%D8%AE%D8%A7%D8%B5%D8%A9-%D8%A8%D9%83]
in SYSTEMPATH/Helpers/number_helper.php on line 140.
 1 [internal function]: CodeIgniter\Debug\Exceptions->shutdownHandler()
INFO - 2025-02-01 20:11:15 --> Session: Class initialized using 'CodeIgniter\Session\Handlers\DatabaseHandler' driver.
CRITICAL - 2025-02-01 20:11:15 --> CodeIgniter\HTTP\Exceptions\BadRequestException: The URI you submitted has disallowed characters: "الظروف"
[Method: GET, Route: blog/tag/%D8%A7%D9%84%D8%B8%D8%B1%D9%88%D9%81]
in SYSTEMPATH/Router/Router.php on line 737.
 1 SYSTEMPATH/Router/Router.php(204): CodeIgniter\Router\Router->checkDisallowedChars('blog/tag/الظروف')
 2 SYSTEMPATH/CodeIgniter.php(834): CodeIgniter\Router\Router->handle('blog/tag/الظروف')
 3 SYSTEMPATH/CodeIgniter.php(457): CodeIgniter\CodeIgniter->tryToRouteIt(Object(CodeIgniter\Router\RouteCollection))
 4 SYSTEMPATH/CodeIgniter.php(355): CodeIgniter\CodeIgniter->handleRequest(null, Object(Config\Cache), false)
 5 SYSTEMPATH/Boot.php(325): CodeIgniter\CodeIgniter->run()
 6 SYSTEMPATH/Boot.php(67): CodeIgniter\Boot::runCodeIgniter(Object(CodeIgniter\CodeIgniter))
 7 FCPATH/index.php(56): CodeIgniter\Boot::bootWeb(Object(Config\Paths))
CRITICAL - 2025-02-01 20:11:15 --> ErrorException: Uncaught Error: Class "Locale" not found in /home/carttalog/public_html/system/Helpers/number_helper.php:140
Stack trace:
#0 /home/carttalog/public_html/system/Helpers/number_helper.php(58): format_number(12.0, 2, NULL, Array)
#1 /home/carttalog/public_html/system/Debug/BaseExceptionHandler.php(154): number_to_size(12.0, 2)
#2 /home/carttalog/public_html/app/Views/errors/html/error_exception.php(365): CodeIgniter\Debug\BaseExceptionHandler::describeMemory(12582912)
#3 /home/carttalog/public_html/system/Debug/BaseExceptionHandler.php(266): include('/home/carttalog...')
#4 /home/carttalog/public_html/system/Debug/BaseExceptionHandler.php(269): CodeIgniter\Debug\BaseExceptionHandler->CodeIgniter\Debug\{closure}()
#5 /home/carttalog/public_html/system/Debug/ExceptionHandler.php(114): CodeIgniter\Debug\BaseExceptionHandler->render(Object(CodeIgniter\HTTP\Exceptions\BadRequestException), 400, '/home/carttalog...')
#6 /home/carttalog/public_html/system/Debug/Exceptions.php(163): CodeIgniter\Debug\ExceptionHandler->handle(Object(CodeIgniter\HTTP\Exceptions\BadRequestException), Object(CodeIgniter\HTTP\IncomingRequest), Object(CodeIgniter\HTTP\Response), 400, 1)
#7 [internal function]: CodeIgniter\Debug\Exceptions->exceptionHandler(Object(CodeIgniter\HTTP\Exceptions\BadRequestException))
#8 {main}
  thrown
【Previous Exception】
CodeIgniter\HTTP\Exceptions\BadRequestException
The URI you submitted has disallowed characters: "الظروف"
#0 /home/carttalog/public_html/system/Router/Router.php(204): CodeIgniter\Router\Router->checkDisallowedChars('blog/tag/\xD8\xA7\xD9\x84\xD8\xB8...')
#1 /home/carttalog/public_html/system/CodeIgniter.php(834): CodeIgniter\Router\Router->handle('blog/tag/\xD8\xA7\xD9\x84\xD8\xB8...')
#2 /home/carttalog/public_html/system/CodeIgniter.php(457): CodeIgniter\CodeIgniter->tryToRouteIt(Object(CodeIgniter\Router\RouteCollection))
#3 /home/carttalog/public_html/system/CodeIgniter.php(355): CodeIgniter\CodeIgniter->handleRequest(NULL, Object(Config\Cache), false)
#4 /home/carttalog/public_html/system/Boot.php(325): CodeIgniter\CodeIgniter->run()
#5 /home/carttalog/public_html/system/Boot.php(67): CodeIgniter\Boot::runCodeIgniter(Object(CodeIgniter\CodeIgniter))
#6 /home/carttalog/public_html/index.php(56): CodeIgniter\Boot::bootWeb(Object(Config\Paths))
#7 {main}
[Method: GET, Route: blog/tag/%D8%A7%D9%84%D8%B8%D8%B1%D9%88%D9%81]
in SYSTEMPATH/Helpers/number_helper.php on line 140.
 1 [internal function]: CodeIgniter\Debug\Exceptions->shutdownHandler()
INFO - 2025-02-01 20:11:17 --> Session: Class initialized using 'CodeIgniter\Session\Handlers\DatabaseHandler' driver.
CRITICAL - 2025-02-01 20:11:17 --> CodeIgniter\HTTP\Exceptions\BadRequestException: The URI you submitted has disallowed characters: "حاسمة"
[Method: GET, Route: blog/tag/%D8%AD%D8%A7%D8%B3%D9%85%D8%A9]
in SYSTEMPATH/Router/Router.php on line 737.
 1 SYSTEMPATH/Router/Router.php(204): CodeIgniter\Router\Router->checkDisallowedChars('blog/tag/حاسمة')
 2 SYSTEMPATH/CodeIgniter.php(834): CodeIgniter\Router\Router->handle('blog/tag/حاسمة')
 3 SYSTEMPATH/CodeIgniter.php(457): CodeIgniter\CodeIgniter->tryToRouteIt(Object(CodeIgniter\Router\RouteCollection))
 4 SYSTEMPATH/CodeIgniter.php(355): CodeIgniter\CodeIgniter->handleRequest(null, Object(Config\Cache), false)
 5 SYSTEMPATH/Boot.php(325): CodeIgniter\CodeIgniter->run()
 6 SYSTEMPATH/Boot.php(67): CodeIgniter\Boot::runCodeIgniter(Object(CodeIgniter\CodeIgniter))
 7 FCPATH/index.php(56): CodeIgniter\Boot::bootWeb(Object(Config\Paths))
CRITICAL - 2025-02-01 20:11:17 --> ErrorException: Uncaught Error: Class "Locale" not found in /home/carttalog/public_html/system/Helpers/number_helper.php:140
Stack trace:
#0 /home/carttalog/public_html/system/Helpers/number_helper.php(58): format_number(12.0, 2, NULL, Array)
#1 /home/carttalog/public_html/system/Debug/BaseExceptionHandler.php(154): number_to_size(12.0, 2)
#2 /home/carttalog/public_html/app/Views/errors/html/error_exception.php(365): CodeIgniter\Debug\BaseExceptionHandler::describeMemory(12582912)
#3 /home/carttalog/public_html/system/Debug/BaseExceptionHandler.php(266): include('/home/carttalog...')
#4 /home/carttalog/public_html/system/Debug/BaseExceptionHandler.php(269): CodeIgniter\Debug\BaseExceptionHandler->CodeIgniter\Debug\{closure}()
#5 /home/carttalog/public_html/system/Debug/ExceptionHandler.php(114): CodeIgniter\Debug\BaseExceptionHandler->render(Object(CodeIgniter\HTTP\Exceptions\BadRequestException), 400, '/home/carttalog...')
#6 /home/carttalog/public_html/system/Debug/Exceptions.php(163): CodeIgniter\Debug\ExceptionHandler->handle(Object(CodeIgniter\HTTP\Exceptions\BadRequestException), Object(CodeIgniter\HTTP\IncomingRequest), Object(CodeIgniter\HTTP\Response), 400, 1)
#7 [internal function]: CodeIgniter\Debug\Exceptions->exceptionHandler(Object(CodeIgniter\HTTP\Exceptions\BadRequestException))
#8 {main}
  thrown
【Previous Exception】
CodeIgniter\HTTP\Exceptions\BadRequestException
The URI you submitted has disallowed characters: "حاسمة"
#0 /home/carttalog/public_html/system/Router/Router.php(204): CodeIgniter\Router\Router->checkDisallowedChars('blog/tag/\xD8\xAD\xD8\xA7\xD8\xB3...')
#1 /home/carttalog/public_html/system/CodeIgniter.php(834): CodeIgniter\Router\Router->handle('blog/tag/\xD8\xAD\xD8\xA7\xD8\xB3...')
#2 /home/carttalog/public_html/system/CodeIgniter.php(457): CodeIgniter\CodeIgniter->tryToRouteIt(Object(CodeIgniter\Router\RouteCollection))
#3 /home/carttalog/public_html/system/CodeIgniter.php(355): CodeIgniter\CodeIgniter->handleRequest(NULL, Object(Config\Cache), false)
#4 /home/carttalog/public_html/system/Boot.php(325): CodeIgniter\CodeIgniter->run()
#5 /home/carttalog/public_html/system/Boot.php(67): CodeIgniter\Boot::runCodeIgniter(Object(CodeIgniter\CodeIgniter))
#6 /home/carttalog/public_html/index.php(56): CodeIgniter\Boot::bootWeb(Object(Config\Paths))
#7 {main}
[Method: GET, Route: blog/tag/%D8%AD%D8%A7%D8%B3%D9%85%D8%A9]
in SYSTEMPATH/Helpers/number_helper.php on line 140.
 1 [internal function]: CodeIgniter\Debug\Exceptions->shutdownHandler()
INFO - 2025-02-01 20:11:19 --> Session: Class initialized using 'CodeIgniter\Session\Handlers\DatabaseHandler' driver.
CRITICAL - 2025-02-01 20:11:19 --> CodeIgniter\HTTP\Exceptions\BadRequestException: The URI you submitted has disallowed characters: "مولدات"
[Method: GET, Route: blog/tag/%D9%85%D9%88%D9%84%D8%AF%D8%A7%D8%AA]
in SYSTEMPATH/Router/Router.php on line 737.
 1 SYSTEMPATH/Router/Router.php(204): CodeIgniter\Router\Router->checkDisallowedChars('blog/tag/مولدات')
 2 SYSTEMPATH/CodeIgniter.php(834): CodeIgniter\Router\Router->handle('blog/tag/مولدات')
 3 SYSTEMPATH/CodeIgniter.php(457): CodeIgniter\CodeIgniter->tryToRouteIt(Object(CodeIgniter\Router\RouteCollection))
 4 SYSTEMPATH/CodeIgniter.php(355): CodeIgniter\CodeIgniter->handleRequest(null, Object(Config\Cache), false)
 5 SYSTEMPATH/Boot.php(325): CodeIgniter\CodeIgniter->run()
 6 SYSTEMPATH/Boot.php(67): CodeIgniter\Boot::runCodeIgniter(Object(CodeIgniter\CodeIgniter))
 7 FCPATH/index.php(56): CodeIgniter\Boot::bootWeb(Object(Config\Paths))
CRITICAL - 2025-02-01 20:11:19 --> ErrorException: Uncaught Error: Class "Locale" not found in /home/carttalog/public_html/system/Helpers/number_helper.php:140
Stack trace:
#0 /home/carttalog/public_html/system/Helpers/number_helper.php(58): format_number(12.0, 2, NULL, Array)
#1 /home/carttalog/public_html/system/Debug/BaseExceptionHandler.php(154): number_to_size(12.0, 2)
#2 /home/carttalog/public_html/app/Views/errors/html/error_exception.php(365): CodeIgniter\Debug\BaseExceptionHandler::describeMemory(12582912)
#3 /home/carttalog/public_html/system/Debug/BaseExceptionHandler.php(266): include('/home/carttalog...')
#4 /home/carttalog/public_html/system/Debug/BaseExceptionHandler.php(269): CodeIgniter\Debug\BaseExceptionHandler->CodeIgniter\Debug\{closure}()
#5 /home/carttalog/public_html/system/Debug/ExceptionHandler.php(114): CodeIgniter\Debug\BaseExceptionHandler->render(Object(CodeIgniter\HTTP\Exceptions\BadRequestException), 400, '/home/carttalog...')
#6 /home/carttalog/public_html/system/Debug/Exceptions.php(163): CodeIgniter\Debug\ExceptionHandler->handle(Object(CodeIgniter\HTTP\Exceptions\BadRequestException), Object(CodeIgniter\HTTP\IncomingRequest), Object(CodeIgniter\HTTP\Response), 400, 1)
#7 [internal function]: CodeIgniter\Debug\Exceptions->exceptionHandler(Object(CodeIgniter\HTTP\Exceptions\BadRequestException))
#8 {main}
  thrown
【Previous Exception】
CodeIgniter\HTTP\Exceptions\BadRequestException
The URI you submitted has disallowed characters: "مولدات"
#0 /home/carttalog/public_html/system/Router/Router.php(204): CodeIgniter\Router\Router->checkDisallowedChars('blog/tag/\xD9\x85\xD9\x88\xD9\x84...')
#1 /home/carttalog/public_html/system/CodeIgniter.php(834): CodeIgniter\Router\Router->handle('blog/tag/\xD9\x85\xD9\x88\xD9\x84...')
#2 /home/carttalog/public_html/system/CodeIgniter.php(457): CodeIgniter\CodeIgniter->tryToRouteIt(Object(CodeIgniter\Router\RouteCollection))
#3 /home/carttalog/public_html/system/CodeIgniter.php(355): CodeIgniter\CodeIgniter->handleRequest(NULL, Object(Config\Cache), false)
#4 /home/carttalog/public_html/system/Boot.php(325): CodeIgniter\CodeIgniter->run()
#5 /home/carttalog/public_html/system/Boot.php(67): CodeIgniter\Boot::runCodeIgniter(Object(CodeIgniter\CodeIgniter))
#6 /home/carttalog/public_html/index.php(56): CodeIgniter\Boot::bootWeb(Object(Config\Paths))
#7 {main}
[Method: GET, Route: blog/tag/%D9%85%D9%88%D9%84%D8%AF%D8%A7%D8%AA]
in SYSTEMPATH/Helpers/number_helper.php on line 140.
 1 [internal function]: CodeIgniter\Debug\Exceptions->shutdownHandler()
INFO - 2025-02-01 20:11:21 --> Session: Class initialized using 'CodeIgniter\Session\Handlers\DatabaseHandler' driver.
CRITICAL - 2025-02-01 20:11:21 --> CodeIgniter\HTTP\Exceptions\BadRequestException: The URI you submitted has disallowed characters: "وإحباطهم"
[Method: GET, Route: blog/tag/%D9%88%D8%A5%D8%AD%D8%A8%D8%A7%D8%B7%D9%87%D9%85]
in SYSTEMPATH/Router/Router.php on line 737.
 1 SYSTEMPATH/Router/Router.php(204): CodeIgniter\Router\Router->checkDisallowedChars('blog/tag/وإحباطهم')
 2 SYSTEMPATH/CodeIgniter.php(834): CodeIgniter\Router\Router->handle('blog/tag/وإحباطهم')
 3 SYSTEMPATH/CodeIgniter.php(457): CodeIgniter\CodeIgniter->tryToRouteIt(Object(CodeIgniter\Router\RouteCollection))
 4 SYSTEMPATH/CodeIgniter.php(355): CodeIgniter\CodeIgniter->handleRequest(null, Object(Config\Cache), false)
 5 SYSTEMPATH/Boot.php(325): CodeIgniter\CodeIgniter->run()
 6 SYSTEMPATH/Boot.php(67): CodeIgniter\Boot::runCodeIgniter(Object(CodeIgniter\CodeIgniter))
 7 FCPATH/index.php(56): CodeIgniter\Boot::bootWeb(Object(Config\Paths))
CRITICAL - 2025-02-01 20:11:21 --> ErrorException: Uncaught Error: Class "Locale" not found in /home/carttalog/public_html/system/Helpers/number_helper.php:140
Stack trace:
#0 /home/carttalog/public_html/system/Helpers/number_helper.php(58): format_number(12.0, 2, NULL, Array)
#1 /home/carttalog/public_html/system/Debug/BaseExceptionHandler.php(154): number_to_size(12.0, 2)
#2 /home/carttalog/public_html/app/Views/errors/html/error_exception.php(365): CodeIgniter\Debug\BaseExceptionHandler::describeMemory(12582912)
#3 /home/carttalog/public_html/system/Debug/BaseExceptionHandler.php(266): include('/home/carttalog...')
#4 /home/carttalog/public_html/system/Debug/BaseExceptionHandler.php(269): CodeIgniter\Debug\BaseExceptionHandler->CodeIgniter\Debug\{closure}()
#5 /home/carttalog/public_html/system/Debug/ExceptionHandler.php(114): CodeIgniter\Debug\BaseExceptionHandler->render(Object(CodeIgniter\HTTP\Exceptions\BadRequestException), 400, '/home/carttalog...')
#6 /home/carttalog/public_html/system/Debug/Exceptions.php(163): CodeIgniter\Debug\ExceptionHandler->handle(Object(CodeIgniter\HTTP\Exceptions\BadRequestException), Object(CodeIgniter\HTTP\IncomingRequest), Object(CodeIgniter\HTTP\Response), 400, 1)
#7 [internal function]: CodeIgniter\Debug\Exceptions->exceptionHandler(Object(CodeIgniter\HTTP\Exceptions\BadRequestException))
#8 {main}
  thrown
【Previous Exception】
CodeIgniter\HTTP\Exceptions\BadRequestException
The URI you submitted has disallowed characters: "وإحباطهم"
#0 /home/carttalog/public_html/system/Router/Router.php(204): CodeIgniter\Router\Router->checkDisallowedChars('blog/tag/\xD9\x88\xD8\xA5\xD8\xAD...')
#1 /home/carttalog/public_html/system/CodeIgniter.php(834): CodeIgniter\Router\Router->handle('blog/tag/\xD9\x88\xD8\xA5\xD8\xAD...')
#2 /home/carttalog/public_html/system/CodeIgniter.php(457): CodeIgniter\CodeIgniter->tryToRouteIt(Object(CodeIgniter\Router\RouteCollection))
#3 /home/carttalog/public_html/system/CodeIgniter.php(355): CodeIgniter\CodeIgniter->handleRequest(NULL, Object(Config\Cache), false)
#4 /home/carttalog/public_html/system/Boot.php(325): CodeIgniter\CodeIgniter->run()
#5 /home/carttalog/public_html/system/Boot.php(67): CodeIgniter\Boot::runCodeIgniter(Object(CodeIgniter\CodeIgniter))
#6 /home/carttalog/public_html/index.php(56): CodeIgniter\Boot::bootWeb(Object(Config\Paths))
#7 {main}
[Method: GET, Route: blog/tag/%D9%88%D8%A5%D8%AD%D8%A8%D8%A7%D8%B7%D9%87%D9%85]
in SYSTEMPATH/Helpers/number_helper.php on line 140.
 1 [internal function]: CodeIgniter\Debug\Exceptions->shutdownHandler()
INFO - 2025-02-01 20:11:23 --> Session: Class initialized using 'CodeIgniter\Session\Handlers\DatabaseHandler' driver.
CRITICAL - 2025-02-01 20:11:23 --> CodeIgniter\HTTP\Exceptions\BadRequestException: The URI you submitted has disallowed characters: "حساب"
[Method: GET, Route: help-center/%D8%AD%D8%B3%D8%A7%D8%A8/%D9%83%D9%8A%D9%81-%D8%AA%D8%BA%D9%8A%D8%B1-%D9%83%D9%84%D9%85%D8%A9-%D8%A7%D9%84%D8%B3%D8%B1-%D8%A7%D9%84%D8%AE%D8%A7%D8%B5%D8%A9-%D8%A8%D9%83]
in SYSTEMPATH/Router/Router.php on line 737.
 1 SYSTEMPATH/Router/Router.php(204): CodeIgniter\Router\Router->checkDisallowedChars('help-center/حساب/كيف-تغير-كلمة-السر-الخاصة-بك')
 2 SYSTEMPATH/CodeIgniter.php(834): CodeIgniter\Router\Router->handle('help-center/حساب/كيف-تغير-كلمة-السر-الخاصة-بك')
 3 SYSTEMPATH/CodeIgniter.php(457): CodeIgniter\CodeIgniter->tryToRouteIt(Object(CodeIgniter\Router\RouteCollection))
 4 SYSTEMPATH/CodeIgniter.php(355): CodeIgniter\CodeIgniter->handleRequest(null, Object(Config\Cache), false)
 5 SYSTEMPATH/Boot.php(325): CodeIgniter\CodeIgniter->run()
 6 SYSTEMPATH/Boot.php(67): CodeIgniter\Boot::runCodeIgniter(Object(CodeIgniter\CodeIgniter))
 7 FCPATH/index.php(56): CodeIgniter\Boot::bootWeb(Object(Config\Paths))
CRITICAL - 2025-02-01 20:11:23 --> ErrorException: Uncaught Error: Class "Locale" not found in /home/carttalog/public_html/system/Helpers/number_helper.php:140
Stack trace:
#0 /home/carttalog/public_html/system/Helpers/number_helper.php(58): format_number(12.0, 2, NULL, Array)
#1 /home/carttalog/public_html/system/Debug/BaseExceptionHandler.php(154): number_to_size(12.0, 2)
#2 /home/carttalog/public_html/app/Views/errors/html/error_exception.php(365): CodeIgniter\Debug\BaseExceptionHandler::describeMemory(12582912)
#3 /home/carttalog/public_html/system/Debug/BaseExceptionHandler.php(266): include('/home/carttalog...')
#4 /home/carttalog/public_html/system/Debug/BaseExceptionHandler.php(269): CodeIgniter\Debug\BaseExceptionHandler->CodeIgniter\Debug\{closure}()
#5 /home/carttalog/public_html/system/Debug/ExceptionHandler.php(114): CodeIgniter\Debug\BaseExceptionHandler->render(Object(CodeIgniter\HTTP\Exceptions\BadRequestException), 400, '/home/carttalog...')
#6 /home/carttalog/public_html/system/Debug/Exceptions.php(163): CodeIgniter\Debug\ExceptionHandler->handle(Object(CodeIgniter\HTTP\Exceptions\BadRequestException), Object(CodeIgniter\HTTP\IncomingRequest), Object(CodeIgniter\HTTP\Response), 400, 1)
#7 [internal function]: CodeIgniter\Debug\Exceptions->exceptionHandler(Object(CodeIgniter\HTTP\Exceptions\BadRequestException))
#8 {main}
  thrown
【Previous Exception】
CodeIgniter\HTTP\Exceptions\BadRequestException
The URI you submitted has disallowed characters: "حساب"
#0 /home/carttalog/public_html/system/Router/Router.php(204): CodeIgniter\Router\Router->checkDisallowedChars('help-center/\xD8\xAD\xD8...')
#1 /home/carttalog/public_html/system/CodeIgniter.php(834): CodeIgniter\Router\Router->handle('help-center/\xD8\xAD\xD8...')
#2 /home/carttalog/public_html/system/CodeIgniter.php(457): CodeIgniter\CodeIgniter->tryToRouteIt(Object(CodeIgniter\Router\RouteCollection))
#3 /home/carttalog/public_html/system/CodeIgniter.php(355): CodeIgniter\CodeIgniter->handleRequest(NULL, Object(Config\Cache), false)
#4 /home/carttalog/public_html/system/Boot.php(325): CodeIgniter\CodeIgniter->run()
#5 /home/carttalog/public_html/system/Boot.php(67): CodeIgniter\Boot::runCodeIgniter(Object(CodeIgniter\CodeIgniter))
#6 /home/carttalog/public_html/index.php(56): CodeIgniter\Boot::bootWeb(Object(Config\Paths))
#7 {main}
[Method: GET, Route: help-center/%D8%AD%D8%B3%D8%A7%D8%A8/%D9%83%D9%8A%D9%81-%D8%AA%D8%BA%D9%8A%D8%B1-%D9%83%D9%84%D9%85%D8%A9-%D8%A7%D9%84%D8%B3%D8%B1-%D8%A7%D9%84%D8%AE%D8%A7%D8%B5%D8%A9-%D8%A8%D9%83]
in SYSTEMPATH/Helpers/number_helper.php on line 140.
 1 [internal function]: CodeIgniter\Debug\Exceptions->shutdownHandler()
INFO - 2025-02-01 20:20:38 --> Session: Class initialized using 'CodeIgniter\Session\Handlers\DatabaseHandler' driver.
INFO - 2025-02-01 20:22:00 --> Session: Class initialized using 'CodeIgniter\Session\Handlers\DatabaseHandler' driver.
INFO - 2025-02-01 20:24:38 --> Session: Class initialized using 'CodeIgniter\Session\Handlers\DatabaseHandler' driver.
INFO - 2025-02-01 20:26:18 --> Session: Class initialized using 'CodeIgniter\Session\Handlers\DatabaseHandler' driver.
INFO - 2025-02-01 20:30:45 --> Session: Class initialized using 'CodeIgniter\Session\Handlers\DatabaseHandler' driver.
INFO - 2025-02-01 20:31:19 --> Session: Class initialized using 'CodeIgniter\Session\Handlers\DatabaseHandler' driver.
INFO - 2025-02-01 20:32:21 --> Session: Class initialized using 'CodeIgniter\Session\Handlers\DatabaseHandler' driver.
INFO - 2025-02-01 20:36:42 --> Session: Class initialized using 'CodeIgniter\Session\Handlers\DatabaseHandler' driver.
INFO - 2025-02-01 20:41:21 --> Session: Class initialized using 'CodeIgniter\Session\Handlers\DatabaseHandler' driver.
INFO - 2025-02-01 20:41:51 --> Session: Class initialized using 'CodeIgniter\Session\Handlers\DatabaseHandler' driver.
INFO - 2025-02-01 20:44:54 --> Session: Class initialized using 'CodeIgniter\Session\Handlers\DatabaseHandler' driver.
INFO - 2025-02-01 20:45:27 --> Session: Class initialized using 'CodeIgniter\Session\Handlers\DatabaseHandler' driver.
INFO - 2025-02-01 20:49:41 --> Session: Class initialized using 'CodeIgniter\Session\Handlers\DatabaseHandler' driver.
INFO - 2025-02-01 20:57:21 --> Session: Class initialized using 'CodeIgniter\Session\Handlers\DatabaseHandler' driver.
INFO - 2025-02-01 20:58:22 --> Session: Class initialized using 'CodeIgniter\Session\Handlers\DatabaseHandler' driver.
INFO - 2025-02-01 20:59:40 --> Session: Class initialized using 'CodeIgniter\Session\Handlers\DatabaseHandler' driver.
INFO - 2025-02-01 21:00:28 --> Session: Class initialized using 'CodeIgniter\Session\Handlers\DatabaseHandler' driver.
INFO - 2025-02-01 21:01:40 --> Session: Class initialized using 'CodeIgniter\Session\Handlers\DatabaseHandler' driver.
INFO - 2025-02-01 21:02:20 --> Session: Class initialized using 'CodeIgniter\Session\Handlers\DatabaseHandler' driver.
INFO - 2025-02-01 21:02:30 --> Session: Class initialized using 'CodeIgniter\Session\Handlers\DatabaseHandler' driver.
INFO - 2025-02-01 21:04:39 --> Session: Class initialized using 'CodeIgniter\Session\Handlers\DatabaseHandler' driver.
INFO - 2025-02-01 21:06:54 --> Session: Class initialized using 'CodeIgniter\Session\Handlers\DatabaseHandler' driver.
INFO - 2025-02-01 21:11:42 --> Session: Class initialized using 'CodeIgniter\Session\Handlers\DatabaseHandler' driver.
INFO - 2025-02-01 21:19:05 --> Session: Class initialized using 'CodeIgniter\Session\Handlers\DatabaseHandler' driver.
INFO - 2025-02-01 21:19:18 --> Session: Class initialized using 'CodeIgniter\Session\Handlers\DatabaseHandler' driver.
INFO - 2025-02-01 21:20:30 --> Session: Class initialized using 'CodeIgniter\Session\Handlers\DatabaseHandler' driver.
INFO - 2025-02-01 21:22:08 --> Session: Class initialized using 'CodeIgniter\Session\Handlers\DatabaseHandler' driver.
INFO - 2025-02-01 21:22:27 --> Session: Class initialized using 'CodeIgniter\Session\Handlers\DatabaseHandler' driver.
INFO - 2025-02-01 21:28:05 --> Session: Class initialized using 'CodeIgniter\Session\Handlers\DatabaseHandler' driver.
INFO - 2025-02-01 21:38:54 --> Session: Class initialized using 'CodeIgniter\Session\Handlers\DatabaseHandler' driver.
INFO - 2025-02-01 21:41:30 --> Session: Class initialized using 'CodeIgniter\Session\Handlers\DatabaseHandler' driver.
INFO - 2025-02-01 21:46:22 --> Session: Class initialized using 'CodeIgniter\Session\Handlers\DatabaseHandler' driver.
INFO - 2025-02-01 21:48:47 --> Session: Class initialized using 'CodeIgniter\Session\Handlers\DatabaseHandler' driver.
INFO - 2025-02-01 21:51:08 --> Session: Class initialized using 'CodeIgniter\Session\Handlers\DatabaseHandler' driver.
INFO - 2025-02-01 21:53:06 --> Session: Class initialized using 'CodeIgniter\Session\Handlers\DatabaseHandler' driver.
INFO - 2025-02-01 21:53:17 --> Session: Class initialized using 'CodeIgniter\Session\Handlers\DatabaseHandler' driver.
INFO - 2025-02-01 21:53:21 --> Session: Class initialized using 'CodeIgniter\Session\Handlers\DatabaseHandler' driver.
INFO - 2025-02-01 21:53:22 --> Session: Class initialized using 'CodeIgniter\Session\Handlers\DatabaseHandler' driver.
INFO - 2025-02-01 21:53:24 --> Session: Class initialized using 'CodeIgniter\Session\Handlers\DatabaseHandler' driver.
INFO - 2025-02-01 21:53:26 --> Session: Class initialized using 'CodeIgniter\Session\Handlers\DatabaseHandler' driver.
INFO - 2025-02-01 21:53:26 --> Session: Class initialized using 'CodeIgniter\Session\Handlers\DatabaseHandler' driver.
INFO - 2025-02-01 21:53:29 --> Session: Class initialized using 'CodeIgniter\Session\Handlers\DatabaseHandler' driver.
INFO - 2025-02-01 21:53:31 --> Session: Class initialized using 'CodeIgniter\Session\Handlers\DatabaseHandler' driver.
INFO - 2025-02-01 21:53:33 --> Session: Class initialized using 'CodeIgniter\Session\Handlers\DatabaseHandler' driver.
INFO - 2025-02-01 21:53:35 --> Session: Class initialized using 'CodeIgniter\Session\Handlers\DatabaseHandler' driver.
INFO - 2025-02-01 21:53:35 --> Session: Class initialized using 'CodeIgniter\Session\Handlers\DatabaseHandler' driver.
INFO - 2025-02-01 21:53:37 --> Session: Class initialized using 'CodeIgniter\Session\Handlers\DatabaseHandler' driver.
INFO - 2025-02-01 21:53:39 --> Session: Class initialized using 'CodeIgniter\Session\Handlers\DatabaseHandler' driver.
INFO - 2025-02-01 21:53:41 --> Session: Class initialized using 'CodeIgniter\Session\Handlers\DatabaseHandler' driver.
INFO - 2025-02-01 21:53:43 --> Session: Class initialized using 'CodeIgniter\Session\Handlers\DatabaseHandler' driver.
INFO - 2025-02-01 21:53:44 --> Session: Class initialized using 'CodeIgniter\Session\Handlers\DatabaseHandler' driver.
INFO - 2025-02-01 21:53:46 --> Session: Class initialized using 'CodeIgniter\Session\Handlers\DatabaseHandler' driver.
INFO - 2025-02-01 21:53:48 --> Session: Class initialized using 'CodeIgniter\Session\Handlers\DatabaseHandler' driver.
INFO - 2025-02-01 21:53:50 --> Session: Class initialized using 'CodeIgniter\Session\Handlers\DatabaseHandler' driver.
INFO - 2025-02-01 21:53:52 --> Session: Class initialized using 'CodeIgniter\Session\Handlers\DatabaseHandler' driver.
INFO - 2025-02-01 21:53:52 --> Session: Class initialized using 'CodeIgniter\Session\Handlers\DatabaseHandler' driver.
INFO - 2025-02-01 21:53:54 --> Session: Class initialized using 'CodeIgniter\Session\Handlers\DatabaseHandler' driver.
INFO - 2025-02-01 21:53:56 --> Session: Class initialized using 'CodeIgniter\Session\Handlers\DatabaseHandler' driver.
INFO - 2025-02-01 21:53:58 --> Session: Class initialized using 'CodeIgniter\Session\Handlers\DatabaseHandler' driver.
INFO - 2025-02-01 21:54:00 --> Session: Class initialized using 'CodeIgniter\Session\Handlers\DatabaseHandler' driver.
INFO - 2025-02-01 21:54:00 --> Session: Class initialized using 'CodeIgniter\Session\Handlers\DatabaseHandler' driver.
INFO - 2025-02-01 21:54:03 --> Session: Class initialized using 'CodeIgniter\Session\Handlers\DatabaseHandler' driver.
INFO - 2025-02-01 21:54:05 --> Session: Class initialized using 'CodeIgniter\Session\Handlers\DatabaseHandler' driver.
INFO - 2025-02-01 21:54:07 --> Session: Class initialized using 'CodeIgniter\Session\Handlers\DatabaseHandler' driver.
INFO - 2025-02-01 21:54:08 --> Session: Class initialized using 'CodeIgniter\Session\Handlers\DatabaseHandler' driver.
INFO - 2025-02-01 21:54:09 --> Session: Class initialized using 'CodeIgniter\Session\Handlers\DatabaseHandler' driver.
INFO - 2025-02-01 21:54:11 --> Session: Class initialized using 'CodeIgniter\Session\Handlers\DatabaseHandler' driver.
INFO - 2025-02-01 21:54:13 --> Session: Class initialized using 'CodeIgniter\Session\Handlers\DatabaseHandler' driver.
INFO - 2025-02-01 21:54:15 --> Session: Class initialized using 'CodeIgniter\Session\Handlers\DatabaseHandler' driver.
INFO - 2025-02-01 21:54:16 --> Session: Class initialized using 'CodeIgniter\Session\Handlers\DatabaseHandler' driver.
INFO - 2025-02-01 21:54:17 --> Session: Class initialized using 'CodeIgniter\Session\Handlers\DatabaseHandler' driver.
INFO - 2025-02-01 21:54:20 --> Session: Class initialized using 'CodeIgniter\Session\Handlers\DatabaseHandler' driver.
INFO - 2025-02-01 21:54:22 --> Session: Class initialized using 'CodeIgniter\Session\Handlers\DatabaseHandler' driver.
INFO - 2025-02-01 21:54:22 --> Session: Class initialized using 'CodeIgniter\Session\Handlers\DatabaseHandler' driver.
INFO - 2025-02-01 21:54:24 --> Session: Class initialized using 'CodeIgniter\Session\Handlers\DatabaseHandler' driver.
INFO - 2025-02-01 21:54:25 --> Session: Class initialized using 'CodeIgniter\Session\Handlers\DatabaseHandler' driver.
INFO - 2025-02-01 21:54:26 --> Session: Class initialized using 'CodeIgniter\Session\Handlers\DatabaseHandler' driver.
INFO - 2025-02-01 21:54:27 --> Session: Class initialized using 'CodeIgniter\Session\Handlers\DatabaseHandler' driver.
INFO - 2025-02-01 21:54:28 --> Session: Class initialized using 'CodeIgniter\Session\Handlers\DatabaseHandler' driver.
INFO - 2025-02-01 21:54:29 --> Session: Class initialized using 'CodeIgniter\Session\Handlers\DatabaseHandler' driver.
INFO - 2025-02-01 21:54:31 --> Session: Class initialized using 'CodeIgniter\Session\Handlers\DatabaseHandler' driver.
INFO - 2025-02-01 21:54:33 --> Session: Class initialized using 'CodeIgniter\Session\Handlers\DatabaseHandler' driver.
INFO - 2025-02-01 21:54:33 --> Session: Class initialized using 'CodeIgniter\Session\Handlers\DatabaseHandler' driver.
INFO - 2025-02-01 21:54:34 --> Session: Class initialized using 'CodeIgniter\Session\Handlers\DatabaseHandler' driver.
INFO - 2025-02-01 21:54:35 --> Session: Class initialized using 'CodeIgniter\Session\Handlers\DatabaseHandler' driver.
INFO - 2025-02-01 21:54:37 --> Session: Class initialized using 'CodeIgniter\Session\Handlers\DatabaseHandler' driver.
INFO - 2025-02-01 21:54:38 --> Session: Class initialized using 'CodeIgniter\Session\Handlers\DatabaseHandler' driver.
INFO - 2025-02-01 21:54:39 --> Session: Class initialized using 'CodeIgniter\Session\Handlers\DatabaseHandler' driver.
INFO - 2025-02-01 21:54:40 --> Session: Class initialized using 'CodeIgniter\Session\Handlers\DatabaseHandler' driver.
INFO - 2025-02-01 21:54:41 --> Session: Class initialized using 'CodeIgniter\Session\Handlers\DatabaseHandler' driver.
INFO - 2025-02-01 21:54:42 --> Session: Class initialized using 'CodeIgniter\Session\Handlers\DatabaseHandler' driver.
INFO - 2025-02-01 21:54:43 --> Session: Class initialized using 'CodeIgniter\Session\Handlers\DatabaseHandler' driver.
INFO - 2025-02-01 21:54:45 --> Session: Class initialized using 'CodeIgniter\Session\Handlers\DatabaseHandler' driver.
INFO - 2025-02-01 21:54:47 --> Session: Class initialized using 'CodeIgniter\Session\Handlers\DatabaseHandler' driver.
INFO - 2025-02-01 21:54:47 --> Session: Class initialized using 'CodeIgniter\Session\Handlers\DatabaseHandler' driver.
INFO - 2025-02-01 21:54:48 --> Session: Class initialized using 'CodeIgniter\Session\Handlers\DatabaseHandler' driver.
INFO - 2025-02-01 21:54:51 --> Session: Class initialized using 'CodeIgniter\Session\Handlers\DatabaseHandler' driver.
INFO - 2025-02-01 21:54:52 --> Session: Class initialized using 'CodeIgniter\Session\Handlers\DatabaseHandler' driver.
INFO - 2025-02-01 21:54:55 --> Session: Class initialized using 'CodeIgniter\Session\Handlers\DatabaseHandler' driver.
INFO - 2025-02-01 21:54:57 --> Session: Class initialized using 'CodeIgniter\Session\Handlers\DatabaseHandler' driver.
INFO - 2025-02-01 21:54:57 --> Session: Class initialized using 'CodeIgniter\Session\Handlers\DatabaseHandler' driver.
INFO - 2025-02-01 21:54:58 --> Session: Class initialized using 'CodeIgniter\Session\Handlers\DatabaseHandler' driver.
INFO - 2025-02-01 21:54:59 --> Session: Class initialized using 'CodeIgniter\Session\Handlers\DatabaseHandler' driver.
INFO - 2025-02-01 21:55:00 --> Session: Class initialized using 'CodeIgniter\Session\Handlers\DatabaseHandler' driver.
INFO - 2025-02-01 21:55:01 --> Session: Class initialized using 'CodeIgniter\Session\Handlers\DatabaseHandler' driver.
INFO - 2025-02-01 21:55:02 --> Session: Class initialized using 'CodeIgniter\Session\Handlers\DatabaseHandler' driver.
INFO - 2025-02-01 21:55:03 --> Session: Class initialized using 'CodeIgniter\Session\Handlers\DatabaseHandler' driver.
INFO - 2025-02-01 21:55:04 --> Session: Class initialized using 'CodeIgniter\Session\Handlers\DatabaseHandler' driver.
INFO - 2025-02-01 21:55:05 --> Session: Class initialized using 'CodeIgniter\Session\Handlers\DatabaseHandler' driver.
INFO - 2025-02-01 21:55:06 --> Session: Class initialized using 'CodeIgniter\Session\Handlers\DatabaseHandler' driver.
INFO - 2025-02-01 21:55:07 --> Session: Class initialized using 'CodeIgniter\Session\Handlers\DatabaseHandler' driver.
INFO - 2025-02-01 21:55:08 --> Session: Class initialized using 'CodeIgniter\Session\Handlers\DatabaseHandler' driver.
INFO - 2025-02-01 21:55:09 --> Session: Class initialized using 'CodeIgniter\Session\Handlers\DatabaseHandler' driver.
INFO - 2025-02-01 21:55:10 --> Session: Class initialized using 'CodeIgniter\Session\Handlers\DatabaseHandler' driver.
INFO - 2025-02-01 21:55:11 --> Session: Class initialized using 'CodeIgniter\Session\Handlers\DatabaseHandler' driver.
INFO - 2025-02-01 21:55:24 --> Session: Class initialized using 'CodeIgniter\Session\Handlers\DatabaseHandler' driver.
INFO - 2025-02-01 21:55:25 --> Session: Class initialized using 'CodeIgniter\Session\Handlers\DatabaseHandler' driver.
INFO - 2025-02-01 21:55:26 --> Session: Class initialized using 'CodeIgniter\Session\Handlers\DatabaseHandler' driver.
INFO - 2025-02-01 21:55:27 --> Session: Class initialized using 'CodeIgniter\Session\Handlers\DatabaseHandler' driver.
INFO - 2025-02-01 21:55:28 --> Session: Class initialized using 'CodeIgniter\Session\Handlers\DatabaseHandler' driver.
INFO - 2025-02-01 21:55:40 --> Session: Class initialized using 'CodeIgniter\Session\Handlers\DatabaseHandler' driver.
INFO - 2025-02-01 21:55:46 --> Session: Class initialized using 'CodeIgniter\Session\Handlers\DatabaseHandler' driver.
INFO - 2025-02-01 21:55:46 --> CSRF token verified.
INFO - 2025-02-01 21:55:53 --> Session: Class initialized using 'CodeIgniter\Session\Handlers\DatabaseHandler' driver.
INFO - 2025-02-01 21:56:00 --> Session: Class initialized using 'CodeIgniter\Session\Handlers\DatabaseHandler' driver.
INFO - 2025-02-01 21:56:00 --> CSRF token verified.
INFO - 2025-02-01 21:56:03 --> Session: Class initialized using 'CodeIgniter\Session\Handlers\DatabaseHandler' driver.
INFO - 2025-02-01 21:56:06 --> Session: Class initialized using 'CodeIgniter\Session\Handlers\DatabaseHandler' driver.
INFO - 2025-02-01 21:56:08 --> Session: Class initialized using 'CodeIgniter\Session\Handlers\DatabaseHandler' driver.
INFO - 2025-02-01 21:56:10 --> Session: Class initialized using 'CodeIgniter\Session\Handlers\DatabaseHandler' driver.
INFO - 2025-02-01 21:56:10 --> Session: Class initialized using 'CodeIgniter\Session\Handlers\DatabaseHandler' driver.
INFO - 2025-02-01 21:56:11 --> Session: Class initialized using 'CodeIgniter\Session\Handlers\DatabaseHandler' driver.
INFO - 2025-02-01 21:56:12 --> Session: Class initialized using 'CodeIgniter\Session\Handlers\DatabaseHandler' driver.
INFO - 2025-02-01 21:56:13 --> Session: Class initialized using 'CodeIgniter\Session\Handlers\DatabaseHandler' driver.
INFO - 2025-02-01 21:56:15 --> Session: Class initialized using 'CodeIgniter\Session\Handlers\DatabaseHandler' driver.
INFO - 2025-02-01 21:56:16 --> Session: Class initialized using 'CodeIgniter\Session\Handlers\DatabaseHandler' driver.
INFO - 2025-02-01 21:56:18 --> Session: Class initialized using 'CodeIgniter\Session\Handlers\DatabaseHandler' driver.
INFO - 2025-02-01 21:56:20 --> Session: Class initialized using 'CodeIgniter\Session\Handlers\DatabaseHandler' driver.
INFO - 2025-02-01 21:56:21 --> Session: Class initialized using 'CodeIgniter\Session\Handlers\DatabaseHandler' driver.
INFO - 2025-02-01 21:56:22 --> Session: Class initialized using 'CodeIgniter\Session\Handlers\DatabaseHandler' driver.
INFO - 2025-02-01 21:56:22 --> Session: Class initialized using 'CodeIgniter\Session\Handlers\DatabaseHandler' driver.
INFO - 2025-02-01 21:56:24 --> Session: Class initialized using 'CodeIgniter\Session\Handlers\DatabaseHandler' driver.
INFO - 2025-02-01 21:56:25 --> Session: Class initialized using 'CodeIgniter\Session\Handlers\DatabaseHandler' driver.
INFO - 2025-02-01 21:56:27 --> Session: Class initialized using 'CodeIgniter\Session\Handlers\DatabaseHandler' driver.
INFO - 2025-02-01 21:56:29 --> Session: Class initialized using 'CodeIgniter\Session\Handlers\DatabaseHandler' driver.
INFO - 2025-02-01 21:56:30 --> Session: Class initialized using 'CodeIgniter\Session\Handlers\DatabaseHandler' driver.
INFO - 2025-02-01 21:56:31 --> Session: Class initialized using 'CodeIgniter\Session\Handlers\DatabaseHandler' driver.
INFO - 2025-02-01 21:56:32 --> Session: Class initialized using 'CodeIgniter\Session\Handlers\DatabaseHandler' driver.
INFO - 2025-02-01 21:56:33 --> Session: Class initialized using 'CodeIgniter\Session\Handlers\DatabaseHandler' driver.
INFO - 2025-02-01 21:56:34 --> Session: Class initialized using 'CodeIgniter\Session\Handlers\DatabaseHandler' driver.
INFO - 2025-02-01 21:56:35 --> Session: Class initialized using 'CodeIgniter\Session\Handlers\DatabaseHandler' driver.
INFO - 2025-02-01 21:56:36 --> Session: Class initialized using 'CodeIgniter\Session\Handlers\DatabaseHandler' driver.
INFO - 2025-02-01 21:56:37 --> Session: Class initialized using 'CodeIgniter\Session\Handlers\DatabaseHandler' driver.
INFO - 2025-02-01 21:56:38 --> Session: Class initialized using 'CodeIgniter\Session\Handlers\DatabaseHandler' driver.
INFO - 2025-02-01 21:56:39 --> Session: Class initialized using 'CodeIgniter\Session\Handlers\DatabaseHandler' driver.
INFO - 2025-02-01 21:56:40 --> Session: Class initialized using 'CodeIgniter\Session\Handlers\DatabaseHandler' driver.
INFO - 2025-02-01 21:56:41 --> Session: Class initialized using 'CodeIgniter\Session\Handlers\DatabaseHandler' driver.
INFO - 2025-02-01 21:56:42 --> Session: Class initialized using 'CodeIgniter\Session\Handlers\DatabaseHandler' driver.
INFO - 2025-02-01 21:56:44 --> Session: Class initialized using 'CodeIgniter\Session\Handlers\DatabaseHandler' driver.
INFO - 2025-02-01 21:56:45 --> Session: Class initialized using 'CodeIgniter\Session\Handlers\DatabaseHandler' driver.
INFO - 2025-02-01 21:56:46 --> Session: Class initialized using 'CodeIgniter\Session\Handlers\DatabaseHandler' driver.
INFO - 2025-02-01 21:56:47 --> Session: Class initialized using 'CodeIgniter\Session\Handlers\DatabaseHandler' driver.
INFO - 2025-02-01 21:56:48 --> Session: Class initialized using 'CodeIgniter\Session\Handlers\DatabaseHandler' driver.
INFO - 2025-02-01 21:56:49 --> Session: Class initialized using 'CodeIgniter\Session\Handlers\DatabaseHandler' driver.
INFO - 2025-02-01 21:56:50 --> Session: Class initialized using 'CodeIgniter\Session\Handlers\DatabaseHandler' driver.
INFO - 2025-02-01 21:56:51 --> Session: Class initialized using 'CodeIgniter\Session\Handlers\DatabaseHandler' driver.
INFO - 2025-02-01 21:56:52 --> Session: Class initialized using 'CodeIgniter\Session\Handlers\DatabaseHandler' driver.
INFO - 2025-02-01 21:56:53 --> Session: Class initialized using 'CodeIgniter\Session\Handlers\DatabaseHandler' driver.
INFO - 2025-02-01 21:56:54 --> Session: Class initialized using 'CodeIgniter\Session\Handlers\DatabaseHandler' driver.
INFO - 2025-02-01 21:56:55 --> Session: Class initialized using 'CodeIgniter\Session\Handlers\DatabaseHandler' driver.
INFO - 2025-02-01 21:56:56 --> Session: Class initialized using 'CodeIgniter\Session\Handlers\DatabaseHandler' driver.
INFO - 2025-02-01 21:56:57 --> Session: Class initialized using 'CodeIgniter\Session\Handlers\DatabaseHandler' driver.
INFO - 2025-02-01 21:56:58 --> Session: Class initialized using 'CodeIgniter\Session\Handlers\DatabaseHandler' driver.
INFO - 2025-02-01 21:56:59 --> Session: Class initialized using 'CodeIgniter\Session\Handlers\DatabaseHandler' driver.
INFO - 2025-02-01 21:57:00 --> Session: Class initialized using 'CodeIgniter\Session\Handlers\DatabaseHandler' driver.
INFO - 2025-02-01 21:57:01 --> Session: Class initialized using 'CodeIgniter\Session\Handlers\DatabaseHandler' driver.
INFO - 2025-02-01 21:57:02 --> Session: Class initialized using 'CodeIgniter\Session\Handlers\DatabaseHandler' driver.
INFO - 2025-02-01 21:57:04 --> Session: Class initialized using 'CodeIgniter\Session\Handlers\DatabaseHandler' driver.
INFO - 2025-02-01 21:57:05 --> Session: Class initialized using 'CodeIgniter\Session\Handlers\DatabaseHandler' driver.
INFO - 2025-02-01 21:57:06 --> Session: Class initialized using 'CodeIgniter\Session\Handlers\DatabaseHandler' driver.
INFO - 2025-02-01 21:57:07 --> Session: Class initialized using 'CodeIgniter\Session\Handlers\DatabaseHandler' driver.
INFO - 2025-02-01 21:57:08 --> Session: Class initialized using 'CodeIgniter\Session\Handlers\DatabaseHandler' driver.
INFO - 2025-02-01 21:57:09 --> Session: Class initialized using 'CodeIgniter\Session\Handlers\DatabaseHandler' driver.
INFO - 2025-02-01 21:57:10 --> Session: Class initialized using 'CodeIgniter\Session\Handlers\DatabaseHandler' driver.
INFO - 2025-02-01 21:57:11 --> Session: Class initialized using 'CodeIgniter\Session\Handlers\DatabaseHandler' driver.
INFO - 2025-02-01 21:57:13 --> Session: Class initialized using 'CodeIgniter\Session\Handlers\DatabaseHandler' driver.
INFO - 2025-02-01 21:57:14 --> Session: Class initialized using 'CodeIgniter\Session\Handlers\DatabaseHandler' driver.
INFO - 2025-02-01 21:57:15 --> Session: Class initialized using 'CodeIgniter\Session\Handlers\DatabaseHandler' driver.
INFO - 2025-02-01 21:57:16 --> Session: Class initialized using 'CodeIgniter\Session\Handlers\DatabaseHandler' driver.
INFO - 2025-02-01 21:58:38 --> Session: Class initialized using 'CodeIgniter\Session\Handlers\DatabaseHandler' driver.
INFO - 2025-02-01 22:00:53 --> Session: Class initialized using 'CodeIgniter\Session\Handlers\DatabaseHandler' driver.
INFO - 2025-02-01 22:01:29 --> Session: Class initialized using 'CodeIgniter\Session\Handlers\DatabaseHandler' driver.
INFO - 2025-02-01 22:02:41 --> Session: Class initialized using 'CodeIgniter\Session\Handlers\DatabaseHandler' driver.
INFO - 2025-02-01 22:05:44 --> Session: Class initialized using 'CodeIgniter\Session\Handlers\DatabaseHandler' driver.
INFO - 2025-02-01 22:07:29 --> Session: Class initialized using 'CodeIgniter\Session\Handlers\DatabaseHandler' driver.
INFO - 2025-02-01 22:07:33 --> Session: Class initialized using 'CodeIgniter\Session\Handlers\DatabaseHandler' driver.
INFO - 2025-02-01 22:07:35 --> Session: Class initialized using 'CodeIgniter\Session\Handlers\DatabaseHandler' driver.
INFO - 2025-02-01 22:11:43 --> Session: Class initialized using 'CodeIgniter\Session\Handlers\DatabaseHandler' driver.
INFO - 2025-02-01 22:14:18 --> Session: Class initialized using 'CodeIgniter\Session\Handlers\DatabaseHandler' driver.
INFO - 2025-02-01 22:16:44 --> Session: Class initialized using 'CodeIgniter\Session\Handlers\DatabaseHandler' driver.
INFO - 2025-02-01 22:22:13 --> Session: Class initialized using 'CodeIgniter\Session\Handlers\DatabaseHandler' driver.
INFO - 2025-02-01 22:24:22 --> Session: Class initialized using 'CodeIgniter\Session\Handlers\DatabaseHandler' driver.
INFO - 2025-02-01 22:24:26 --> Session: Class initialized using 'CodeIgniter\Session\Handlers\DatabaseHandler' driver.
INFO - 2025-02-01 22:31:06 --> Session: Class initialized using 'CodeIgniter\Session\Handlers\DatabaseHandler' driver.
INFO - 2025-02-01 22:31:13 --> Session: Class initialized using 'CodeIgniter\Session\Handlers\DatabaseHandler' driver.
INFO - 2025-02-01 22:31:48 --> Session: Class initialized using 'CodeIgniter\Session\Handlers\DatabaseHandler' driver.
INFO - 2025-02-01 22:33:18 --> Session: Class initialized using 'CodeIgniter\Session\Handlers\DatabaseHandler' driver.
INFO - 2025-02-01 22:50:38 --> Session: Class initialized using 'CodeIgniter\Session\Handlers\DatabaseHandler' driver.
INFO - 2025-02-01 22:50:40 --> Session: Class initialized using 'CodeIgniter\Session\Handlers\DatabaseHandler' driver.
INFO - 2025-02-01 22:52:07 --> Session: Class initialized using 'CodeIgniter\Session\Handlers\DatabaseHandler' driver.
INFO - 2025-02-01 22:52:10 --> Session: Class initialized using 'CodeIgniter\Session\Handlers\DatabaseHandler' driver.
INFO - 2025-02-01 22:53:34 --> Session: Class initialized using 'CodeIgniter\Session\Handlers\DatabaseHandler' driver.
INFO - 2025-02-01 22:54:30 --> Session: Class initialized using 'CodeIgniter\Session\Handlers\DatabaseHandler' driver.
INFO - 2025-02-01 22:55:12 --> Session: Class initialized using 'CodeIgniter\Session\Handlers\DatabaseHandler' driver.
INFO - 2025-02-01 22:55:37 --> Session: Class initialized using 'CodeIgniter\Session\Handlers\DatabaseHandler' driver.
INFO - 2025-02-01 22:57:37 --> Session: Class initialized using 'CodeIgniter\Session\Handlers\DatabaseHandler' driver.
INFO - 2025-02-01 22:57:41 --> Session: Class initialized using 'CodeIgniter\Session\Handlers\DatabaseHandler' driver.
INFO - 2025-02-01 23:07:04 --> Session: Class initialized using 'CodeIgniter\Session\Handlers\DatabaseHandler' driver.
INFO - 2025-02-01 23:09:21 --> Session: Class initialized using 'CodeIgniter\Session\Handlers\DatabaseHandler' driver.
INFO - 2025-02-01 23:10:02 --> Session: Class initialized using 'CodeIgniter\Session\Handlers\DatabaseHandler' driver.
INFO - 2025-02-01 23:11:49 --> Session: Class initialized using 'CodeIgniter\Session\Handlers\DatabaseHandler' driver.
INFO - 2025-02-01 23:13:17 --> Session: Class initialized using 'CodeIgniter\Session\Handlers\DatabaseHandler' driver.
INFO - 2025-02-01 23:15:51 --> Session: Class initialized using 'CodeIgniter\Session\Handlers\DatabaseHandler' driver.
INFO - 2025-02-01 23:15:53 --> Session: Class initialized using 'CodeIgniter\Session\Handlers\DatabaseHandler' driver.
INFO - 2025-02-01 23:16:47 --> Session: Class initialized using 'CodeIgniter\Session\Handlers\DatabaseHandler' driver.
INFO - 2025-02-01 23:17:38 --> Session: Class initialized using 'CodeIgniter\Session\Handlers\DatabaseHandler' driver.
INFO - 2025-02-01 23:24:46 --> Session: Class initialized using 'CodeIgniter\Session\Handlers\DatabaseHandler' driver.
INFO - 2025-02-01 23:24:54 --> Session: Class initialized using 'CodeIgniter\Session\Handlers\DatabaseHandler' driver.
INFO - 2025-02-01 23:25:50 --> Session: Class initialized using 'CodeIgniter\Session\Handlers\DatabaseHandler' driver.
INFO - 2025-02-01 23:27:32 --> Session: Class initialized using 'CodeIgniter\Session\Handlers\DatabaseHandler' driver.
INFO - 2025-02-01 23:28:04 --> Session: Class initialized using 'CodeIgniter\Session\Handlers\DatabaseHandler' driver.
INFO - 2025-02-01 23:29:02 --> Session: Class initialized using 'CodeIgniter\Session\Handlers\DatabaseHandler' driver.
INFO - 2025-02-01 23:29:04 --> Session: Class initialized using 'CodeIgniter\Session\Handlers\DatabaseHandler' driver.
INFO - 2025-02-01 23:30:34 --> Session: Class initialized using 'CodeIgniter\Session\Handlers\DatabaseHandler' driver.
INFO - 2025-02-01 23:33:29 --> Session: Class initialized using 'CodeIgniter\Session\Handlers\DatabaseHandler' driver.
INFO - 2025-02-01 23:36:53 --> Session: Class initialized using 'CodeIgniter\Session\Handlers\DatabaseHandler' driver.
INFO - 2025-02-01 23:39:22 --> Session: Class initialized using 'CodeIgniter\Session\Handlers\DatabaseHandler' driver.
INFO - 2025-02-01 23:41:30 --> Session: Class initialized using 'CodeIgniter\Session\Handlers\DatabaseHandler' driver.
INFO - 2025-02-01 23:46:51 --> Session: Class initialized using 'CodeIgniter\Session\Handlers\DatabaseHandler' driver.
INFO - 2025-02-01 23:47:11 --> Session: Class initialized using 'CodeIgniter\Session\Handlers\DatabaseHandler' driver.
INFO - 2025-02-01 23:49:34 --> Session: Class initialized using 'CodeIgniter\Session\Handlers\DatabaseHandler' driver.
INFO - 2025-02-01 23:49:35 --> Session: Class initialized using 'CodeIgniter\Session\Handlers\DatabaseHandler' driver.
INFO - 2025-02-01 23:52:34 --> Session: Class initialized using 'CodeIgniter\Session\Handlers\DatabaseHandler' driver.
INFO - 2025-02-01 23:55:27 --> Session: Class initialized using 'CodeIgniter\Session\Handlers\DatabaseHandler' driver.
INFO - 2025-02-01 23:55:53 --> Session: Class initialized using 'CodeIgniter\Session\Handlers\DatabaseHandler' driver.
INFO - 2025-02-01 23:56:15 --> Session: Class initialized using 'CodeIgniter\Session\Handlers\DatabaseHandler' driver.
INFO - 2025-02-01 23:56:35 --> Session: Class initialized using 'CodeIgniter\Session\Handlers\DatabaseHandler' driver.
INFO - 2025-02-01 23:57:11 --> Session: Class initialized using 'CodeIgniter\Session\Handlers\DatabaseHandler' driver.
