INFO - 2024-11-09 00:02:23 --> Session: Class initialized using 'CodeIgniter\Session\Handlers\DatabaseHandler' driver.
INFO - 2024-11-09 00:06:47 --> Session: Class initialized using 'CodeIgniter\Session\Handlers\DatabaseHandler' driver.
INFO - 2024-11-09 00:11:20 --> Session: Class initialized using 'CodeIgniter\Session\Handlers\DatabaseHandler' driver.
INFO - 2024-11-09 00:15:57 --> Session: Class initialized using 'CodeIgniter\Session\Handlers\DatabaseHandler' driver.
INFO - 2024-11-09 00:20:17 --> Session: Class initialized using 'CodeIgniter\Session\Handlers\DatabaseHandler' driver.
INFO - 2024-11-09 00:24:47 --> Session: Class initialized using 'CodeIgniter\Session\Handlers\DatabaseHandler' driver.
INFO - 2024-11-09 00:29:14 --> Session: Class initialized using 'CodeIgniter\Session\Handlers\DatabaseHandler' driver.
INFO - 2024-11-09 00:29:34 --> Session: Class initialized using 'CodeIgniter\Session\Handlers\DatabaseHandler' driver.
INFO - 2024-11-09 00:34:10 --> Session: Class initialized using 'CodeIgniter\Session\Handlers\DatabaseHandler' driver.
INFO - 2024-11-09 00:38:58 --> Session: Class initialized using 'CodeIgniter\Session\Handlers\DatabaseHandler' driver.
INFO - 2024-11-09 00:43:50 --> Session: Class initialized using 'CodeIgniter\Session\Handlers\DatabaseHandler' driver.
INFO - 2024-11-09 00:48:27 --> Session: Class initialized using 'CodeIgniter\Session\Handlers\DatabaseHandler' driver.
INFO - 2024-11-09 00:53:43 --> Session: Class initialized using 'CodeIgniter\Session\Handlers\DatabaseHandler' driver.
INFO - 2024-11-09 00:58:35 --> Session: Class initialized using 'CodeIgniter\Session\Handlers\DatabaseHandler' driver.
INFO - 2024-11-09 01:03:53 --> Session: Class initialized using 'CodeIgniter\Session\Handlers\DatabaseHandler' driver.
INFO - 2024-11-09 01:07:39 --> Session: Class initialized using 'CodeIgniter\Session\Handlers\DatabaseHandler' driver.
INFO - 2024-11-09 01:08:32 --> Session: Class initialized using 'CodeIgniter\Session\Handlers\DatabaseHandler' driver.
INFO - 2024-11-09 01:09:45 --> Session: Class initialized using 'CodeIgniter\Session\Handlers\DatabaseHandler' driver.
INFO - 2024-11-09 01:19:37 --> Session: Class initialized using 'CodeIgniter\Session\Handlers\DatabaseHandler' driver.
INFO - 2024-11-09 01:21:29 --> Session: Class initialized using 'CodeIgniter\Session\Handlers\DatabaseHandler' driver.
INFO - 2024-11-09 01:26:12 --> Session: Class initialized using 'CodeIgniter\Session\Handlers\DatabaseHandler' driver.
INFO - 2024-11-09 01:31:14 --> Session: Class initialized using 'CodeIgniter\Session\Handlers\DatabaseHandler' driver.
INFO - 2024-11-09 01:35:03 --> Session: Class initialized using 'CodeIgniter\Session\Handlers\DatabaseHandler' driver.
INFO - 2024-11-09 01:36:10 --> Session: Class initialized using 'CodeIgniter\Session\Handlers\DatabaseHandler' driver.
INFO - 2024-11-09 01:40:46 --> Session: Class initialized using 'CodeIgniter\Session\Handlers\DatabaseHandler' driver.
INFO - 2024-11-09 01:45:21 --> Session: Class initialized using 'CodeIgniter\Session\Handlers\DatabaseHandler' driver.
INFO - 2024-11-09 01:50:12 --> Session: Class initialized using 'CodeIgniter\Session\Handlers\DatabaseHandler' driver.
INFO - 2024-11-09 01:54:34 --> Session: Class initialized using 'CodeIgniter\Session\Handlers\DatabaseHandler' driver.
INFO - 2024-11-09 01:58:47 --> Session: Class initialized using 'CodeIgniter\Session\Handlers\DatabaseHandler' driver.
INFO - 2024-11-09 01:58:59 --> Session: Class initialized using 'CodeIgniter\Session\Handlers\DatabaseHandler' driver.
INFO - 2024-11-09 01:59:08 --> Session: Class initialized using 'CodeIgniter\Session\Handlers\DatabaseHandler' driver.
INFO - 2024-11-09 01:59:15 --> Session: Class initialized using 'CodeIgniter\Session\Handlers\DatabaseHandler' driver.
INFO - 2024-11-09 01:59:20 --> Session: Class initialized using 'CodeIgniter\Session\Handlers\DatabaseHandler' driver.
INFO - 2024-11-09 01:59:23 --> Session: Class initialized using 'CodeIgniter\Session\Handlers\DatabaseHandler' driver.
INFO - 2024-11-09 01:59:33 --> Session: Class initialized using 'CodeIgniter\Session\Handlers\DatabaseHandler' driver.
INFO - 2024-11-09 01:59:40 --> Session: Class initialized using 'CodeIgniter\Session\Handlers\DatabaseHandler' driver.
INFO - 2024-11-09 01:59:45 --> Session: Class initialized using 'CodeIgniter\Session\Handlers\DatabaseHandler' driver.
INFO - 2024-11-09 01:59:55 --> Session: Class initialized using 'CodeIgniter\Session\Handlers\DatabaseHandler' driver.
INFO - 2024-11-09 02:00:04 --> Session: Class initialized using 'CodeIgniter\Session\Handlers\DatabaseHandler' driver.
INFO - 2024-11-09 02:00:11 --> Session: Class initialized using 'CodeIgniter\Session\Handlers\DatabaseHandler' driver.
INFO - 2024-11-09 02:00:14 --> Session: Class initialized using 'CodeIgniter\Session\Handlers\DatabaseHandler' driver.
INFO - 2024-11-09 02:00:22 --> Session: Class initialized using 'CodeIgniter\Session\Handlers\DatabaseHandler' driver.
INFO - 2024-11-09 02:00:30 --> Session: Class initialized using 'CodeIgniter\Session\Handlers\DatabaseHandler' driver.
INFO - 2024-11-09 02:00:36 --> Session: Class initialized using 'CodeIgniter\Session\Handlers\DatabaseHandler' driver.
INFO - 2024-11-09 02:00:45 --> Session: Class initialized using 'CodeIgniter\Session\Handlers\DatabaseHandler' driver.
INFO - 2024-11-09 02:00:53 --> Session: Class initialized using 'CodeIgniter\Session\Handlers\DatabaseHandler' driver.
INFO - 2024-11-09 02:01:01 --> Session: Class initialized using 'CodeIgniter\Session\Handlers\DatabaseHandler' driver.
INFO - 2024-11-09 02:01:09 --> Session: Class initialized using 'CodeIgniter\Session\Handlers\DatabaseHandler' driver.
INFO - 2024-11-09 02:01:17 --> Session: Class initialized using 'CodeIgniter\Session\Handlers\DatabaseHandler' driver.
INFO - 2024-11-09 02:01:25 --> Session: Class initialized using 'CodeIgniter\Session\Handlers\DatabaseHandler' driver.
INFO - 2024-11-09 02:01:32 --> Session: Class initialized using 'CodeIgniter\Session\Handlers\DatabaseHandler' driver.
INFO - 2024-11-09 02:01:39 --> Session: Class initialized using 'CodeIgniter\Session\Handlers\DatabaseHandler' driver.
INFO - 2024-11-09 02:01:46 --> Session: Class initialized using 'CodeIgniter\Session\Handlers\DatabaseHandler' driver.
INFO - 2024-11-09 02:01:55 --> Session: Class initialized using 'CodeIgniter\Session\Handlers\DatabaseHandler' driver.
INFO - 2024-11-09 02:02:05 --> Session: Class initialized using 'CodeIgniter\Session\Handlers\DatabaseHandler' driver.
INFO - 2024-11-09 02:02:11 --> Session: Class initialized using 'CodeIgniter\Session\Handlers\DatabaseHandler' driver.
INFO - 2024-11-09 02:02:19 --> Session: Class initialized using 'CodeIgniter\Session\Handlers\DatabaseHandler' driver.
INFO - 2024-11-09 02:02:26 --> Session: Class initialized using 'CodeIgniter\Session\Handlers\DatabaseHandler' driver.
INFO - 2024-11-09 02:02:35 --> Session: Class initialized using 'CodeIgniter\Session\Handlers\DatabaseHandler' driver.
INFO - 2024-11-09 02:02:43 --> Session: Class initialized using 'CodeIgniter\Session\Handlers\DatabaseHandler' driver.
INFO - 2024-11-09 02:02:51 --> Session: Class initialized using 'CodeIgniter\Session\Handlers\DatabaseHandler' driver.
INFO - 2024-11-09 02:02:59 --> Session: Class initialized using 'CodeIgniter\Session\Handlers\DatabaseHandler' driver.
INFO - 2024-11-09 02:03:04 --> Session: Class initialized using 'CodeIgniter\Session\Handlers\DatabaseHandler' driver.
INFO - 2024-11-09 02:03:12 --> Session: Class initialized using 'CodeIgniter\Session\Handlers\DatabaseHandler' driver.
INFO - 2024-11-09 02:03:21 --> Session: Class initialized using 'CodeIgniter\Session\Handlers\DatabaseHandler' driver.
INFO - 2024-11-09 02:03:30 --> Session: Class initialized using 'CodeIgniter\Session\Handlers\DatabaseHandler' driver.
INFO - 2024-11-09 02:03:38 --> Session: Class initialized using 'CodeIgniter\Session\Handlers\DatabaseHandler' driver.
INFO - 2024-11-09 02:03:45 --> Session: Class initialized using 'CodeIgniter\Session\Handlers\DatabaseHandler' driver.
INFO - 2024-11-09 02:03:51 --> Session: Class initialized using 'CodeIgniter\Session\Handlers\DatabaseHandler' driver.
INFO - 2024-11-09 02:03:57 --> Session: Class initialized using 'CodeIgniter\Session\Handlers\DatabaseHandler' driver.
INFO - 2024-11-09 02:04:04 --> Session: Class initialized using 'CodeIgniter\Session\Handlers\DatabaseHandler' driver.
INFO - 2024-11-09 02:04:07 --> Session: Class initialized using 'CodeIgniter\Session\Handlers\DatabaseHandler' driver.
INFO - 2024-11-09 02:04:09 --> Session: Class initialized using 'CodeIgniter\Session\Handlers\DatabaseHandler' driver.
INFO - 2024-11-09 02:04:15 --> Session: Class initialized using 'CodeIgniter\Session\Handlers\DatabaseHandler' driver.
INFO - 2024-11-09 02:04:20 --> Session: Class initialized using 'CodeIgniter\Session\Handlers\DatabaseHandler' driver.
INFO - 2024-11-09 02:04:26 --> Session: Class initialized using 'CodeIgniter\Session\Handlers\DatabaseHandler' driver.
INFO - 2024-11-09 02:04:34 --> Session: Class initialized using 'CodeIgniter\Session\Handlers\DatabaseHandler' driver.
INFO - 2024-11-09 02:04:41 --> Session: Class initialized using 'CodeIgniter\Session\Handlers\DatabaseHandler' driver.
INFO - 2024-11-09 02:04:48 --> Session: Class initialized using 'CodeIgniter\Session\Handlers\DatabaseHandler' driver.
INFO - 2024-11-09 02:04:49 --> Session: Class initialized using 'CodeIgniter\Session\Handlers\DatabaseHandler' driver.
INFO - 2024-11-09 02:04:56 --> Session: Class initialized using 'CodeIgniter\Session\Handlers\DatabaseHandler' driver.
INFO - 2024-11-09 02:05:01 --> Session: Class initialized using 'CodeIgniter\Session\Handlers\DatabaseHandler' driver.
INFO - 2024-11-09 02:05:06 --> Session: Class initialized using 'CodeIgniter\Session\Handlers\DatabaseHandler' driver.
INFO - 2024-11-09 02:05:07 --> Session: Class initialized using 'CodeIgniter\Session\Handlers\DatabaseHandler' driver.
INFO - 2024-11-09 02:05:07 --> Session: Class initialized using 'CodeIgniter\Session\Handlers\DatabaseHandler' driver.
INFO - 2024-11-09 02:05:14 --> Session: Class initialized using 'CodeIgniter\Session\Handlers\DatabaseHandler' driver.
INFO - 2024-11-09 02:05:17 --> Session: Class initialized using 'CodeIgniter\Session\Handlers\DatabaseHandler' driver.
INFO - 2024-11-09 02:05:20 --> Session: Class initialized using 'CodeIgniter\Session\Handlers\DatabaseHandler' driver.
INFO - 2024-11-09 02:05:29 --> Session: Class initialized using 'CodeIgniter\Session\Handlers\DatabaseHandler' driver.
INFO - 2024-11-09 02:05:34 --> Session: Class initialized using 'CodeIgniter\Session\Handlers\DatabaseHandler' driver.
INFO - 2024-11-09 02:05:42 --> Session: Class initialized using 'CodeIgniter\Session\Handlers\DatabaseHandler' driver.
INFO - 2024-11-09 02:05:47 --> Session: Class initialized using 'CodeIgniter\Session\Handlers\DatabaseHandler' driver.
INFO - 2024-11-09 02:05:53 --> Session: Class initialized using 'CodeIgniter\Session\Handlers\DatabaseHandler' driver.
INFO - 2024-11-09 02:05:58 --> Session: Class initialized using 'CodeIgniter\Session\Handlers\DatabaseHandler' driver.
INFO - 2024-11-09 02:06:03 --> Session: Class initialized using 'CodeIgniter\Session\Handlers\DatabaseHandler' driver.
INFO - 2024-11-09 02:06:10 --> Session: Class initialized using 'CodeIgniter\Session\Handlers\DatabaseHandler' driver.
INFO - 2024-11-09 02:06:16 --> Session: Class initialized using 'CodeIgniter\Session\Handlers\DatabaseHandler' driver.
INFO - 2024-11-09 02:06:23 --> Session: Class initialized using 'CodeIgniter\Session\Handlers\DatabaseHandler' driver.
INFO - 2024-11-09 02:06:31 --> Session: Class initialized using 'CodeIgniter\Session\Handlers\DatabaseHandler' driver.
INFO - 2024-11-09 02:06:38 --> Session: Class initialized using 'CodeIgniter\Session\Handlers\DatabaseHandler' driver.
INFO - 2024-11-09 02:06:44 --> Session: Class initialized using 'CodeIgniter\Session\Handlers\DatabaseHandler' driver.
INFO - 2024-11-09 02:06:51 --> Session: Class initialized using 'CodeIgniter\Session\Handlers\DatabaseHandler' driver.
INFO - 2024-11-09 02:06:56 --> Session: Class initialized using 'CodeIgniter\Session\Handlers\DatabaseHandler' driver.
INFO - 2024-11-09 02:07:02 --> Session: Class initialized using 'CodeIgniter\Session\Handlers\DatabaseHandler' driver.
INFO - 2024-11-09 02:07:09 --> Session: Class initialized using 'CodeIgniter\Session\Handlers\DatabaseHandler' driver.
INFO - 2024-11-09 02:07:15 --> Session: Class initialized using 'CodeIgniter\Session\Handlers\DatabaseHandler' driver.
INFO - 2024-11-09 02:07:21 --> Session: Class initialized using 'CodeIgniter\Session\Handlers\DatabaseHandler' driver.
INFO - 2024-11-09 02:07:27 --> Session: Class initialized using 'CodeIgniter\Session\Handlers\DatabaseHandler' driver.
INFO - 2024-11-09 02:07:32 --> Session: Class initialized using 'CodeIgniter\Session\Handlers\DatabaseHandler' driver.
INFO - 2024-11-09 02:07:36 --> Session: Class initialized using 'CodeIgniter\Session\Handlers\DatabaseHandler' driver.
INFO - 2024-11-09 02:07:41 --> Session: Class initialized using 'CodeIgniter\Session\Handlers\DatabaseHandler' driver.
INFO - 2024-11-09 02:07:47 --> Session: Class initialized using 'CodeIgniter\Session\Handlers\DatabaseHandler' driver.
INFO - 2024-11-09 02:07:52 --> Session: Class initialized using 'CodeIgniter\Session\Handlers\DatabaseHandler' driver.
INFO - 2024-11-09 02:07:57 --> Session: Class initialized using 'CodeIgniter\Session\Handlers\DatabaseHandler' driver.
INFO - 2024-11-09 02:08:03 --> Session: Class initialized using 'CodeIgniter\Session\Handlers\DatabaseHandler' driver.
INFO - 2024-11-09 02:08:10 --> Session: Class initialized using 'CodeIgniter\Session\Handlers\DatabaseHandler' driver.
INFO - 2024-11-09 02:08:15 --> Session: Class initialized using 'CodeIgniter\Session\Handlers\DatabaseHandler' driver.
INFO - 2024-11-09 02:08:21 --> Session: Class initialized using 'CodeIgniter\Session\Handlers\DatabaseHandler' driver.
INFO - 2024-11-09 02:08:27 --> Session: Class initialized using 'CodeIgniter\Session\Handlers\DatabaseHandler' driver.
INFO - 2024-11-09 02:08:33 --> Session: Class initialized using 'CodeIgniter\Session\Handlers\DatabaseHandler' driver.
INFO - 2024-11-09 02:08:38 --> Session: Class initialized using 'CodeIgniter\Session\Handlers\DatabaseHandler' driver.
INFO - 2024-11-09 02:08:42 --> Session: Class initialized using 'CodeIgniter\Session\Handlers\DatabaseHandler' driver.
INFO - 2024-11-09 02:08:47 --> Session: Class initialized using 'CodeIgniter\Session\Handlers\DatabaseHandler' driver.
INFO - 2024-11-09 02:08:51 --> Session: Class initialized using 'CodeIgniter\Session\Handlers\DatabaseHandler' driver.
INFO - 2024-11-09 02:08:58 --> Session: Class initialized using 'CodeIgniter\Session\Handlers\DatabaseHandler' driver.
INFO - 2024-11-09 02:09:04 --> Session: Class initialized using 'CodeIgniter\Session\Handlers\DatabaseHandler' driver.
INFO - 2024-11-09 02:09:11 --> Session: Class initialized using 'CodeIgniter\Session\Handlers\DatabaseHandler' driver.
INFO - 2024-11-09 02:09:15 --> Session: Class initialized using 'CodeIgniter\Session\Handlers\DatabaseHandler' driver.
INFO - 2024-11-09 02:09:21 --> Session: Class initialized using 'CodeIgniter\Session\Handlers\DatabaseHandler' driver.
INFO - 2024-11-09 02:09:24 --> Session: Class initialized using 'CodeIgniter\Session\Handlers\DatabaseHandler' driver.
INFO - 2024-11-09 02:09:27 --> Session: Class initialized using 'CodeIgniter\Session\Handlers\DatabaseHandler' driver.
INFO - 2024-11-09 02:09:32 --> Session: Class initialized using 'CodeIgniter\Session\Handlers\DatabaseHandler' driver.
INFO - 2024-11-09 02:09:37 --> Session: Class initialized using 'CodeIgniter\Session\Handlers\DatabaseHandler' driver.
INFO - 2024-11-09 02:09:42 --> Session: Class initialized using 'CodeIgniter\Session\Handlers\DatabaseHandler' driver.
INFO - 2024-11-09 02:09:48 --> Session: Class initialized using 'CodeIgniter\Session\Handlers\DatabaseHandler' driver.
INFO - 2024-11-09 02:09:54 --> Session: Class initialized using 'CodeIgniter\Session\Handlers\DatabaseHandler' driver.
INFO - 2024-11-09 02:09:59 --> Session: Class initialized using 'CodeIgniter\Session\Handlers\DatabaseHandler' driver.
INFO - 2024-11-09 02:10:03 --> Session: Class initialized using 'CodeIgniter\Session\Handlers\DatabaseHandler' driver.
INFO - 2024-11-09 02:10:08 --> Session: Class initialized using 'CodeIgniter\Session\Handlers\DatabaseHandler' driver.
INFO - 2024-11-09 02:10:13 --> Session: Class initialized using 'CodeIgniter\Session\Handlers\DatabaseHandler' driver.
INFO - 2024-11-09 02:10:17 --> Session: Class initialized using 'CodeIgniter\Session\Handlers\DatabaseHandler' driver.
INFO - 2024-11-09 02:10:24 --> Session: Class initialized using 'CodeIgniter\Session\Handlers\DatabaseHandler' driver.
INFO - 2024-11-09 02:10:30 --> Session: Class initialized using 'CodeIgniter\Session\Handlers\DatabaseHandler' driver.
INFO - 2024-11-09 02:10:34 --> Session: Class initialized using 'CodeIgniter\Session\Handlers\DatabaseHandler' driver.
INFO - 2024-11-09 02:10:39 --> Session: Class initialized using 'CodeIgniter\Session\Handlers\DatabaseHandler' driver.
INFO - 2024-11-09 02:10:44 --> Session: Class initialized using 'CodeIgniter\Session\Handlers\DatabaseHandler' driver.
INFO - 2024-11-09 02:10:49 --> Session: Class initialized using 'CodeIgniter\Session\Handlers\DatabaseHandler' driver.
INFO - 2024-11-09 02:10:53 --> Session: Class initialized using 'CodeIgniter\Session\Handlers\DatabaseHandler' driver.
INFO - 2024-11-09 02:10:57 --> Session: Class initialized using 'CodeIgniter\Session\Handlers\DatabaseHandler' driver.
INFO - 2024-11-09 02:11:02 --> Session: Class initialized using 'CodeIgniter\Session\Handlers\DatabaseHandler' driver.
INFO - 2024-11-09 02:11:08 --> Session: Class initialized using 'CodeIgniter\Session\Handlers\DatabaseHandler' driver.
INFO - 2024-11-09 02:11:14 --> Session: Class initialized using 'CodeIgniter\Session\Handlers\DatabaseHandler' driver.
INFO - 2024-11-09 02:11:20 --> Session: Class initialized using 'CodeIgniter\Session\Handlers\DatabaseHandler' driver.
INFO - 2024-11-09 02:11:25 --> Session: Class initialized using 'CodeIgniter\Session\Handlers\DatabaseHandler' driver.
INFO - 2024-11-09 02:11:29 --> Session: Class initialized using 'CodeIgniter\Session\Handlers\DatabaseHandler' driver.
INFO - 2024-11-09 02:11:34 --> Session: Class initialized using 'CodeIgniter\Session\Handlers\DatabaseHandler' driver.
INFO - 2024-11-09 02:11:39 --> Session: Class initialized using 'CodeIgniter\Session\Handlers\DatabaseHandler' driver.
INFO - 2024-11-09 02:11:44 --> Session: Class initialized using 'CodeIgniter\Session\Handlers\DatabaseHandler' driver.
INFO - 2024-11-09 02:11:50 --> Session: Class initialized using 'CodeIgniter\Session\Handlers\DatabaseHandler' driver.
INFO - 2024-11-09 02:11:55 --> Session: Class initialized using 'CodeIgniter\Session\Handlers\DatabaseHandler' driver.
INFO - 2024-11-09 02:11:59 --> Session: Class initialized using 'CodeIgniter\Session\Handlers\DatabaseHandler' driver.
INFO - 2024-11-09 02:12:04 --> Session: Class initialized using 'CodeIgniter\Session\Handlers\DatabaseHandler' driver.
INFO - 2024-11-09 02:12:09 --> Session: Class initialized using 'CodeIgniter\Session\Handlers\DatabaseHandler' driver.
INFO - 2024-11-09 02:12:16 --> Session: Class initialized using 'CodeIgniter\Session\Handlers\DatabaseHandler' driver.
INFO - 2024-11-09 02:12:21 --> Session: Class initialized using 'CodeIgniter\Session\Handlers\DatabaseHandler' driver.
INFO - 2024-11-09 02:12:27 --> Session: Class initialized using 'CodeIgniter\Session\Handlers\DatabaseHandler' driver.
INFO - 2024-11-09 02:12:30 --> Session: Class initialized using 'CodeIgniter\Session\Handlers\DatabaseHandler' driver.
INFO - 2024-11-09 02:12:35 --> Session: Class initialized using 'CodeIgniter\Session\Handlers\DatabaseHandler' driver.
INFO - 2024-11-09 02:12:40 --> Session: Class initialized using 'CodeIgniter\Session\Handlers\DatabaseHandler' driver.
INFO - 2024-11-09 02:12:45 --> Session: Class initialized using 'CodeIgniter\Session\Handlers\DatabaseHandler' driver.
INFO - 2024-11-09 02:12:50 --> Session: Class initialized using 'CodeIgniter\Session\Handlers\DatabaseHandler' driver.
INFO - 2024-11-09 02:12:56 --> Session: Class initialized using 'CodeIgniter\Session\Handlers\DatabaseHandler' driver.
INFO - 2024-11-09 02:13:00 --> Session: Class initialized using 'CodeIgniter\Session\Handlers\DatabaseHandler' driver.
INFO - 2024-11-09 02:13:05 --> Session: Class initialized using 'CodeIgniter\Session\Handlers\DatabaseHandler' driver.
INFO - 2024-11-09 02:13:09 --> Session: Class initialized using 'CodeIgniter\Session\Handlers\DatabaseHandler' driver.
INFO - 2024-11-09 02:13:15 --> Session: Class initialized using 'CodeIgniter\Session\Handlers\DatabaseHandler' driver.
INFO - 2024-11-09 02:13:20 --> Session: Class initialized using 'CodeIgniter\Session\Handlers\DatabaseHandler' driver.
INFO - 2024-11-09 02:13:25 --> Session: Class initialized using 'CodeIgniter\Session\Handlers\DatabaseHandler' driver.
INFO - 2024-11-09 02:13:30 --> Session: Class initialized using 'CodeIgniter\Session\Handlers\DatabaseHandler' driver.
INFO - 2024-11-09 02:13:34 --> Session: Class initialized using 'CodeIgniter\Session\Handlers\DatabaseHandler' driver.
INFO - 2024-11-09 02:13:39 --> Session: Class initialized using 'CodeIgniter\Session\Handlers\DatabaseHandler' driver.
INFO - 2024-11-09 02:13:44 --> Session: Class initialized using 'CodeIgniter\Session\Handlers\DatabaseHandler' driver.
INFO - 2024-11-09 02:13:51 --> Session: Class initialized using 'CodeIgniter\Session\Handlers\DatabaseHandler' driver.
INFO - 2024-11-09 02:13:57 --> Session: Class initialized using 'CodeIgniter\Session\Handlers\DatabaseHandler' driver.
INFO - 2024-11-09 02:14:01 --> Session: Class initialized using 'CodeIgniter\Session\Handlers\DatabaseHandler' driver.
INFO - 2024-11-09 02:14:02 --> Session: Class initialized using 'CodeIgniter\Session\Handlers\DatabaseHandler' driver.
INFO - 2024-11-09 02:14:08 --> Session: Class initialized using 'CodeIgniter\Session\Handlers\DatabaseHandler' driver.
INFO - 2024-11-09 02:14:12 --> Session: Class initialized using 'CodeIgniter\Session\Handlers\DatabaseHandler' driver.
INFO - 2024-11-09 02:14:16 --> Session: Class initialized using 'CodeIgniter\Session\Handlers\DatabaseHandler' driver.
INFO - 2024-11-09 02:14:21 --> Session: Class initialized using 'CodeIgniter\Session\Handlers\DatabaseHandler' driver.
INFO - 2024-11-09 02:14:25 --> Session: Class initialized using 'CodeIgniter\Session\Handlers\DatabaseHandler' driver.
INFO - 2024-11-09 02:14:30 --> Session: Class initialized using 'CodeIgniter\Session\Handlers\DatabaseHandler' driver.
INFO - 2024-11-09 02:14:35 --> Session: Class initialized using 'CodeIgniter\Session\Handlers\DatabaseHandler' driver.
INFO - 2024-11-09 02:14:41 --> Session: Class initialized using 'CodeIgniter\Session\Handlers\DatabaseHandler' driver.
INFO - 2024-11-09 02:14:47 --> Session: Class initialized using 'CodeIgniter\Session\Handlers\DatabaseHandler' driver.
INFO - 2024-11-09 02:14:51 --> Session: Class initialized using 'CodeIgniter\Session\Handlers\DatabaseHandler' driver.
INFO - 2024-11-09 02:14:56 --> Session: Class initialized using 'CodeIgniter\Session\Handlers\DatabaseHandler' driver.
INFO - 2024-11-09 02:15:02 --> Session: Class initialized using 'CodeIgniter\Session\Handlers\DatabaseHandler' driver.
INFO - 2024-11-09 02:15:06 --> Session: Class initialized using 'CodeIgniter\Session\Handlers\DatabaseHandler' driver.
INFO - 2024-11-09 02:15:10 --> Session: Class initialized using 'CodeIgniter\Session\Handlers\DatabaseHandler' driver.
INFO - 2024-11-09 02:15:14 --> Session: Class initialized using 'CodeIgniter\Session\Handlers\DatabaseHandler' driver.
INFO - 2024-11-09 02:15:18 --> Session: Class initialized using 'CodeIgniter\Session\Handlers\DatabaseHandler' driver.
INFO - 2024-11-09 02:15:22 --> Session: Class initialized using 'CodeIgniter\Session\Handlers\DatabaseHandler' driver.
INFO - 2024-11-09 02:15:27 --> Session: Class initialized using 'CodeIgniter\Session\Handlers\DatabaseHandler' driver.
INFO - 2024-11-09 02:15:32 --> Session: Class initialized using 'CodeIgniter\Session\Handlers\DatabaseHandler' driver.
INFO - 2024-11-09 02:15:37 --> Session: Class initialized using 'CodeIgniter\Session\Handlers\DatabaseHandler' driver.
INFO - 2024-11-09 02:15:42 --> Session: Class initialized using 'CodeIgniter\Session\Handlers\DatabaseHandler' driver.
INFO - 2024-11-09 02:15:46 --> Session: Class initialized using 'CodeIgniter\Session\Handlers\DatabaseHandler' driver.
INFO - 2024-11-09 02:15:52 --> Session: Class initialized using 'CodeIgniter\Session\Handlers\DatabaseHandler' driver.
INFO - 2024-11-09 02:15:56 --> Session: Class initialized using 'CodeIgniter\Session\Handlers\DatabaseHandler' driver.
INFO - 2024-11-09 02:15:59 --> Session: Class initialized using 'CodeIgniter\Session\Handlers\DatabaseHandler' driver.
INFO - 2024-11-09 02:16:03 --> Session: Class initialized using 'CodeIgniter\Session\Handlers\DatabaseHandler' driver.
INFO - 2024-11-09 02:16:09 --> Session: Class initialized using 'CodeIgniter\Session\Handlers\DatabaseHandler' driver.
INFO - 2024-11-09 02:16:13 --> Session: Class initialized using 'CodeIgniter\Session\Handlers\DatabaseHandler' driver.
INFO - 2024-11-09 02:16:17 --> Session: Class initialized using 'CodeIgniter\Session\Handlers\DatabaseHandler' driver.
INFO - 2024-11-09 02:16:23 --> Session: Class initialized using 'CodeIgniter\Session\Handlers\DatabaseHandler' driver.
INFO - 2024-11-09 02:16:27 --> Session: Class initialized using 'CodeIgniter\Session\Handlers\DatabaseHandler' driver.
INFO - 2024-11-09 02:16:31 --> Session: Class initialized using 'CodeIgniter\Session\Handlers\DatabaseHandler' driver.
INFO - 2024-11-09 02:16:37 --> Session: Class initialized using 'CodeIgniter\Session\Handlers\DatabaseHandler' driver.
INFO - 2024-11-09 02:16:40 --> Session: Class initialized using 'CodeIgniter\Session\Handlers\DatabaseHandler' driver.
INFO - 2024-11-09 02:16:44 --> Session: Class initialized using 'CodeIgniter\Session\Handlers\DatabaseHandler' driver.
INFO - 2024-11-09 02:16:49 --> Session: Class initialized using 'CodeIgniter\Session\Handlers\DatabaseHandler' driver.
INFO - 2024-11-09 02:16:53 --> Session: Class initialized using 'CodeIgniter\Session\Handlers\DatabaseHandler' driver.
INFO - 2024-11-09 02:16:57 --> Session: Class initialized using 'CodeIgniter\Session\Handlers\DatabaseHandler' driver.
INFO - 2024-11-09 02:17:03 --> Session: Class initialized using 'CodeIgniter\Session\Handlers\DatabaseHandler' driver.
INFO - 2024-11-09 02:17:08 --> Session: Class initialized using 'CodeIgniter\Session\Handlers\DatabaseHandler' driver.
INFO - 2024-11-09 02:17:11 --> Session: Class initialized using 'CodeIgniter\Session\Handlers\DatabaseHandler' driver.
INFO - 2024-11-09 02:17:15 --> Session: Class initialized using 'CodeIgniter\Session\Handlers\DatabaseHandler' driver.
INFO - 2024-11-09 02:17:19 --> Session: Class initialized using 'CodeIgniter\Session\Handlers\DatabaseHandler' driver.
INFO - 2024-11-09 02:17:23 --> Session: Class initialized using 'CodeIgniter\Session\Handlers\DatabaseHandler' driver.
INFO - 2024-11-09 02:17:27 --> Session: Class initialized using 'CodeIgniter\Session\Handlers\DatabaseHandler' driver.
INFO - 2024-11-09 02:17:32 --> Session: Class initialized using 'CodeIgniter\Session\Handlers\DatabaseHandler' driver.
INFO - 2024-11-09 02:17:36 --> Session: Class initialized using 'CodeIgniter\Session\Handlers\DatabaseHandler' driver.
INFO - 2024-11-09 02:17:40 --> Session: Class initialized using 'CodeIgniter\Session\Handlers\DatabaseHandler' driver.
INFO - 2024-11-09 02:17:43 --> Session: Class initialized using 'CodeIgniter\Session\Handlers\DatabaseHandler' driver.
INFO - 2024-11-09 02:17:48 --> Session: Class initialized using 'CodeIgniter\Session\Handlers\DatabaseHandler' driver.
INFO - 2024-11-09 02:17:52 --> Session: Class initialized using 'CodeIgniter\Session\Handlers\DatabaseHandler' driver.
INFO - 2024-11-09 02:17:56 --> Session: Class initialized using 'CodeIgniter\Session\Handlers\DatabaseHandler' driver.
INFO - 2024-11-09 02:18:01 --> Session: Class initialized using 'CodeIgniter\Session\Handlers\DatabaseHandler' driver.
CRITICAL - 2024-11-09 02:18:01 --> ErrorException: Undefined variable $mainCategories
[Method: GET, Route: products]
in APPPATH/Views/product/products.php on line 123.
 1 APPPATH/Views/product/products.php(123): CodeIgniter\Debug\Exceptions->errorHandler(2, 'Undefined variable $mainCategories', '/home/carttalog/public_html/app/Views/product/products.php', 123)
 2 SYSTEMPATH/View/View.php(234): include('/home/carttalog/public_html/app/Views/product/products.php')
 3 SYSTEMPATH/View/View.php(237): CodeIgniter\View\View->CodeIgniter\View\{closure}()
 4 SYSTEMPATH/Common.php(1195): CodeIgniter\View\View->render('product/products', [], true)
 5 APPPATH/Controllers/HomeController.php(136): view('product/products', [...])
 6 SYSTEMPATH/CodeIgniter.php(933): App\Controllers\HomeController->products()
 7 SYSTEMPATH/CodeIgniter.php(509): CodeIgniter\CodeIgniter->runController(Object(App\Controllers\HomeController))
 8 SYSTEMPATH/CodeIgniter.php(355): CodeIgniter\CodeIgniter->handleRequest(null, Object(Config\Cache), false)
 9 SYSTEMPATH/Boot.php(325): CodeIgniter\CodeIgniter->run()
10 SYSTEMPATH/Boot.php(67): CodeIgniter\Boot::runCodeIgniter(Object(CodeIgniter\CodeIgniter))
11 FCPATH/index.php(56): CodeIgniter\Boot::bootWeb(Object(Config\Paths))
CRITICAL - 2024-11-09 02:18:01 --> ErrorException: Uncaught Error: Class "Locale" not found in /home/carttalog/public_html/system/Helpers/number_helper.php:140
Stack trace:
#0 /home/carttalog/public_html/system/Helpers/number_helper.php(58): format_number(17.1, 2, NULL, Array)
#1 /home/carttalog/public_html/system/Debug/BaseExceptionHandler.php(154): number_to_size(17.1, 2)
#2 /home/carttalog/public_html/app/Views/errors/html/error_exception.php(365): CodeIgniter\Debug\BaseExceptionHandler::describeMemory(17932288)
#3 /home/carttalog/public_html/system/Debug/BaseExceptionHandler.php(266): include('/home/carttalog...')
#4 /home/carttalog/public_html/system/Debug/BaseExceptionHandler.php(269): CodeIgniter\Debug\BaseExceptionHandler->CodeIgniter\Debug\{closure}()
#5 /home/carttalog/public_html/system/Debug/ExceptionHandler.php(114): CodeIgniter\Debug\BaseExceptionHandler->render(Object(ErrorException), 500, '/home/carttalog...')
#6 /home/carttalog/public_html/system/Debug/Exceptions.php(164): CodeIgniter\Debug\ExceptionHandler->handle(Object(ErrorException), Object(CodeIgniter\HTTP\IncomingRequest), Object(CodeIgniter\HTTP\Response), 500, 1)
#7 [internal function]: CodeIgniter\Debug\Exceptions->exceptionHandler(Object(ErrorException))
#8 {main}
  thrown
【Previous Exception】
ErrorException
Undefined variable $mainCategories
#0 /home/carttalog/public_html/app/Views/product/products.php(123): CodeIgniter\Debug\Exceptions->errorHandler(2, 'Undefined varia...', '/home/carttalog...', 123)
#1 /home/carttalog/public_html/system/View/View.php(234): include('/home/carttalog...')
#2 /home/carttalog/public_html/system/View/View.php(237): CodeIgniter\View\View->CodeIgniter\View\{closure}()
#3 /home/carttalog/public_html/system/Common.php(1195): CodeIgniter\View\View->render('product/product...', Array, true)
#4 /home/carttalog/public_html/app/Controllers/HomeController.php(136): view('product/product...', Array)
#5 /home/carttalog/public_html/system/CodeIgniter.php(933): App\Controllers\HomeController->products()
#6 /home/carttalog/public_html/system/CodeIgniter.php(509): CodeIgniter\CodeIgniter->runController(Object(App\Controllers\HomeController))
#7 /home/carttalog/public_html/system/CodeIgniter.php(355): CodeIgniter\CodeIgniter->handleRequest(NULL, Object(Config\Cache), false)
#8 /home/carttalog/public_html/system/Boot.php(325): CodeIgniter\CodeIgniter->run()
#9 /home/carttalog/public_html/system/Boot.php(67): CodeIgniter\Boot::runCodeIgniter(Object(CodeIgniter\CodeIgniter))
#10 /home/carttalog/public_html/index.php(56): CodeIgniter\Boot::bootWeb(Object(Config\Paths))
#11 {main}
[Method: GET, Route: products]
in SYSTEMPATH/Helpers/number_helper.php on line 140.
 1 [internal function]: CodeIgniter\Debug\Exceptions->shutdownHandler()
INFO - 2024-11-09 02:18:14 --> Session: Class initialized using 'CodeIgniter\Session\Handlers\DatabaseHandler' driver.
CRITICAL - 2024-11-09 02:18:14 --> ErrorException: Undefined variable $mainCategories
[Method: GET, Route: products]
in APPPATH/Views/product/products.php on line 123.
 1 APPPATH/Views/product/products.php(123): CodeIgniter\Debug\Exceptions->errorHandler(2, 'Undefined variable $mainCategories', '/home/carttalog/public_html/app/Views/product/products.php', 123)
 2 SYSTEMPATH/View/View.php(234): include('/home/carttalog/public_html/app/Views/product/products.php')
 3 SYSTEMPATH/View/View.php(237): CodeIgniter\View\View->CodeIgniter\View\{closure}()
 4 SYSTEMPATH/Common.php(1195): CodeIgniter\View\View->render('product/products', [], true)
 5 APPPATH/Controllers/HomeController.php(136): view('product/products', [...])
 6 SYSTEMPATH/CodeIgniter.php(933): App\Controllers\HomeController->products()
 7 SYSTEMPATH/CodeIgniter.php(509): CodeIgniter\CodeIgniter->runController(Object(App\Controllers\HomeController))
 8 SYSTEMPATH/CodeIgniter.php(355): CodeIgniter\CodeIgniter->handleRequest(null, Object(Config\Cache), false)
 9 SYSTEMPATH/Boot.php(325): CodeIgniter\CodeIgniter->run()
10 SYSTEMPATH/Boot.php(67): CodeIgniter\Boot::runCodeIgniter(Object(CodeIgniter\CodeIgniter))
11 FCPATH/index.php(56): CodeIgniter\Boot::bootWeb(Object(Config\Paths))
CRITICAL - 2024-11-09 02:18:14 --> ErrorException: Uncaught Error: Class "Locale" not found in /home/carttalog/public_html/system/Helpers/number_helper.php:140
Stack trace:
#0 /home/carttalog/public_html/system/Helpers/number_helper.php(58): format_number(17.1, 2, NULL, Array)
#1 /home/carttalog/public_html/system/Debug/BaseExceptionHandler.php(154): number_to_size(17.1, 2)
#2 /home/carttalog/public_html/app/Views/errors/html/error_exception.php(365): CodeIgniter\Debug\BaseExceptionHandler::describeMemory(17932288)
#3 /home/carttalog/public_html/system/Debug/BaseExceptionHandler.php(266): include('/home/carttalog...')
#4 /home/carttalog/public_html/system/Debug/BaseExceptionHandler.php(269): CodeIgniter\Debug\BaseExceptionHandler->CodeIgniter\Debug\{closure}()
#5 /home/carttalog/public_html/system/Debug/ExceptionHandler.php(114): CodeIgniter\Debug\BaseExceptionHandler->render(Object(ErrorException), 500, '/home/carttalog...')
#6 /home/carttalog/public_html/system/Debug/Exceptions.php(164): CodeIgniter\Debug\ExceptionHandler->handle(Object(ErrorException), Object(CodeIgniter\HTTP\IncomingRequest), Object(CodeIgniter\HTTP\Response), 500, 1)
#7 [internal function]: CodeIgniter\Debug\Exceptions->exceptionHandler(Object(ErrorException))
#8 {main}
  thrown
【Previous Exception】
ErrorException
Undefined variable $mainCategories
#0 /home/carttalog/public_html/app/Views/product/products.php(123): CodeIgniter\Debug\Exceptions->errorHandler(2, 'Undefined varia...', '/home/carttalog...', 123)
#1 /home/carttalog/public_html/system/View/View.php(234): include('/home/carttalog...')
#2 /home/carttalog/public_html/system/View/View.php(237): CodeIgniter\View\View->CodeIgniter\View\{closure}()
#3 /home/carttalog/public_html/system/Common.php(1195): CodeIgniter\View\View->render('product/product...', Array, true)
#4 /home/carttalog/public_html/app/Controllers/HomeController.php(136): view('product/product...', Array)
#5 /home/carttalog/public_html/system/CodeIgniter.php(933): App\Controllers\HomeController->products()
#6 /home/carttalog/public_html/system/CodeIgniter.php(509): CodeIgniter\CodeIgniter->runController(Object(App\Controllers\HomeController))
#7 /home/carttalog/public_html/system/CodeIgniter.php(355): CodeIgniter\CodeIgniter->handleRequest(NULL, Object(Config\Cache), false)
#8 /home/carttalog/public_html/system/Boot.php(325): CodeIgniter\CodeIgniter->run()
#9 /home/carttalog/public_html/system/Boot.php(67): CodeIgniter\Boot::runCodeIgniter(Object(CodeIgniter\CodeIgniter))
#10 /home/carttalog/public_html/index.php(56): CodeIgniter\Boot::bootWeb(Object(Config\Paths))
#11 {main}
[Method: GET, Route: products]
in SYSTEMPATH/Helpers/number_helper.php on line 140.
 1 [internal function]: CodeIgniter\Debug\Exceptions->shutdownHandler()
INFO - 2024-11-09 02:18:27 --> Session: Class initialized using 'CodeIgniter\Session\Handlers\DatabaseHandler' driver.
CRITICAL - 2024-11-09 02:18:27 --> ErrorException: Undefined variable $mainCategories
[Method: GET, Route: products]
in APPPATH/Views/product/products.php on line 123.
 1 APPPATH/Views/product/products.php(123): CodeIgniter\Debug\Exceptions->errorHandler(2, 'Undefined variable $mainCategories', '/home/carttalog/public_html/app/Views/product/products.php', 123)
 2 SYSTEMPATH/View/View.php(234): include('/home/carttalog/public_html/app/Views/product/products.php')
 3 SYSTEMPATH/View/View.php(237): CodeIgniter\View\View->CodeIgniter\View\{closure}()
 4 SYSTEMPATH/Common.php(1195): CodeIgniter\View\View->render('product/products', [], true)
 5 APPPATH/Controllers/HomeController.php(136): view('product/products', [...])
 6 SYSTEMPATH/CodeIgniter.php(933): App\Controllers\HomeController->products()
 7 SYSTEMPATH/CodeIgniter.php(509): CodeIgniter\CodeIgniter->runController(Object(App\Controllers\HomeController))
 8 SYSTEMPATH/CodeIgniter.php(355): CodeIgniter\CodeIgniter->handleRequest(null, Object(Config\Cache), false)
 9 SYSTEMPATH/Boot.php(325): CodeIgniter\CodeIgniter->run()
10 SYSTEMPATH/Boot.php(67): CodeIgniter\Boot::runCodeIgniter(Object(CodeIgniter\CodeIgniter))
11 FCPATH/index.php(56): CodeIgniter\Boot::bootWeb(Object(Config\Paths))
CRITICAL - 2024-11-09 02:18:27 --> ErrorException: Uncaught Error: Class "Locale" not found in /home/carttalog/public_html/system/Helpers/number_helper.php:140
Stack trace:
#0 /home/carttalog/public_html/system/Helpers/number_helper.php(58): format_number(17.1, 2, NULL, Array)
#1 /home/carttalog/public_html/system/Debug/BaseExceptionHandler.php(154): number_to_size(17.1, 2)
#2 /home/carttalog/public_html/app/Views/errors/html/error_exception.php(365): CodeIgniter\Debug\BaseExceptionHandler::describeMemory(17928192)
#3 /home/carttalog/public_html/system/Debug/BaseExceptionHandler.php(266): include('/home/carttalog...')
#4 /home/carttalog/public_html/system/Debug/BaseExceptionHandler.php(269): CodeIgniter\Debug\BaseExceptionHandler->CodeIgniter\Debug\{closure}()
#5 /home/carttalog/public_html/system/Debug/ExceptionHandler.php(114): CodeIgniter\Debug\BaseExceptionHandler->render(Object(ErrorException), 500, '/home/carttalog...')
#6 /home/carttalog/public_html/system/Debug/Exceptions.php(164): CodeIgniter\Debug\ExceptionHandler->handle(Object(ErrorException), Object(CodeIgniter\HTTP\IncomingRequest), Object(CodeIgniter\HTTP\Response), 500, 1)
#7 [internal function]: CodeIgniter\Debug\Exceptions->exceptionHandler(Object(ErrorException))
#8 {main}
  thrown
【Previous Exception】
ErrorException
Undefined variable $mainCategories
#0 /home/carttalog/public_html/app/Views/product/products.php(123): CodeIgniter\Debug\Exceptions->errorHandler(2, 'Undefined varia...', '/home/carttalog...', 123)
#1 /home/carttalog/public_html/system/View/View.php(234): include('/home/carttalog...')
#2 /home/carttalog/public_html/system/View/View.php(237): CodeIgniter\View\View->CodeIgniter\View\{closure}()
#3 /home/carttalog/public_html/system/Common.php(1195): CodeIgniter\View\View->render('product/product...', Array, true)
#4 /home/carttalog/public_html/app/Controllers/HomeController.php(136): view('product/product...', Array)
#5 /home/carttalog/public_html/system/CodeIgniter.php(933): App\Controllers\HomeController->products()
#6 /home/carttalog/public_html/system/CodeIgniter.php(509): CodeIgniter\CodeIgniter->runController(Object(App\Controllers\HomeController))
#7 /home/carttalog/public_html/system/CodeIgniter.php(355): CodeIgniter\CodeIgniter->handleRequest(NULL, Object(Config\Cache), false)
#8 /home/carttalog/public_html/system/Boot.php(325): CodeIgniter\CodeIgniter->run()
#9 /home/carttalog/public_html/system/Boot.php(67): CodeIgniter\Boot::runCodeIgniter(Object(CodeIgniter\CodeIgniter))
#10 /home/carttalog/public_html/index.php(56): CodeIgniter\Boot::bootWeb(Object(Config\Paths))
#11 {main}
[Method: GET, Route: products]
in SYSTEMPATH/Helpers/number_helper.php on line 140.
 1 [internal function]: CodeIgniter\Debug\Exceptions->shutdownHandler()
INFO - 2024-11-09 02:18:39 --> Session: Class initialized using 'CodeIgniter\Session\Handlers\DatabaseHandler' driver.
CRITICAL - 2024-11-09 02:18:39 --> ErrorException: Undefined variable $mainCategories
[Method: GET, Route: products]
in APPPATH/Views/product/products.php on line 123.
 1 APPPATH/Views/product/products.php(123): CodeIgniter\Debug\Exceptions->errorHandler(2, 'Undefined variable $mainCategories', '/home/carttalog/public_html/app/Views/product/products.php', 123)
 2 SYSTEMPATH/View/View.php(234): include('/home/carttalog/public_html/app/Views/product/products.php')
 3 SYSTEMPATH/View/View.php(237): CodeIgniter\View\View->CodeIgniter\View\{closure}()
 4 SYSTEMPATH/Common.php(1195): CodeIgniter\View\View->render('product/products', [], true)
 5 APPPATH/Controllers/HomeController.php(136): view('product/products', [...])
 6 SYSTEMPATH/CodeIgniter.php(933): App\Controllers\HomeController->products()
 7 SYSTEMPATH/CodeIgniter.php(509): CodeIgniter\CodeIgniter->runController(Object(App\Controllers\HomeController))
 8 SYSTEMPATH/CodeIgniter.php(355): CodeIgniter\CodeIgniter->handleRequest(null, Object(Config\Cache), false)
 9 SYSTEMPATH/Boot.php(325): CodeIgniter\CodeIgniter->run()
10 SYSTEMPATH/Boot.php(67): CodeIgniter\Boot::runCodeIgniter(Object(CodeIgniter\CodeIgniter))
11 FCPATH/index.php(56): CodeIgniter\Boot::bootWeb(Object(Config\Paths))
CRITICAL - 2024-11-09 02:18:39 --> ErrorException: Uncaught Error: Class "Locale" not found in /home/carttalog/public_html/system/Helpers/number_helper.php:140
Stack trace:
#0 /home/carttalog/public_html/system/Helpers/number_helper.php(58): format_number(17.1, 2, NULL, Array)
#1 /home/carttalog/public_html/system/Debug/BaseExceptionHandler.php(154): number_to_size(17.1, 2)
#2 /home/carttalog/public_html/app/Views/errors/html/error_exception.php(365): CodeIgniter\Debug\BaseExceptionHandler::describeMemory(17928192)
#3 /home/carttalog/public_html/system/Debug/BaseExceptionHandler.php(266): include('/home/carttalog...')
#4 /home/carttalog/public_html/system/Debug/BaseExceptionHandler.php(269): CodeIgniter\Debug\BaseExceptionHandler->CodeIgniter\Debug\{closure}()
#5 /home/carttalog/public_html/system/Debug/ExceptionHandler.php(114): CodeIgniter\Debug\BaseExceptionHandler->render(Object(ErrorException), 500, '/home/carttalog...')
#6 /home/carttalog/public_html/system/Debug/Exceptions.php(164): CodeIgniter\Debug\ExceptionHandler->handle(Object(ErrorException), Object(CodeIgniter\HTTP\IncomingRequest), Object(CodeIgniter\HTTP\Response), 500, 1)
#7 [internal function]: CodeIgniter\Debug\Exceptions->exceptionHandler(Object(ErrorException))
#8 {main}
  thrown
【Previous Exception】
ErrorException
Undefined variable $mainCategories
#0 /home/carttalog/public_html/app/Views/product/products.php(123): CodeIgniter\Debug\Exceptions->errorHandler(2, 'Undefined varia...', '/home/carttalog...', 123)
#1 /home/carttalog/public_html/system/View/View.php(234): include('/home/carttalog...')
#2 /home/carttalog/public_html/system/View/View.php(237): CodeIgniter\View\View->CodeIgniter\View\{closure}()
#3 /home/carttalog/public_html/system/Common.php(1195): CodeIgniter\View\View->render('product/product...', Array, true)
#4 /home/carttalog/public_html/app/Controllers/HomeController.php(136): view('product/product...', Array)
#5 /home/carttalog/public_html/system/CodeIgniter.php(933): App\Controllers\HomeController->products()
#6 /home/carttalog/public_html/system/CodeIgniter.php(509): CodeIgniter\CodeIgniter->runController(Object(App\Controllers\HomeController))
#7 /home/carttalog/public_html/system/CodeIgniter.php(355): CodeIgniter\CodeIgniter->handleRequest(NULL, Object(Config\Cache), false)
#8 /home/carttalog/public_html/system/Boot.php(325): CodeIgniter\CodeIgniter->run()
#9 /home/carttalog/public_html/system/Boot.php(67): CodeIgniter\Boot::runCodeIgniter(Object(CodeIgniter\CodeIgniter))
#10 /home/carttalog/public_html/index.php(56): CodeIgniter\Boot::bootWeb(Object(Config\Paths))
#11 {main}
[Method: GET, Route: products]
in SYSTEMPATH/Helpers/number_helper.php on line 140.
 1 [internal function]: CodeIgniter\Debug\Exceptions->shutdownHandler()
INFO - 2024-11-09 02:18:42 --> Session: Class initialized using 'CodeIgniter\Session\Handlers\DatabaseHandler' driver.
INFO - 2024-11-09 02:18:45 --> Session: Class initialized using 'CodeIgniter\Session\Handlers\DatabaseHandler' driver.
INFO - 2024-11-09 02:18:47 --> Session: Class initialized using 'CodeIgniter\Session\Handlers\DatabaseHandler' driver.
INFO - 2024-11-09 02:18:50 --> Session: Class initialized using 'CodeIgniter\Session\Handlers\DatabaseHandler' driver.
INFO - 2024-11-09 02:18:51 --> Session: Class initialized using 'CodeIgniter\Session\Handlers\DatabaseHandler' driver.
CRITICAL - 2024-11-09 02:18:51 --> ErrorException: Undefined variable $mainCategories
[Method: GET, Route: products]
in APPPATH/Views/product/products.php on line 123.
 1 APPPATH/Views/product/products.php(123): CodeIgniter\Debug\Exceptions->errorHandler(2, 'Undefined variable $mainCategories', '/home/carttalog/public_html/app/Views/product/products.php', 123)
 2 SYSTEMPATH/View/View.php(234): include('/home/carttalog/public_html/app/Views/product/products.php')
 3 SYSTEMPATH/View/View.php(237): CodeIgniter\View\View->CodeIgniter\View\{closure}()
 4 SYSTEMPATH/Common.php(1195): CodeIgniter\View\View->render('product/products', [], true)
 5 APPPATH/Controllers/HomeController.php(136): view('product/products', [...])
 6 SYSTEMPATH/CodeIgniter.php(933): App\Controllers\HomeController->products()
 7 SYSTEMPATH/CodeIgniter.php(509): CodeIgniter\CodeIgniter->runController(Object(App\Controllers\HomeController))
 8 SYSTEMPATH/CodeIgniter.php(355): CodeIgniter\CodeIgniter->handleRequest(null, Object(Config\Cache), false)
 9 SYSTEMPATH/Boot.php(325): CodeIgniter\CodeIgniter->run()
10 SYSTEMPATH/Boot.php(67): CodeIgniter\Boot::runCodeIgniter(Object(CodeIgniter\CodeIgniter))
11 FCPATH/index.php(56): CodeIgniter\Boot::bootWeb(Object(Config\Paths))
CRITICAL - 2024-11-09 02:18:51 --> ErrorException: Uncaught Error: Class "Locale" not found in /home/carttalog/public_html/system/Helpers/number_helper.php:140
Stack trace:
#0 /home/carttalog/public_html/system/Helpers/number_helper.php(58): format_number(17.1, 2, NULL, Array)
#1 /home/carttalog/public_html/system/Debug/BaseExceptionHandler.php(154): number_to_size(17.1, 2)
#2 /home/carttalog/public_html/app/Views/errors/html/error_exception.php(365): CodeIgniter\Debug\BaseExceptionHandler::describeMemory(17928192)
#3 /home/carttalog/public_html/system/Debug/BaseExceptionHandler.php(266): include('/home/carttalog...')
#4 /home/carttalog/public_html/system/Debug/BaseExceptionHandler.php(269): CodeIgniter\Debug\BaseExceptionHandler->CodeIgniter\Debug\{closure}()
#5 /home/carttalog/public_html/system/Debug/ExceptionHandler.php(114): CodeIgniter\Debug\BaseExceptionHandler->render(Object(ErrorException), 500, '/home/carttalog...')
#6 /home/carttalog/public_html/system/Debug/Exceptions.php(164): CodeIgniter\Debug\ExceptionHandler->handle(Object(ErrorException), Object(CodeIgniter\HTTP\IncomingRequest), Object(CodeIgniter\HTTP\Response), 500, 1)
#7 [internal function]: CodeIgniter\Debug\Exceptions->exceptionHandler(Object(ErrorException))
#8 {main}
  thrown
【Previous Exception】
ErrorException
Undefined variable $mainCategories
#0 /home/carttalog/public_html/app/Views/product/products.php(123): CodeIgniter\Debug\Exceptions->errorHandler(2, 'Undefined varia...', '/home/carttalog...', 123)
#1 /home/carttalog/public_html/system/View/View.php(234): include('/home/carttalog...')
#2 /home/carttalog/public_html/system/View/View.php(237): CodeIgniter\View\View->CodeIgniter\View\{closure}()
#3 /home/carttalog/public_html/system/Common.php(1195): CodeIgniter\View\View->render('product/product...', Array, true)
#4 /home/carttalog/public_html/app/Controllers/HomeController.php(136): view('product/product...', Array)
#5 /home/carttalog/public_html/system/CodeIgniter.php(933): App\Controllers\HomeController->products()
#6 /home/carttalog/public_html/system/CodeIgniter.php(509): CodeIgniter\CodeIgniter->runController(Object(App\Controllers\HomeController))
#7 /home/carttalog/public_html/system/CodeIgniter.php(355): CodeIgniter\CodeIgniter->handleRequest(NULL, Object(Config\Cache), false)
#8 /home/carttalog/public_html/system/Boot.php(325): CodeIgniter\CodeIgniter->run()
#9 /home/carttalog/public_html/system/Boot.php(67): CodeIgniter\Boot::runCodeIgniter(Object(CodeIgniter\CodeIgniter))
#10 /home/carttalog/public_html/index.php(56): CodeIgniter\Boot::bootWeb(Object(Config\Paths))
#11 {main}
[Method: GET, Route: products]
in SYSTEMPATH/Helpers/number_helper.php on line 140.
 1 [internal function]: CodeIgniter\Debug\Exceptions->shutdownHandler()
INFO - 2024-11-09 02:18:53 --> Session: Class initialized using 'CodeIgniter\Session\Handlers\DatabaseHandler' driver.
INFO - 2024-11-09 02:18:55 --> Session: Class initialized using 'CodeIgniter\Session\Handlers\DatabaseHandler' driver.
INFO - 2024-11-09 02:18:56 --> Session: Class initialized using 'CodeIgniter\Session\Handlers\DatabaseHandler' driver.
INFO - 2024-11-09 02:18:57 --> Session: Class initialized using 'CodeIgniter\Session\Handlers\DatabaseHandler' driver.
INFO - 2024-11-09 02:19:00 --> Session: Class initialized using 'CodeIgniter\Session\Handlers\DatabaseHandler' driver.
INFO - 2024-11-09 02:19:02 --> Session: Class initialized using 'CodeIgniter\Session\Handlers\DatabaseHandler' driver.
CRITICAL - 2024-11-09 02:19:03 --> ErrorException: Undefined variable $mainCategories
[Method: GET, Route: products]
in APPPATH/Views/product/products.php on line 123.
 1 APPPATH/Views/product/products.php(123): CodeIgniter\Debug\Exceptions->errorHandler(2, 'Undefined variable $mainCategories', '/home/carttalog/public_html/app/Views/product/products.php', 123)
 2 SYSTEMPATH/View/View.php(234): include('/home/carttalog/public_html/app/Views/product/products.php')
 3 SYSTEMPATH/View/View.php(237): CodeIgniter\View\View->CodeIgniter\View\{closure}()
 4 SYSTEMPATH/Common.php(1195): CodeIgniter\View\View->render('product/products', [], true)
 5 APPPATH/Controllers/HomeController.php(136): view('product/products', [...])
 6 SYSTEMPATH/CodeIgniter.php(933): App\Controllers\HomeController->products()
 7 SYSTEMPATH/CodeIgniter.php(509): CodeIgniter\CodeIgniter->runController(Object(App\Controllers\HomeController))
 8 SYSTEMPATH/CodeIgniter.php(355): CodeIgniter\CodeIgniter->handleRequest(null, Object(Config\Cache), false)
 9 SYSTEMPATH/Boot.php(325): CodeIgniter\CodeIgniter->run()
10 SYSTEMPATH/Boot.php(67): CodeIgniter\Boot::runCodeIgniter(Object(CodeIgniter\CodeIgniter))
11 FCPATH/index.php(56): CodeIgniter\Boot::bootWeb(Object(Config\Paths))
CRITICAL - 2024-11-09 02:19:03 --> ErrorException: Uncaught Error: Class "Locale" not found in /home/carttalog/public_html/system/Helpers/number_helper.php:140
Stack trace:
#0 /home/carttalog/public_html/system/Helpers/number_helper.php(58): format_number(17.1, 2, NULL, Array)
#1 /home/carttalog/public_html/system/Debug/BaseExceptionHandler.php(154): number_to_size(17.1, 2)
#2 /home/carttalog/public_html/app/Views/errors/html/error_exception.php(365): CodeIgniter\Debug\BaseExceptionHandler::describeMemory(17928192)
#3 /home/carttalog/public_html/system/Debug/BaseExceptionHandler.php(266): include('/home/carttalog...')
#4 /home/carttalog/public_html/system/Debug/BaseExceptionHandler.php(269): CodeIgniter\Debug\BaseExceptionHandler->CodeIgniter\Debug\{closure}()
#5 /home/carttalog/public_html/system/Debug/ExceptionHandler.php(114): CodeIgniter\Debug\BaseExceptionHandler->render(Object(ErrorException), 500, '/home/carttalog...')
#6 /home/carttalog/public_html/system/Debug/Exceptions.php(164): CodeIgniter\Debug\ExceptionHandler->handle(Object(ErrorException), Object(CodeIgniter\HTTP\IncomingRequest), Object(CodeIgniter\HTTP\Response), 500, 1)
#7 [internal function]: CodeIgniter\Debug\Exceptions->exceptionHandler(Object(ErrorException))
#8 {main}
  thrown
【Previous Exception】
ErrorException
Undefined variable $mainCategories
#0 /home/carttalog/public_html/app/Views/product/products.php(123): CodeIgniter\Debug\Exceptions->errorHandler(2, 'Undefined varia...', '/home/carttalog...', 123)
#1 /home/carttalog/public_html/system/View/View.php(234): include('/home/carttalog...')
#2 /home/carttalog/public_html/system/View/View.php(237): CodeIgniter\View\View->CodeIgniter\View\{closure}()
#3 /home/carttalog/public_html/system/Common.php(1195): CodeIgniter\View\View->render('product/product...', Array, true)
#4 /home/carttalog/public_html/app/Controllers/HomeController.php(136): view('product/product...', Array)
#5 /home/carttalog/public_html/system/CodeIgniter.php(933): App\Controllers\HomeController->products()
#6 /home/carttalog/public_html/system/CodeIgniter.php(509): CodeIgniter\CodeIgniter->runController(Object(App\Controllers\HomeController))
#7 /home/carttalog/public_html/system/CodeIgniter.php(355): CodeIgniter\CodeIgniter->handleRequest(NULL, Object(Config\Cache), false)
#8 /home/carttalog/public_html/system/Boot.php(325): CodeIgniter\CodeIgniter->run()
#9 /home/carttalog/public_html/system/Boot.php(67): CodeIgniter\Boot::runCodeIgniter(Object(CodeIgniter\CodeIgniter))
#10 /home/carttalog/public_html/index.php(56): CodeIgniter\Boot::bootWeb(Object(Config\Paths))
#11 {main}
[Method: GET, Route: products]
in SYSTEMPATH/Helpers/number_helper.php on line 140.
 1 [internal function]: CodeIgniter\Debug\Exceptions->shutdownHandler()
INFO - 2024-11-09 02:19:03 --> Session: Class initialized using 'CodeIgniter\Session\Handlers\DatabaseHandler' driver.
INFO - 2024-11-09 02:19:05 --> Session: Class initialized using 'CodeIgniter\Session\Handlers\DatabaseHandler' driver.
INFO - 2024-11-09 02:19:08 --> Session: Class initialized using 'CodeIgniter\Session\Handlers\DatabaseHandler' driver.
INFO - 2024-11-09 02:19:10 --> Session: Class initialized using 'CodeIgniter\Session\Handlers\DatabaseHandler' driver.
INFO - 2024-11-09 02:19:13 --> Session: Class initialized using 'CodeIgniter\Session\Handlers\DatabaseHandler' driver.
INFO - 2024-11-09 02:19:14 --> Session: Class initialized using 'CodeIgniter\Session\Handlers\DatabaseHandler' driver.
CRITICAL - 2024-11-09 02:19:14 --> ErrorException: Undefined variable $mainCategories
[Method: GET, Route: products]
in APPPATH/Views/product/products.php on line 123.
 1 APPPATH/Views/product/products.php(123): CodeIgniter\Debug\Exceptions->errorHandler(2, 'Undefined variable $mainCategories', '/home/carttalog/public_html/app/Views/product/products.php', 123)
 2 SYSTEMPATH/View/View.php(234): include('/home/carttalog/public_html/app/Views/product/products.php')
 3 SYSTEMPATH/View/View.php(237): CodeIgniter\View\View->CodeIgniter\View\{closure}()
 4 SYSTEMPATH/Common.php(1195): CodeIgniter\View\View->render('product/products', [], true)
 5 APPPATH/Controllers/HomeController.php(136): view('product/products', [...])
 6 SYSTEMPATH/CodeIgniter.php(933): App\Controllers\HomeController->products()
 7 SYSTEMPATH/CodeIgniter.php(509): CodeIgniter\CodeIgniter->runController(Object(App\Controllers\HomeController))
 8 SYSTEMPATH/CodeIgniter.php(355): CodeIgniter\CodeIgniter->handleRequest(null, Object(Config\Cache), false)
 9 SYSTEMPATH/Boot.php(325): CodeIgniter\CodeIgniter->run()
10 SYSTEMPATH/Boot.php(67): CodeIgniter\Boot::runCodeIgniter(Object(CodeIgniter\CodeIgniter))
11 FCPATH/index.php(56): CodeIgniter\Boot::bootWeb(Object(Config\Paths))
CRITICAL - 2024-11-09 02:19:14 --> ErrorException: Uncaught Error: Class "Locale" not found in /home/carttalog/public_html/system/Helpers/number_helper.php:140
Stack trace:
#0 /home/carttalog/public_html/system/Helpers/number_helper.php(58): format_number(17.1, 2, NULL, Array)
#1 /home/carttalog/public_html/system/Debug/BaseExceptionHandler.php(154): number_to_size(17.1, 2)
#2 /home/carttalog/public_html/app/Views/errors/html/error_exception.php(365): CodeIgniter\Debug\BaseExceptionHandler::describeMemory(17928192)
#3 /home/carttalog/public_html/system/Debug/BaseExceptionHandler.php(266): include('/home/carttalog...')
#4 /home/carttalog/public_html/system/Debug/BaseExceptionHandler.php(269): CodeIgniter\Debug\BaseExceptionHandler->CodeIgniter\Debug\{closure}()
#5 /home/carttalog/public_html/system/Debug/ExceptionHandler.php(114): CodeIgniter\Debug\BaseExceptionHandler->render(Object(ErrorException), 500, '/home/carttalog...')
#6 /home/carttalog/public_html/system/Debug/Exceptions.php(164): CodeIgniter\Debug\ExceptionHandler->handle(Object(ErrorException), Object(CodeIgniter\HTTP\IncomingRequest), Object(CodeIgniter\HTTP\Response), 500, 1)
#7 [internal function]: CodeIgniter\Debug\Exceptions->exceptionHandler(Object(ErrorException))
#8 {main}
  thrown
【Previous Exception】
ErrorException
Undefined variable $mainCategories
#0 /home/carttalog/public_html/app/Views/product/products.php(123): CodeIgniter\Debug\Exceptions->errorHandler(2, 'Undefined varia...', '/home/carttalog...', 123)
#1 /home/carttalog/public_html/system/View/View.php(234): include('/home/carttalog...')
#2 /home/carttalog/public_html/system/View/View.php(237): CodeIgniter\View\View->CodeIgniter\View\{closure}()
#3 /home/carttalog/public_html/system/Common.php(1195): CodeIgniter\View\View->render('product/product...', Array, true)
#4 /home/carttalog/public_html/app/Controllers/HomeController.php(136): view('product/product...', Array)
#5 /home/carttalog/public_html/system/CodeIgniter.php(933): App\Controllers\HomeController->products()
#6 /home/carttalog/public_html/system/CodeIgniter.php(509): CodeIgniter\CodeIgniter->runController(Object(App\Controllers\HomeController))
#7 /home/carttalog/public_html/system/CodeIgniter.php(355): CodeIgniter\CodeIgniter->handleRequest(NULL, Object(Config\Cache), false)
#8 /home/carttalog/public_html/system/Boot.php(325): CodeIgniter\CodeIgniter->run()
#9 /home/carttalog/public_html/system/Boot.php(67): CodeIgniter\Boot::runCodeIgniter(Object(CodeIgniter\CodeIgniter))
#10 /home/carttalog/public_html/index.php(56): CodeIgniter\Boot::bootWeb(Object(Config\Paths))
#11 {main}
[Method: GET, Route: products]
in SYSTEMPATH/Helpers/number_helper.php on line 140.
 1 [internal function]: CodeIgniter\Debug\Exceptions->shutdownHandler()
INFO - 2024-11-09 02:19:15 --> Session: Class initialized using 'CodeIgniter\Session\Handlers\DatabaseHandler' driver.
INFO - 2024-11-09 02:19:17 --> Session: Class initialized using 'CodeIgniter\Session\Handlers\DatabaseHandler' driver.
INFO - 2024-11-09 02:19:20 --> Session: Class initialized using 'CodeIgniter\Session\Handlers\DatabaseHandler' driver.
INFO - 2024-11-09 02:19:23 --> Session: Class initialized using 'CodeIgniter\Session\Handlers\DatabaseHandler' driver.
INFO - 2024-11-09 02:19:25 --> Session: Class initialized using 'CodeIgniter\Session\Handlers\DatabaseHandler' driver.
INFO - 2024-11-09 02:19:26 --> Session: Class initialized using 'CodeIgniter\Session\Handlers\DatabaseHandler' driver.
CRITICAL - 2024-11-09 02:19:26 --> ErrorException: Undefined variable $mainCategories
[Method: GET, Route: products]
in APPPATH/Views/product/products.php on line 123.
 1 APPPATH/Views/product/products.php(123): CodeIgniter\Debug\Exceptions->errorHandler(2, 'Undefined variable $mainCategories', '/home/carttalog/public_html/app/Views/product/products.php', 123)
 2 SYSTEMPATH/View/View.php(234): include('/home/carttalog/public_html/app/Views/product/products.php')
 3 SYSTEMPATH/View/View.php(237): CodeIgniter\View\View->CodeIgniter\View\{closure}()
 4 SYSTEMPATH/Common.php(1195): CodeIgniter\View\View->render('product/products', [], true)
 5 APPPATH/Controllers/HomeController.php(136): view('product/products', [...])
 6 SYSTEMPATH/CodeIgniter.php(933): App\Controllers\HomeController->products()
 7 SYSTEMPATH/CodeIgniter.php(509): CodeIgniter\CodeIgniter->runController(Object(App\Controllers\HomeController))
 8 SYSTEMPATH/CodeIgniter.php(355): CodeIgniter\CodeIgniter->handleRequest(null, Object(Config\Cache), false)
 9 SYSTEMPATH/Boot.php(325): CodeIgniter\CodeIgniter->run()
10 SYSTEMPATH/Boot.php(67): CodeIgniter\Boot::runCodeIgniter(Object(CodeIgniter\CodeIgniter))
11 FCPATH/index.php(56): CodeIgniter\Boot::bootWeb(Object(Config\Paths))
CRITICAL - 2024-11-09 02:19:26 --> ErrorException: Uncaught Error: Class "Locale" not found in /home/carttalog/public_html/system/Helpers/number_helper.php:140
Stack trace:
#0 /home/carttalog/public_html/system/Helpers/number_helper.php(58): format_number(17.1, 2, NULL, Array)
#1 /home/carttalog/public_html/system/Debug/BaseExceptionHandler.php(154): number_to_size(17.1, 2)
#2 /home/carttalog/public_html/app/Views/errors/html/error_exception.php(365): CodeIgniter\Debug\BaseExceptionHandler::describeMemory(17928192)
#3 /home/carttalog/public_html/system/Debug/BaseExceptionHandler.php(266): include('/home/carttalog...')
#4 /home/carttalog/public_html/system/Debug/BaseExceptionHandler.php(269): CodeIgniter\Debug\BaseExceptionHandler->CodeIgniter\Debug\{closure}()
#5 /home/carttalog/public_html/system/Debug/ExceptionHandler.php(114): CodeIgniter\Debug\BaseExceptionHandler->render(Object(ErrorException), 500, '/home/carttalog...')
#6 /home/carttalog/public_html/system/Debug/Exceptions.php(164): CodeIgniter\Debug\ExceptionHandler->handle(Object(ErrorException), Object(CodeIgniter\HTTP\IncomingRequest), Object(CodeIgniter\HTTP\Response), 500, 1)
#7 [internal function]: CodeIgniter\Debug\Exceptions->exceptionHandler(Object(ErrorException))
#8 {main}
  thrown
【Previous Exception】
ErrorException
Undefined variable $mainCategories
#0 /home/carttalog/public_html/app/Views/product/products.php(123): CodeIgniter\Debug\Exceptions->errorHandler(2, 'Undefined varia...', '/home/carttalog...', 123)
#1 /home/carttalog/public_html/system/View/View.php(234): include('/home/carttalog...')
#2 /home/carttalog/public_html/system/View/View.php(237): CodeIgniter\View\View->CodeIgniter\View\{closure}()
#3 /home/carttalog/public_html/system/Common.php(1195): CodeIgniter\View\View->render('product/product...', Array, true)
#4 /home/carttalog/public_html/app/Controllers/HomeController.php(136): view('product/product...', Array)
#5 /home/carttalog/public_html/system/CodeIgniter.php(933): App\Controllers\HomeController->products()
#6 /home/carttalog/public_html/system/CodeIgniter.php(509): CodeIgniter\CodeIgniter->runController(Object(App\Controllers\HomeController))
#7 /home/carttalog/public_html/system/CodeIgniter.php(355): CodeIgniter\CodeIgniter->handleRequest(NULL, Object(Config\Cache), false)
#8 /home/carttalog/public_html/system/Boot.php(325): CodeIgniter\CodeIgniter->run()
#9 /home/carttalog/public_html/system/Boot.php(67): CodeIgniter\Boot::runCodeIgniter(Object(CodeIgniter\CodeIgniter))
#10 /home/carttalog/public_html/index.php(56): CodeIgniter\Boot::bootWeb(Object(Config\Paths))
#11 {main}
[Method: GET, Route: products]
in SYSTEMPATH/Helpers/number_helper.php on line 140.
 1 [internal function]: CodeIgniter\Debug\Exceptions->shutdownHandler()
INFO - 2024-11-09 02:19:28 --> Session: Class initialized using 'CodeIgniter\Session\Handlers\DatabaseHandler' driver.
INFO - 2024-11-09 02:19:30 --> Session: Class initialized using 'CodeIgniter\Session\Handlers\DatabaseHandler' driver.
INFO - 2024-11-09 02:19:33 --> Session: Class initialized using 'CodeIgniter\Session\Handlers\DatabaseHandler' driver.
INFO - 2024-11-09 02:19:35 --> Session: Class initialized using 'CodeIgniter\Session\Handlers\DatabaseHandler' driver.
INFO - 2024-11-09 02:19:36 --> Session: Class initialized using 'CodeIgniter\Session\Handlers\DatabaseHandler' driver.
CRITICAL - 2024-11-09 02:19:37 --> ErrorException: Undefined variable $mainCategories
[Method: GET, Route: products]
in APPPATH/Views/product/products.php on line 123.
 1 APPPATH/Views/product/products.php(123): CodeIgniter\Debug\Exceptions->errorHandler(2, 'Undefined variable $mainCategories', '/home/carttalog/public_html/app/Views/product/products.php', 123)
 2 SYSTEMPATH/View/View.php(234): include('/home/carttalog/public_html/app/Views/product/products.php')
 3 SYSTEMPATH/View/View.php(237): CodeIgniter\View\View->CodeIgniter\View\{closure}()
 4 SYSTEMPATH/Common.php(1195): CodeIgniter\View\View->render('product/products', [], true)
 5 APPPATH/Controllers/HomeController.php(136): view('product/products', [...])
 6 SYSTEMPATH/CodeIgniter.php(933): App\Controllers\HomeController->products()
 7 SYSTEMPATH/CodeIgniter.php(509): CodeIgniter\CodeIgniter->runController(Object(App\Controllers\HomeController))
 8 SYSTEMPATH/CodeIgniter.php(355): CodeIgniter\CodeIgniter->handleRequest(null, Object(Config\Cache), false)
 9 SYSTEMPATH/Boot.php(325): CodeIgniter\CodeIgniter->run()
10 SYSTEMPATH/Boot.php(67): CodeIgniter\Boot::runCodeIgniter(Object(CodeIgniter\CodeIgniter))
11 FCPATH/index.php(56): CodeIgniter\Boot::bootWeb(Object(Config\Paths))
CRITICAL - 2024-11-09 02:19:37 --> ErrorException: Uncaught Error: Class "Locale" not found in /home/carttalog/public_html/system/Helpers/number_helper.php:140
Stack trace:
#0 /home/carttalog/public_html/system/Helpers/number_helper.php(58): format_number(17.1, 2, NULL, Array)
#1 /home/carttalog/public_html/system/Debug/BaseExceptionHandler.php(154): number_to_size(17.1, 2)
#2 /home/carttalog/public_html/app/Views/errors/html/error_exception.php(365): CodeIgniter\Debug\BaseExceptionHandler::describeMemory(17928192)
#3 /home/carttalog/public_html/system/Debug/BaseExceptionHandler.php(266): include('/home/carttalog...')
#4 /home/carttalog/public_html/system/Debug/BaseExceptionHandler.php(269): CodeIgniter\Debug\BaseExceptionHandler->CodeIgniter\Debug\{closure}()
#5 /home/carttalog/public_html/system/Debug/ExceptionHandler.php(114): CodeIgniter\Debug\BaseExceptionHandler->render(Object(ErrorException), 500, '/home/carttalog...')
#6 /home/carttalog/public_html/system/Debug/Exceptions.php(164): CodeIgniter\Debug\ExceptionHandler->handle(Object(ErrorException), Object(CodeIgniter\HTTP\IncomingRequest), Object(CodeIgniter\HTTP\Response), 500, 1)
#7 [internal function]: CodeIgniter\Debug\Exceptions->exceptionHandler(Object(ErrorException))
#8 {main}
  thrown
【Previous Exception】
ErrorException
Undefined variable $mainCategories
#0 /home/carttalog/public_html/app/Views/product/products.php(123): CodeIgniter\Debug\Exceptions->errorHandler(2, 'Undefined varia...', '/home/carttalog...', 123)
#1 /home/carttalog/public_html/system/View/View.php(234): include('/home/carttalog...')
#2 /home/carttalog/public_html/system/View/View.php(237): CodeIgniter\View\View->CodeIgniter\View\{closure}()
#3 /home/carttalog/public_html/system/Common.php(1195): CodeIgniter\View\View->render('product/product...', Array, true)
#4 /home/carttalog/public_html/app/Controllers/HomeController.php(136): view('product/product...', Array)
#5 /home/carttalog/public_html/system/CodeIgniter.php(933): App\Controllers\HomeController->products()
#6 /home/carttalog/public_html/system/CodeIgniter.php(509): CodeIgniter\CodeIgniter->runController(Object(App\Controllers\HomeController))
#7 /home/carttalog/public_html/system/CodeIgniter.php(355): CodeIgniter\CodeIgniter->handleRequest(NULL, Object(Config\Cache), false)
#8 /home/carttalog/public_html/system/Boot.php(325): CodeIgniter\CodeIgniter->run()
#9 /home/carttalog/public_html/system/Boot.php(67): CodeIgniter\Boot::runCodeIgniter(Object(CodeIgniter\CodeIgniter))
#10 /home/carttalog/public_html/index.php(56): CodeIgniter\Boot::bootWeb(Object(Config\Paths))
#11 {main}
[Method: GET, Route: products]
in SYSTEMPATH/Helpers/number_helper.php on line 140.
 1 [internal function]: CodeIgniter\Debug\Exceptions->shutdownHandler()
INFO - 2024-11-09 02:19:38 --> Session: Class initialized using 'CodeIgniter\Session\Handlers\DatabaseHandler' driver.
INFO - 2024-11-09 02:19:41 --> Session: Class initialized using 'CodeIgniter\Session\Handlers\DatabaseHandler' driver.
INFO - 2024-11-09 02:19:43 --> Session: Class initialized using 'CodeIgniter\Session\Handlers\DatabaseHandler' driver.
INFO - 2024-11-09 02:19:46 --> Session: Class initialized using 'CodeIgniter\Session\Handlers\DatabaseHandler' driver.
INFO - 2024-11-09 02:19:48 --> Session: Class initialized using 'CodeIgniter\Session\Handlers\DatabaseHandler' driver.
INFO - 2024-11-09 02:19:51 --> Session: Class initialized using 'CodeIgniter\Session\Handlers\DatabaseHandler' driver.
INFO - 2024-11-09 02:19:53 --> Session: Class initialized using 'CodeIgniter\Session\Handlers\DatabaseHandler' driver.
INFO - 2024-11-09 02:19:56 --> Session: Class initialized using 'CodeIgniter\Session\Handlers\DatabaseHandler' driver.
INFO - 2024-11-09 02:19:58 --> Session: Class initialized using 'CodeIgniter\Session\Handlers\DatabaseHandler' driver.
INFO - 2024-11-09 02:20:01 --> Session: Class initialized using 'CodeIgniter\Session\Handlers\DatabaseHandler' driver.
INFO - 2024-11-09 02:20:03 --> Session: Class initialized using 'CodeIgniter\Session\Handlers\DatabaseHandler' driver.
INFO - 2024-11-09 02:20:06 --> Session: Class initialized using 'CodeIgniter\Session\Handlers\DatabaseHandler' driver.
INFO - 2024-11-09 02:20:08 --> Session: Class initialized using 'CodeIgniter\Session\Handlers\DatabaseHandler' driver.
INFO - 2024-11-09 02:20:11 --> Session: Class initialized using 'CodeIgniter\Session\Handlers\DatabaseHandler' driver.
INFO - 2024-11-09 02:20:13 --> Session: Class initialized using 'CodeIgniter\Session\Handlers\DatabaseHandler' driver.
INFO - 2024-11-09 02:20:16 --> Session: Class initialized using 'CodeIgniter\Session\Handlers\DatabaseHandler' driver.
INFO - 2024-11-09 02:20:18 --> Session: Class initialized using 'CodeIgniter\Session\Handlers\DatabaseHandler' driver.
INFO - 2024-11-09 02:20:21 --> Session: Class initialized using 'CodeIgniter\Session\Handlers\DatabaseHandler' driver.
INFO - 2024-11-09 02:20:24 --> Session: Class initialized using 'CodeIgniter\Session\Handlers\DatabaseHandler' driver.
INFO - 2024-11-09 02:20:26 --> Session: Class initialized using 'CodeIgniter\Session\Handlers\DatabaseHandler' driver.
INFO - 2024-11-09 02:20:29 --> Session: Class initialized using 'CodeIgniter\Session\Handlers\DatabaseHandler' driver.
INFO - 2024-11-09 02:20:32 --> Session: Class initialized using 'CodeIgniter\Session\Handlers\DatabaseHandler' driver.
INFO - 2024-11-09 02:20:35 --> Session: Class initialized using 'CodeIgniter\Session\Handlers\DatabaseHandler' driver.
INFO - 2024-11-09 02:20:39 --> Session: Class initialized using 'CodeIgniter\Session\Handlers\DatabaseHandler' driver.
INFO - 2024-11-09 02:20:42 --> Session: Class initialized using 'CodeIgniter\Session\Handlers\DatabaseHandler' driver.
INFO - 2024-11-09 02:20:45 --> Session: Class initialized using 'CodeIgniter\Session\Handlers\DatabaseHandler' driver.
INFO - 2024-11-09 02:20:47 --> Session: Class initialized using 'CodeIgniter\Session\Handlers\DatabaseHandler' driver.
INFO - 2024-11-09 02:20:50 --> Session: Class initialized using 'CodeIgniter\Session\Handlers\DatabaseHandler' driver.
INFO - 2024-11-09 02:20:53 --> Session: Class initialized using 'CodeIgniter\Session\Handlers\DatabaseHandler' driver.
INFO - 2024-11-09 02:20:56 --> Session: Class initialized using 'CodeIgniter\Session\Handlers\DatabaseHandler' driver.
INFO - 2024-11-09 02:20:58 --> Session: Class initialized using 'CodeIgniter\Session\Handlers\DatabaseHandler' driver.
INFO - 2024-11-09 02:21:01 --> Session: Class initialized using 'CodeIgniter\Session\Handlers\DatabaseHandler' driver.
INFO - 2024-11-09 02:21:04 --> Session: Class initialized using 'CodeIgniter\Session\Handlers\DatabaseHandler' driver.
INFO - 2024-11-09 02:21:07 --> Session: Class initialized using 'CodeIgniter\Session\Handlers\DatabaseHandler' driver.
INFO - 2024-11-09 02:21:10 --> Session: Class initialized using 'CodeIgniter\Session\Handlers\DatabaseHandler' driver.
INFO - 2024-11-09 02:21:12 --> Session: Class initialized using 'CodeIgniter\Session\Handlers\DatabaseHandler' driver.
INFO - 2024-11-09 02:21:14 --> Session: Class initialized using 'CodeIgniter\Session\Handlers\DatabaseHandler' driver.
INFO - 2024-11-09 02:21:17 --> Session: Class initialized using 'CodeIgniter\Session\Handlers\DatabaseHandler' driver.
INFO - 2024-11-09 02:21:20 --> Session: Class initialized using 'CodeIgniter\Session\Handlers\DatabaseHandler' driver.
INFO - 2024-11-09 02:21:22 --> Session: Class initialized using 'CodeIgniter\Session\Handlers\DatabaseHandler' driver.
INFO - 2024-11-09 02:21:25 --> Session: Class initialized using 'CodeIgniter\Session\Handlers\DatabaseHandler' driver.
INFO - 2024-11-09 02:21:28 --> Session: Class initialized using 'CodeIgniter\Session\Handlers\DatabaseHandler' driver.
INFO - 2024-11-09 02:21:30 --> Session: Class initialized using 'CodeIgniter\Session\Handlers\DatabaseHandler' driver.
INFO - 2024-11-09 02:21:33 --> Session: Class initialized using 'CodeIgniter\Session\Handlers\DatabaseHandler' driver.
INFO - 2024-11-09 02:21:35 --> Session: Class initialized using 'CodeIgniter\Session\Handlers\DatabaseHandler' driver.
INFO - 2024-11-09 02:21:38 --> Session: Class initialized using 'CodeIgniter\Session\Handlers\DatabaseHandler' driver.
INFO - 2024-11-09 02:21:40 --> Session: Class initialized using 'CodeIgniter\Session\Handlers\DatabaseHandler' driver.
INFO - 2024-11-09 02:21:43 --> Session: Class initialized using 'CodeIgniter\Session\Handlers\DatabaseHandler' driver.
INFO - 2024-11-09 02:21:45 --> Session: Class initialized using 'CodeIgniter\Session\Handlers\DatabaseHandler' driver.
INFO - 2024-11-09 02:21:48 --> Session: Class initialized using 'CodeIgniter\Session\Handlers\DatabaseHandler' driver.
INFO - 2024-11-09 02:21:51 --> Session: Class initialized using 'CodeIgniter\Session\Handlers\DatabaseHandler' driver.
INFO - 2024-11-09 02:21:53 --> Session: Class initialized using 'CodeIgniter\Session\Handlers\DatabaseHandler' driver.
INFO - 2024-11-09 02:21:56 --> Session: Class initialized using 'CodeIgniter\Session\Handlers\DatabaseHandler' driver.
INFO - 2024-11-09 02:21:58 --> Session: Class initialized using 'CodeIgniter\Session\Handlers\DatabaseHandler' driver.
INFO - 2024-11-09 02:22:01 --> Session: Class initialized using 'CodeIgniter\Session\Handlers\DatabaseHandler' driver.
INFO - 2024-11-09 02:22:05 --> Session: Class initialized using 'CodeIgniter\Session\Handlers\DatabaseHandler' driver.
INFO - 2024-11-09 02:22:09 --> Session: Class initialized using 'CodeIgniter\Session\Handlers\DatabaseHandler' driver.
INFO - 2024-11-09 02:22:13 --> Session: Class initialized using 'CodeIgniter\Session\Handlers\DatabaseHandler' driver.
INFO - 2024-11-09 02:22:17 --> Session: Class initialized using 'CodeIgniter\Session\Handlers\DatabaseHandler' driver.
INFO - 2024-11-09 02:22:21 --> Session: Class initialized using 'CodeIgniter\Session\Handlers\DatabaseHandler' driver.
INFO - 2024-11-09 02:22:25 --> Session: Class initialized using 'CodeIgniter\Session\Handlers\DatabaseHandler' driver.
INFO - 2024-11-09 02:22:28 --> Session: Class initialized using 'CodeIgniter\Session\Handlers\DatabaseHandler' driver.
INFO - 2024-11-09 02:22:30 --> Session: Class initialized using 'CodeIgniter\Session\Handlers\DatabaseHandler' driver.
INFO - 2024-11-09 02:22:33 --> Session: Class initialized using 'CodeIgniter\Session\Handlers\DatabaseHandler' driver.
INFO - 2024-11-09 02:22:36 --> Session: Class initialized using 'CodeIgniter\Session\Handlers\DatabaseHandler' driver.
INFO - 2024-11-09 02:22:39 --> Session: Class initialized using 'CodeIgniter\Session\Handlers\DatabaseHandler' driver.
INFO - 2024-11-09 02:22:41 --> Session: Class initialized using 'CodeIgniter\Session\Handlers\DatabaseHandler' driver.
INFO - 2024-11-09 02:22:44 --> Session: Class initialized using 'CodeIgniter\Session\Handlers\DatabaseHandler' driver.
INFO - 2024-11-09 02:22:46 --> Session: Class initialized using 'CodeIgniter\Session\Handlers\DatabaseHandler' driver.
INFO - 2024-11-09 02:22:49 --> Session: Class initialized using 'CodeIgniter\Session\Handlers\DatabaseHandler' driver.
INFO - 2024-11-09 02:22:51 --> Session: Class initialized using 'CodeIgniter\Session\Handlers\DatabaseHandler' driver.
INFO - 2024-11-09 02:22:54 --> Session: Class initialized using 'CodeIgniter\Session\Handlers\DatabaseHandler' driver.
INFO - 2024-11-09 02:22:56 --> Session: Class initialized using 'CodeIgniter\Session\Handlers\DatabaseHandler' driver.
INFO - 2024-11-09 02:22:59 --> Session: Class initialized using 'CodeIgniter\Session\Handlers\DatabaseHandler' driver.
INFO - 2024-11-09 02:23:01 --> Session: Class initialized using 'CodeIgniter\Session\Handlers\DatabaseHandler' driver.
INFO - 2024-11-09 02:23:04 --> Session: Class initialized using 'CodeIgniter\Session\Handlers\DatabaseHandler' driver.
INFO - 2024-11-09 02:23:06 --> Session: Class initialized using 'CodeIgniter\Session\Handlers\DatabaseHandler' driver.
INFO - 2024-11-09 02:23:09 --> Session: Class initialized using 'CodeIgniter\Session\Handlers\DatabaseHandler' driver.
INFO - 2024-11-09 02:23:12 --> Session: Class initialized using 'CodeIgniter\Session\Handlers\DatabaseHandler' driver.
INFO - 2024-11-09 02:23:14 --> Session: Class initialized using 'CodeIgniter\Session\Handlers\DatabaseHandler' driver.
INFO - 2024-11-09 02:23:17 --> Session: Class initialized using 'CodeIgniter\Session\Handlers\DatabaseHandler' driver.
INFO - 2024-11-09 02:23:19 --> Session: Class initialized using 'CodeIgniter\Session\Handlers\DatabaseHandler' driver.
INFO - 2024-11-09 02:23:22 --> Session: Class initialized using 'CodeIgniter\Session\Handlers\DatabaseHandler' driver.
INFO - 2024-11-09 02:23:25 --> Session: Class initialized using 'CodeIgniter\Session\Handlers\DatabaseHandler' driver.
INFO - 2024-11-09 02:23:28 --> Session: Class initialized using 'CodeIgniter\Session\Handlers\DatabaseHandler' driver.
INFO - 2024-11-09 02:23:31 --> Session: Class initialized using 'CodeIgniter\Session\Handlers\DatabaseHandler' driver.
INFO - 2024-11-09 02:23:33 --> Session: Class initialized using 'CodeIgniter\Session\Handlers\DatabaseHandler' driver.
INFO - 2024-11-09 02:23:36 --> Session: Class initialized using 'CodeIgniter\Session\Handlers\DatabaseHandler' driver.
INFO - 2024-11-09 02:23:38 --> Session: Class initialized using 'CodeIgniter\Session\Handlers\DatabaseHandler' driver.
INFO - 2024-11-09 02:23:41 --> Session: Class initialized using 'CodeIgniter\Session\Handlers\DatabaseHandler' driver.
INFO - 2024-11-09 02:23:43 --> Session: Class initialized using 'CodeIgniter\Session\Handlers\DatabaseHandler' driver.
INFO - 2024-11-09 02:23:46 --> Session: Class initialized using 'CodeIgniter\Session\Handlers\DatabaseHandler' driver.
INFO - 2024-11-09 02:23:49 --> Session: Class initialized using 'CodeIgniter\Session\Handlers\DatabaseHandler' driver.
INFO - 2024-11-09 02:23:52 --> Session: Class initialized using 'CodeIgniter\Session\Handlers\DatabaseHandler' driver.
INFO - 2024-11-09 02:23:54 --> Session: Class initialized using 'CodeIgniter\Session\Handlers\DatabaseHandler' driver.
INFO - 2024-11-09 02:23:57 --> Session: Class initialized using 'CodeIgniter\Session\Handlers\DatabaseHandler' driver.
INFO - 2024-11-09 02:23:59 --> Session: Class initialized using 'CodeIgniter\Session\Handlers\DatabaseHandler' driver.
INFO - 2024-11-09 02:24:02 --> Session: Class initialized using 'CodeIgniter\Session\Handlers\DatabaseHandler' driver.
INFO - 2024-11-09 02:24:04 --> Session: Class initialized using 'CodeIgniter\Session\Handlers\DatabaseHandler' driver.
INFO - 2024-11-09 02:24:07 --> Session: Class initialized using 'CodeIgniter\Session\Handlers\DatabaseHandler' driver.
INFO - 2024-11-09 02:24:09 --> Session: Class initialized using 'CodeIgniter\Session\Handlers\DatabaseHandler' driver.
INFO - 2024-11-09 02:24:09 --> Session: Class initialized using 'CodeIgniter\Session\Handlers\DatabaseHandler' driver.
INFO - 2024-11-09 02:24:12 --> Session: Class initialized using 'CodeIgniter\Session\Handlers\DatabaseHandler' driver.
INFO - 2024-11-09 02:24:15 --> Session: Class initialized using 'CodeIgniter\Session\Handlers\DatabaseHandler' driver.
INFO - 2024-11-09 02:24:17 --> Session: Class initialized using 'CodeIgniter\Session\Handlers\DatabaseHandler' driver.
INFO - 2024-11-09 02:24:20 --> Session: Class initialized using 'CodeIgniter\Session\Handlers\DatabaseHandler' driver.
INFO - 2024-11-09 02:24:22 --> Session: Class initialized using 'CodeIgniter\Session\Handlers\DatabaseHandler' driver.
INFO - 2024-11-09 02:24:25 --> Session: Class initialized using 'CodeIgniter\Session\Handlers\DatabaseHandler' driver.
INFO - 2024-11-09 02:24:27 --> Session: Class initialized using 'CodeIgniter\Session\Handlers\DatabaseHandler' driver.
INFO - 2024-11-09 02:24:30 --> Session: Class initialized using 'CodeIgniter\Session\Handlers\DatabaseHandler' driver.
INFO - 2024-11-09 02:24:33 --> Session: Class initialized using 'CodeIgniter\Session\Handlers\DatabaseHandler' driver.
INFO - 2024-11-09 02:24:35 --> Session: Class initialized using 'CodeIgniter\Session\Handlers\DatabaseHandler' driver.
INFO - 2024-11-09 02:24:38 --> Session: Class initialized using 'CodeIgniter\Session\Handlers\DatabaseHandler' driver.
INFO - 2024-11-09 02:24:40 --> Session: Class initialized using 'CodeIgniter\Session\Handlers\DatabaseHandler' driver.
INFO - 2024-11-09 02:24:42 --> Session: Class initialized using 'CodeIgniter\Session\Handlers\DatabaseHandler' driver.
INFO - 2024-11-09 02:24:45 --> Session: Class initialized using 'CodeIgniter\Session\Handlers\DatabaseHandler' driver.
INFO - 2024-11-09 02:24:47 --> Session: Class initialized using 'CodeIgniter\Session\Handlers\DatabaseHandler' driver.
INFO - 2024-11-09 02:24:50 --> Session: Class initialized using 'CodeIgniter\Session\Handlers\DatabaseHandler' driver.
INFO - 2024-11-09 02:24:52 --> Session: Class initialized using 'CodeIgniter\Session\Handlers\DatabaseHandler' driver.
INFO - 2024-11-09 02:24:55 --> Session: Class initialized using 'CodeIgniter\Session\Handlers\DatabaseHandler' driver.
INFO - 2024-11-09 02:24:58 --> Session: Class initialized using 'CodeIgniter\Session\Handlers\DatabaseHandler' driver.
INFO - 2024-11-09 02:25:00 --> Session: Class initialized using 'CodeIgniter\Session\Handlers\DatabaseHandler' driver.
INFO - 2024-11-09 02:25:03 --> Session: Class initialized using 'CodeIgniter\Session\Handlers\DatabaseHandler' driver.
INFO - 2024-11-09 02:25:05 --> Session: Class initialized using 'CodeIgniter\Session\Handlers\DatabaseHandler' driver.
INFO - 2024-11-09 02:25:08 --> Session: Class initialized using 'CodeIgniter\Session\Handlers\DatabaseHandler' driver.
INFO - 2024-11-09 02:25:11 --> Session: Class initialized using 'CodeIgniter\Session\Handlers\DatabaseHandler' driver.
INFO - 2024-11-09 02:25:13 --> Session: Class initialized using 'CodeIgniter\Session\Handlers\DatabaseHandler' driver.
INFO - 2024-11-09 02:25:16 --> Session: Class initialized using 'CodeIgniter\Session\Handlers\DatabaseHandler' driver.
INFO - 2024-11-09 02:25:18 --> Session: Class initialized using 'CodeIgniter\Session\Handlers\DatabaseHandler' driver.
INFO - 2024-11-09 02:25:21 --> Session: Class initialized using 'CodeIgniter\Session\Handlers\DatabaseHandler' driver.
INFO - 2024-11-09 02:25:23 --> Session: Class initialized using 'CodeIgniter\Session\Handlers\DatabaseHandler' driver.
INFO - 2024-11-09 02:25:26 --> Session: Class initialized using 'CodeIgniter\Session\Handlers\DatabaseHandler' driver.
INFO - 2024-11-09 02:25:28 --> Session: Class initialized using 'CodeIgniter\Session\Handlers\DatabaseHandler' driver.
INFO - 2024-11-09 02:25:31 --> Session: Class initialized using 'CodeIgniter\Session\Handlers\DatabaseHandler' driver.
INFO - 2024-11-09 02:25:33 --> Session: Class initialized using 'CodeIgniter\Session\Handlers\DatabaseHandler' driver.
INFO - 2024-11-09 02:25:36 --> Session: Class initialized using 'CodeIgniter\Session\Handlers\DatabaseHandler' driver.
INFO - 2024-11-09 02:25:39 --> Session: Class initialized using 'CodeIgniter\Session\Handlers\DatabaseHandler' driver.
INFO - 2024-11-09 02:25:41 --> Session: Class initialized using 'CodeIgniter\Session\Handlers\DatabaseHandler' driver.
INFO - 2024-11-09 02:25:44 --> Session: Class initialized using 'CodeIgniter\Session\Handlers\DatabaseHandler' driver.
INFO - 2024-11-09 02:25:46 --> Session: Class initialized using 'CodeIgniter\Session\Handlers\DatabaseHandler' driver.
INFO - 2024-11-09 02:25:49 --> Session: Class initialized using 'CodeIgniter\Session\Handlers\DatabaseHandler' driver.
INFO - 2024-11-09 02:25:51 --> Session: Class initialized using 'CodeIgniter\Session\Handlers\DatabaseHandler' driver.
INFO - 2024-11-09 02:25:54 --> Session: Class initialized using 'CodeIgniter\Session\Handlers\DatabaseHandler' driver.
INFO - 2024-11-09 02:25:56 --> Session: Class initialized using 'CodeIgniter\Session\Handlers\DatabaseHandler' driver.
INFO - 2024-11-09 02:25:59 --> Session: Class initialized using 'CodeIgniter\Session\Handlers\DatabaseHandler' driver.
INFO - 2024-11-09 02:26:01 --> Session: Class initialized using 'CodeIgniter\Session\Handlers\DatabaseHandler' driver.
INFO - 2024-11-09 02:26:04 --> Session: Class initialized using 'CodeIgniter\Session\Handlers\DatabaseHandler' driver.
INFO - 2024-11-09 02:26:06 --> Session: Class initialized using 'CodeIgniter\Session\Handlers\DatabaseHandler' driver.
INFO - 2024-11-09 02:26:09 --> Session: Class initialized using 'CodeIgniter\Session\Handlers\DatabaseHandler' driver.
INFO - 2024-11-09 02:26:11 --> Session: Class initialized using 'CodeIgniter\Session\Handlers\DatabaseHandler' driver.
INFO - 2024-11-09 02:26:14 --> Session: Class initialized using 'CodeIgniter\Session\Handlers\DatabaseHandler' driver.
INFO - 2024-11-09 02:26:17 --> Session: Class initialized using 'CodeIgniter\Session\Handlers\DatabaseHandler' driver.
INFO - 2024-11-09 02:26:19 --> Session: Class initialized using 'CodeIgniter\Session\Handlers\DatabaseHandler' driver.
INFO - 2024-11-09 02:26:22 --> Session: Class initialized using 'CodeIgniter\Session\Handlers\DatabaseHandler' driver.
INFO - 2024-11-09 02:26:24 --> Session: Class initialized using 'CodeIgniter\Session\Handlers\DatabaseHandler' driver.
INFO - 2024-11-09 02:26:27 --> Session: Class initialized using 'CodeIgniter\Session\Handlers\DatabaseHandler' driver.
INFO - 2024-11-09 02:26:30 --> Session: Class initialized using 'CodeIgniter\Session\Handlers\DatabaseHandler' driver.
INFO - 2024-11-09 02:26:32 --> Session: Class initialized using 'CodeIgniter\Session\Handlers\DatabaseHandler' driver.
INFO - 2024-11-09 02:26:35 --> Session: Class initialized using 'CodeIgniter\Session\Handlers\DatabaseHandler' driver.
INFO - 2024-11-09 02:26:37 --> Session: Class initialized using 'CodeIgniter\Session\Handlers\DatabaseHandler' driver.
INFO - 2024-11-09 02:26:40 --> Session: Class initialized using 'CodeIgniter\Session\Handlers\DatabaseHandler' driver.
INFO - 2024-11-09 02:26:43 --> Session: Class initialized using 'CodeIgniter\Session\Handlers\DatabaseHandler' driver.
INFO - 2024-11-09 02:26:45 --> Session: Class initialized using 'CodeIgniter\Session\Handlers\DatabaseHandler' driver.
INFO - 2024-11-09 02:26:48 --> Session: Class initialized using 'CodeIgniter\Session\Handlers\DatabaseHandler' driver.
INFO - 2024-11-09 02:26:50 --> Session: Class initialized using 'CodeIgniter\Session\Handlers\DatabaseHandler' driver.
INFO - 2024-11-09 02:26:53 --> Session: Class initialized using 'CodeIgniter\Session\Handlers\DatabaseHandler' driver.
INFO - 2024-11-09 02:26:55 --> Session: Class initialized using 'CodeIgniter\Session\Handlers\DatabaseHandler' driver.
INFO - 2024-11-09 02:26:58 --> Session: Class initialized using 'CodeIgniter\Session\Handlers\DatabaseHandler' driver.
INFO - 2024-11-09 02:27:00 --> Session: Class initialized using 'CodeIgniter\Session\Handlers\DatabaseHandler' driver.
INFO - 2024-11-09 02:27:03 --> Session: Class initialized using 'CodeIgniter\Session\Handlers\DatabaseHandler' driver.
INFO - 2024-11-09 02:27:05 --> Session: Class initialized using 'CodeIgniter\Session\Handlers\DatabaseHandler' driver.
INFO - 2024-11-09 02:27:08 --> Session: Class initialized using 'CodeIgniter\Session\Handlers\DatabaseHandler' driver.
INFO - 2024-11-09 02:27:10 --> Session: Class initialized using 'CodeIgniter\Session\Handlers\DatabaseHandler' driver.
INFO - 2024-11-09 02:27:13 --> Session: Class initialized using 'CodeIgniter\Session\Handlers\DatabaseHandler' driver.
INFO - 2024-11-09 02:27:15 --> Session: Class initialized using 'CodeIgniter\Session\Handlers\DatabaseHandler' driver.
INFO - 2024-11-09 02:27:18 --> Session: Class initialized using 'CodeIgniter\Session\Handlers\DatabaseHandler' driver.
INFO - 2024-11-09 02:27:20 --> Session: Class initialized using 'CodeIgniter\Session\Handlers\DatabaseHandler' driver.
INFO - 2024-11-09 02:27:23 --> Session: Class initialized using 'CodeIgniter\Session\Handlers\DatabaseHandler' driver.
INFO - 2024-11-09 02:27:25 --> Session: Class initialized using 'CodeIgniter\Session\Handlers\DatabaseHandler' driver.
INFO - 2024-11-09 02:27:28 --> Session: Class initialized using 'CodeIgniter\Session\Handlers\DatabaseHandler' driver.
INFO - 2024-11-09 02:27:30 --> Session: Class initialized using 'CodeIgniter\Session\Handlers\DatabaseHandler' driver.
INFO - 2024-11-09 02:27:33 --> Session: Class initialized using 'CodeIgniter\Session\Handlers\DatabaseHandler' driver.
INFO - 2024-11-09 02:27:36 --> Session: Class initialized using 'CodeIgniter\Session\Handlers\DatabaseHandler' driver.
INFO - 2024-11-09 02:27:38 --> Session: Class initialized using 'CodeIgniter\Session\Handlers\DatabaseHandler' driver.
INFO - 2024-11-09 02:27:42 --> Session: Class initialized using 'CodeIgniter\Session\Handlers\DatabaseHandler' driver.
INFO - 2024-11-09 02:27:45 --> Session: Class initialized using 'CodeIgniter\Session\Handlers\DatabaseHandler' driver.
INFO - 2024-11-09 02:27:48 --> Session: Class initialized using 'CodeIgniter\Session\Handlers\DatabaseHandler' driver.
INFO - 2024-11-09 02:27:50 --> Session: Class initialized using 'CodeIgniter\Session\Handlers\DatabaseHandler' driver.
INFO - 2024-11-09 02:27:53 --> Session: Class initialized using 'CodeIgniter\Session\Handlers\DatabaseHandler' driver.
INFO - 2024-11-09 02:27:55 --> Session: Class initialized using 'CodeIgniter\Session\Handlers\DatabaseHandler' driver.
INFO - 2024-11-09 02:27:58 --> Session: Class initialized using 'CodeIgniter\Session\Handlers\DatabaseHandler' driver.
INFO - 2024-11-09 02:28:00 --> Session: Class initialized using 'CodeIgniter\Session\Handlers\DatabaseHandler' driver.
INFO - 2024-11-09 02:28:03 --> Session: Class initialized using 'CodeIgniter\Session\Handlers\DatabaseHandler' driver.
INFO - 2024-11-09 02:28:05 --> Session: Class initialized using 'CodeIgniter\Session\Handlers\DatabaseHandler' driver.
INFO - 2024-11-09 02:28:08 --> Session: Class initialized using 'CodeIgniter\Session\Handlers\DatabaseHandler' driver.
INFO - 2024-11-09 02:28:10 --> Session: Class initialized using 'CodeIgniter\Session\Handlers\DatabaseHandler' driver.
INFO - 2024-11-09 02:28:13 --> Session: Class initialized using 'CodeIgniter\Session\Handlers\DatabaseHandler' driver.
INFO - 2024-11-09 02:28:16 --> Session: Class initialized using 'CodeIgniter\Session\Handlers\DatabaseHandler' driver.
INFO - 2024-11-09 02:28:18 --> Session: Class initialized using 'CodeIgniter\Session\Handlers\DatabaseHandler' driver.
INFO - 2024-11-09 02:28:20 --> Session: Class initialized using 'CodeIgniter\Session\Handlers\DatabaseHandler' driver.
INFO - 2024-11-09 02:28:23 --> Session: Class initialized using 'CodeIgniter\Session\Handlers\DatabaseHandler' driver.
INFO - 2024-11-09 02:28:25 --> Session: Class initialized using 'CodeIgniter\Session\Handlers\DatabaseHandler' driver.
INFO - 2024-11-09 02:28:28 --> Session: Class initialized using 'CodeIgniter\Session\Handlers\DatabaseHandler' driver.
INFO - 2024-11-09 02:28:30 --> Session: Class initialized using 'CodeIgniter\Session\Handlers\DatabaseHandler' driver.
INFO - 2024-11-09 02:28:33 --> Session: Class initialized using 'CodeIgniter\Session\Handlers\DatabaseHandler' driver.
INFO - 2024-11-09 02:28:36 --> Session: Class initialized using 'CodeIgniter\Session\Handlers\DatabaseHandler' driver.
INFO - 2024-11-09 02:28:38 --> Session: Class initialized using 'CodeIgniter\Session\Handlers\DatabaseHandler' driver.
INFO - 2024-11-09 02:28:41 --> Session: Class initialized using 'CodeIgniter\Session\Handlers\DatabaseHandler' driver.
INFO - 2024-11-09 02:28:43 --> Session: Class initialized using 'CodeIgniter\Session\Handlers\DatabaseHandler' driver.
INFO - 2024-11-09 02:28:46 --> Session: Class initialized using 'CodeIgniter\Session\Handlers\DatabaseHandler' driver.
INFO - 2024-11-09 02:28:48 --> Session: Class initialized using 'CodeIgniter\Session\Handlers\DatabaseHandler' driver.
INFO - 2024-11-09 02:28:51 --> Session: Class initialized using 'CodeIgniter\Session\Handlers\DatabaseHandler' driver.
INFO - 2024-11-09 02:28:53 --> Session: Class initialized using 'CodeIgniter\Session\Handlers\DatabaseHandler' driver.
INFO - 2024-11-09 02:28:56 --> Session: Class initialized using 'CodeIgniter\Session\Handlers\DatabaseHandler' driver.
INFO - 2024-11-09 02:28:57 --> Session: Class initialized using 'CodeIgniter\Session\Handlers\DatabaseHandler' driver.
INFO - 2024-11-09 02:28:59 --> Session: Class initialized using 'CodeIgniter\Session\Handlers\DatabaseHandler' driver.
INFO - 2024-11-09 02:29:01 --> Session: Class initialized using 'CodeIgniter\Session\Handlers\DatabaseHandler' driver.
INFO - 2024-11-09 02:29:04 --> Session: Class initialized using 'CodeIgniter\Session\Handlers\DatabaseHandler' driver.
INFO - 2024-11-09 02:29:06 --> Session: Class initialized using 'CodeIgniter\Session\Handlers\DatabaseHandler' driver.
INFO - 2024-11-09 02:29:09 --> Session: Class initialized using 'CodeIgniter\Session\Handlers\DatabaseHandler' driver.
INFO - 2024-11-09 02:29:11 --> Session: Class initialized using 'CodeIgniter\Session\Handlers\DatabaseHandler' driver.
INFO - 2024-11-09 02:29:14 --> Session: Class initialized using 'CodeIgniter\Session\Handlers\DatabaseHandler' driver.
INFO - 2024-11-09 02:29:17 --> Session: Class initialized using 'CodeIgniter\Session\Handlers\DatabaseHandler' driver.
INFO - 2024-11-09 02:29:19 --> Session: Class initialized using 'CodeIgniter\Session\Handlers\DatabaseHandler' driver.
INFO - 2024-11-09 02:29:22 --> Session: Class initialized using 'CodeIgniter\Session\Handlers\DatabaseHandler' driver.
INFO - 2024-11-09 02:29:25 --> Session: Class initialized using 'CodeIgniter\Session\Handlers\DatabaseHandler' driver.
INFO - 2024-11-09 02:29:27 --> Session: Class initialized using 'CodeIgniter\Session\Handlers\DatabaseHandler' driver.
INFO - 2024-11-09 02:29:29 --> Session: Class initialized using 'CodeIgniter\Session\Handlers\DatabaseHandler' driver.
INFO - 2024-11-09 02:29:32 --> Session: Class initialized using 'CodeIgniter\Session\Handlers\DatabaseHandler' driver.
INFO - 2024-11-09 02:29:35 --> Session: Class initialized using 'CodeIgniter\Session\Handlers\DatabaseHandler' driver.
INFO - 2024-11-09 02:29:38 --> Session: Class initialized using 'CodeIgniter\Session\Handlers\DatabaseHandler' driver.
INFO - 2024-11-09 02:29:41 --> Session: Class initialized using 'CodeIgniter\Session\Handlers\DatabaseHandler' driver.
INFO - 2024-11-09 02:29:43 --> Session: Class initialized using 'CodeIgniter\Session\Handlers\DatabaseHandler' driver.
INFO - 2024-11-09 02:29:46 --> Session: Class initialized using 'CodeIgniter\Session\Handlers\DatabaseHandler' driver.
INFO - 2024-11-09 02:29:48 --> Session: Class initialized using 'CodeIgniter\Session\Handlers\DatabaseHandler' driver.
INFO - 2024-11-09 02:29:51 --> Session: Class initialized using 'CodeIgniter\Session\Handlers\DatabaseHandler' driver.
INFO - 2024-11-09 02:29:55 --> Session: Class initialized using 'CodeIgniter\Session\Handlers\DatabaseHandler' driver.
INFO - 2024-11-09 02:29:58 --> Session: Class initialized using 'CodeIgniter\Session\Handlers\DatabaseHandler' driver.
INFO - 2024-11-09 02:30:01 --> Session: Class initialized using 'CodeIgniter\Session\Handlers\DatabaseHandler' driver.
INFO - 2024-11-09 02:30:04 --> Session: Class initialized using 'CodeIgniter\Session\Handlers\DatabaseHandler' driver.
INFO - 2024-11-09 02:30:07 --> Session: Class initialized using 'CodeIgniter\Session\Handlers\DatabaseHandler' driver.
INFO - 2024-11-09 02:30:09 --> Session: Class initialized using 'CodeIgniter\Session\Handlers\DatabaseHandler' driver.
INFO - 2024-11-09 02:30:12 --> Session: Class initialized using 'CodeIgniter\Session\Handlers\DatabaseHandler' driver.
INFO - 2024-11-09 02:30:15 --> Session: Class initialized using 'CodeIgniter\Session\Handlers\DatabaseHandler' driver.
INFO - 2024-11-09 02:30:17 --> Session: Class initialized using 'CodeIgniter\Session\Handlers\DatabaseHandler' driver.
INFO - 2024-11-09 02:30:20 --> Session: Class initialized using 'CodeIgniter\Session\Handlers\DatabaseHandler' driver.
INFO - 2024-11-09 02:30:22 --> Session: Class initialized using 'CodeIgniter\Session\Handlers\DatabaseHandler' driver.
INFO - 2024-11-09 02:30:25 --> Session: Class initialized using 'CodeIgniter\Session\Handlers\DatabaseHandler' driver.
INFO - 2024-11-09 02:30:28 --> Session: Class initialized using 'CodeIgniter\Session\Handlers\DatabaseHandler' driver.
INFO - 2024-11-09 02:30:30 --> Session: Class initialized using 'CodeIgniter\Session\Handlers\DatabaseHandler' driver.
INFO - 2024-11-09 02:30:33 --> Session: Class initialized using 'CodeIgniter\Session\Handlers\DatabaseHandler' driver.
INFO - 2024-11-09 02:30:35 --> Session: Class initialized using 'CodeIgniter\Session\Handlers\DatabaseHandler' driver.
INFO - 2024-11-09 02:30:38 --> Session: Class initialized using 'CodeIgniter\Session\Handlers\DatabaseHandler' driver.
INFO - 2024-11-09 02:30:41 --> Session: Class initialized using 'CodeIgniter\Session\Handlers\DatabaseHandler' driver.
INFO - 2024-11-09 02:30:44 --> Session: Class initialized using 'CodeIgniter\Session\Handlers\DatabaseHandler' driver.
INFO - 2024-11-09 02:30:46 --> Session: Class initialized using 'CodeIgniter\Session\Handlers\DatabaseHandler' driver.
INFO - 2024-11-09 02:30:49 --> Session: Class initialized using 'CodeIgniter\Session\Handlers\DatabaseHandler' driver.
INFO - 2024-11-09 02:30:51 --> Session: Class initialized using 'CodeIgniter\Session\Handlers\DatabaseHandler' driver.
INFO - 2024-11-09 02:30:54 --> Session: Class initialized using 'CodeIgniter\Session\Handlers\DatabaseHandler' driver.
INFO - 2024-11-09 02:30:56 --> Session: Class initialized using 'CodeIgniter\Session\Handlers\DatabaseHandler' driver.
INFO - 2024-11-09 02:30:59 --> Session: Class initialized using 'CodeIgniter\Session\Handlers\DatabaseHandler' driver.
INFO - 2024-11-09 02:31:01 --> Session: Class initialized using 'CodeIgniter\Session\Handlers\DatabaseHandler' driver.
INFO - 2024-11-09 02:31:04 --> Session: Class initialized using 'CodeIgniter\Session\Handlers\DatabaseHandler' driver.
INFO - 2024-11-09 02:31:06 --> Session: Class initialized using 'CodeIgniter\Session\Handlers\DatabaseHandler' driver.
INFO - 2024-11-09 02:31:09 --> Session: Class initialized using 'CodeIgniter\Session\Handlers\DatabaseHandler' driver.
INFO - 2024-11-09 02:31:11 --> Session: Class initialized using 'CodeIgniter\Session\Handlers\DatabaseHandler' driver.
INFO - 2024-11-09 02:31:14 --> Session: Class initialized using 'CodeIgniter\Session\Handlers\DatabaseHandler' driver.
INFO - 2024-11-09 02:31:16 --> Session: Class initialized using 'CodeIgniter\Session\Handlers\DatabaseHandler' driver.
INFO - 2024-11-09 02:31:19 --> Session: Class initialized using 'CodeIgniter\Session\Handlers\DatabaseHandler' driver.
INFO - 2024-11-09 02:31:21 --> Session: Class initialized using 'CodeIgniter\Session\Handlers\DatabaseHandler' driver.
INFO - 2024-11-09 02:31:24 --> Session: Class initialized using 'CodeIgniter\Session\Handlers\DatabaseHandler' driver.
INFO - 2024-11-09 02:31:26 --> Session: Class initialized using 'CodeIgniter\Session\Handlers\DatabaseHandler' driver.
INFO - 2024-11-09 02:31:29 --> Session: Class initialized using 'CodeIgniter\Session\Handlers\DatabaseHandler' driver.
INFO - 2024-11-09 02:31:31 --> Session: Class initialized using 'CodeIgniter\Session\Handlers\DatabaseHandler' driver.
INFO - 2024-11-09 02:31:33 --> Session: Class initialized using 'CodeIgniter\Session\Handlers\DatabaseHandler' driver.
INFO - 2024-11-09 02:31:36 --> Session: Class initialized using 'CodeIgniter\Session\Handlers\DatabaseHandler' driver.
INFO - 2024-11-09 02:31:39 --> Session: Class initialized using 'CodeIgniter\Session\Handlers\DatabaseHandler' driver.
INFO - 2024-11-09 02:31:41 --> Session: Class initialized using 'CodeIgniter\Session\Handlers\DatabaseHandler' driver.
INFO - 2024-11-09 02:31:44 --> Session: Class initialized using 'CodeIgniter\Session\Handlers\DatabaseHandler' driver.
INFO - 2024-11-09 02:31:46 --> Session: Class initialized using 'CodeIgniter\Session\Handlers\DatabaseHandler' driver.
INFO - 2024-11-09 02:34:31 --> Session: Class initialized using 'CodeIgniter\Session\Handlers\DatabaseHandler' driver.
INFO - 2024-11-09 02:36:59 --> Session: Class initialized using 'CodeIgniter\Session\Handlers\DatabaseHandler' driver.
INFO - 2024-11-09 02:40:26 --> Session: Class initialized using 'CodeIgniter\Session\Handlers\DatabaseHandler' driver.
INFO - 2024-11-09 02:45:54 --> Session: Class initialized using 'CodeIgniter\Session\Handlers\DatabaseHandler' driver.
INFO - 2024-11-09 02:51:14 --> Session: Class initialized using 'CodeIgniter\Session\Handlers\DatabaseHandler' driver.
INFO - 2024-11-09 02:55:41 --> Session: Class initialized using 'CodeIgniter\Session\Handlers\DatabaseHandler' driver.
INFO - 2024-11-09 03:00:19 --> Session: Class initialized using 'CodeIgniter\Session\Handlers\DatabaseHandler' driver.
INFO - 2024-11-09 03:04:43 --> Session: Class initialized using 'CodeIgniter\Session\Handlers\DatabaseHandler' driver.
INFO - 2024-11-09 03:09:21 --> Session: Class initialized using 'CodeIgniter\Session\Handlers\DatabaseHandler' driver.
INFO - 2024-11-09 03:14:21 --> Session: Class initialized using 'CodeIgniter\Session\Handlers\DatabaseHandler' driver.
INFO - 2024-11-09 03:15:54 --> Session: Class initialized using 'CodeIgniter\Session\Handlers\DatabaseHandler' driver.
INFO - 2024-11-09 03:16:01 --> Session: Class initialized using 'CodeIgniter\Session\Handlers\DatabaseHandler' driver.
INFO - 2024-11-09 03:16:13 --> Session: Class initialized using 'CodeIgniter\Session\Handlers\DatabaseHandler' driver.
INFO - 2024-11-09 03:16:14 --> Session: Class initialized using 'CodeIgniter\Session\Handlers\DatabaseHandler' driver.
INFO - 2024-11-09 03:16:50 --> Session: Class initialized using 'CodeIgniter\Session\Handlers\DatabaseHandler' driver.
INFO - 2024-11-09 03:17:25 --> Session: Class initialized using 'CodeIgniter\Session\Handlers\DatabaseHandler' driver.
INFO - 2024-11-09 03:17:56 --> Session: Class initialized using 'CodeIgniter\Session\Handlers\DatabaseHandler' driver.
INFO - 2024-11-09 03:18:36 --> Session: Class initialized using 'CodeIgniter\Session\Handlers\DatabaseHandler' driver.
INFO - 2024-11-09 03:19:17 --> Session: Class initialized using 'CodeIgniter\Session\Handlers\DatabaseHandler' driver.
INFO - 2024-11-09 03:19:27 --> Session: Class initialized using 'CodeIgniter\Session\Handlers\DatabaseHandler' driver.
INFO - 2024-11-09 03:19:58 --> Session: Class initialized using 'CodeIgniter\Session\Handlers\DatabaseHandler' driver.
INFO - 2024-11-09 03:20:33 --> Session: Class initialized using 'CodeIgniter\Session\Handlers\DatabaseHandler' driver.
INFO - 2024-11-09 03:21:14 --> Session: Class initialized using 'CodeIgniter\Session\Handlers\DatabaseHandler' driver.
INFO - 2024-11-09 03:21:59 --> Session: Class initialized using 'CodeIgniter\Session\Handlers\DatabaseHandler' driver.
INFO - 2024-11-09 03:22:39 --> Session: Class initialized using 'CodeIgniter\Session\Handlers\DatabaseHandler' driver.
INFO - 2024-11-09 03:23:22 --> Session: Class initialized using 'CodeIgniter\Session\Handlers\DatabaseHandler' driver.
INFO - 2024-11-09 03:24:05 --> Session: Class initialized using 'CodeIgniter\Session\Handlers\DatabaseHandler' driver.
INFO - 2024-11-09 03:24:53 --> Session: Class initialized using 'CodeIgniter\Session\Handlers\DatabaseHandler' driver.
INFO - 2024-11-09 03:25:14 --> Session: Class initialized using 'CodeIgniter\Session\Handlers\DatabaseHandler' driver.
INFO - 2024-11-09 03:29:43 --> Session: Class initialized using 'CodeIgniter\Session\Handlers\DatabaseHandler' driver.
INFO - 2024-11-09 03:34:42 --> Session: Class initialized using 'CodeIgniter\Session\Handlers\DatabaseHandler' driver.
INFO - 2024-11-09 03:39:23 --> Session: Class initialized using 'CodeIgniter\Session\Handlers\DatabaseHandler' driver.
INFO - 2024-11-09 03:44:07 --> Session: Class initialized using 'CodeIgniter\Session\Handlers\DatabaseHandler' driver.
INFO - 2024-11-09 03:49:50 --> Session: Class initialized using 'CodeIgniter\Session\Handlers\DatabaseHandler' driver.
INFO - 2024-11-09 03:50:10 --> Session: Class initialized using 'CodeIgniter\Session\Handlers\DatabaseHandler' driver.
INFO - 2024-11-09 03:55:45 --> Session: Class initialized using 'CodeIgniter\Session\Handlers\DatabaseHandler' driver.
INFO - 2024-11-09 04:01:14 --> Session: Class initialized using 'CodeIgniter\Session\Handlers\DatabaseHandler' driver.
INFO - 2024-11-09 04:06:32 --> Session: Class initialized using 'CodeIgniter\Session\Handlers\DatabaseHandler' driver.
INFO - 2024-11-09 04:10:23 --> Session: Class initialized using 'CodeIgniter\Session\Handlers\DatabaseHandler' driver.
INFO - 2024-11-09 04:11:46 --> Session: Class initialized using 'CodeIgniter\Session\Handlers\DatabaseHandler' driver.
INFO - 2024-11-09 04:17:18 --> Session: Class initialized using 'CodeIgniter\Session\Handlers\DatabaseHandler' driver.
INFO - 2024-11-09 04:18:24 --> Session: Class initialized using 'CodeIgniter\Session\Handlers\DatabaseHandler' driver.
INFO - 2024-11-09 04:21:58 --> Session: Class initialized using 'CodeIgniter\Session\Handlers\DatabaseHandler' driver.
INFO - 2024-11-09 04:26:46 --> Session: Class initialized using 'CodeIgniter\Session\Handlers\DatabaseHandler' driver.
INFO - 2024-11-09 04:31:43 --> Session: Class initialized using 'CodeIgniter\Session\Handlers\DatabaseHandler' driver.
INFO - 2024-11-09 04:37:00 --> Session: Class initialized using 'CodeIgniter\Session\Handlers\DatabaseHandler' driver.
INFO - 2024-11-09 04:47:48 --> Session: Class initialized using 'CodeIgniter\Session\Handlers\DatabaseHandler' driver.
INFO - 2024-11-09 04:52:32 --> Session: Class initialized using 'CodeIgniter\Session\Handlers\DatabaseHandler' driver.
INFO - 2024-11-09 05:02:48 --> Session: Class initialized using 'CodeIgniter\Session\Handlers\DatabaseHandler' driver.
INFO - 2024-11-09 05:02:51 --> Session: Class initialized using 'CodeIgniter\Session\Handlers\DatabaseHandler' driver.
INFO - 2024-11-09 05:03:18 --> Session: Class initialized using 'CodeIgniter\Session\Handlers\DatabaseHandler' driver.
INFO - 2024-11-09 05:06:41 --> Session: Class initialized using 'CodeIgniter\Session\Handlers\DatabaseHandler' driver.
INFO - 2024-11-09 05:06:41 --> CSRF token verified.
INFO - 2024-11-09 05:08:52 --> Session: Class initialized using 'CodeIgniter\Session\Handlers\DatabaseHandler' driver.
INFO - 2024-11-09 05:13:43 --> Session: Class initialized using 'CodeIgniter\Session\Handlers\DatabaseHandler' driver.
INFO - 2024-11-09 05:18:31 --> Session: Class initialized using 'CodeIgniter\Session\Handlers\DatabaseHandler' driver.
INFO - 2024-11-09 05:22:45 --> Session: Class initialized using 'CodeIgniter\Session\Handlers\DatabaseHandler' driver.
INFO - 2024-11-09 05:27:05 --> Session: Class initialized using 'CodeIgniter\Session\Handlers\DatabaseHandler' driver.
INFO - 2024-11-09 05:27:42 --> Session: Class initialized using 'CodeIgniter\Session\Handlers\DatabaseHandler' driver.
INFO - 2024-11-09 05:29:13 --> Session: Class initialized using 'CodeIgniter\Session\Handlers\DatabaseHandler' driver.
INFO - 2024-11-09 05:32:26 --> Session: Class initialized using 'CodeIgniter\Session\Handlers\DatabaseHandler' driver.
INFO - 2024-11-09 05:32:50 --> Session: Class initialized using 'CodeIgniter\Session\Handlers\DatabaseHandler' driver.
INFO - 2024-11-09 05:33:03 --> Session: Class initialized using 'CodeIgniter\Session\Handlers\DatabaseHandler' driver.
INFO - 2024-11-09 05:33:17 --> Session: Class initialized using 'CodeIgniter\Session\Handlers\DatabaseHandler' driver.
INFO - 2024-11-09 05:33:19 --> Session: Class initialized using 'CodeIgniter\Session\Handlers\DatabaseHandler' driver.
INFO - 2024-11-09 05:33:21 --> Session: Class initialized using 'CodeIgniter\Session\Handlers\DatabaseHandler' driver.
INFO - 2024-11-09 05:33:23 --> Session: Class initialized using 'CodeIgniter\Session\Handlers\DatabaseHandler' driver.
INFO - 2024-11-09 05:33:29 --> Session: Class initialized using 'CodeIgniter\Session\Handlers\DatabaseHandler' driver.
INFO - 2024-11-09 05:37:18 --> Session: Class initialized using 'CodeIgniter\Session\Handlers\DatabaseHandler' driver.
INFO - 2024-11-09 05:37:29 --> Session: Class initialized using 'CodeIgniter\Session\Handlers\DatabaseHandler' driver.
INFO - 2024-11-09 05:42:46 --> Session: Class initialized using 'CodeIgniter\Session\Handlers\DatabaseHandler' driver.
INFO - 2024-11-09 05:43:53 --> Session: Class initialized using 'CodeIgniter\Session\Handlers\DatabaseHandler' driver.
INFO - 2024-11-09 05:47:45 --> Session: Class initialized using 'CodeIgniter\Session\Handlers\DatabaseHandler' driver.
INFO - 2024-11-09 05:48:16 --> Session: Class initialized using 'CodeIgniter\Session\Handlers\DatabaseHandler' driver.
INFO - 2024-11-09 05:48:44 --> Session: Class initialized using 'CodeIgniter\Session\Handlers\DatabaseHandler' driver.
INFO - 2024-11-09 05:48:54 --> Session: Class initialized using 'CodeIgniter\Session\Handlers\DatabaseHandler' driver.
INFO - 2024-11-09 05:51:52 --> Session: Class initialized using 'CodeIgniter\Session\Handlers\DatabaseHandler' driver.
INFO - 2024-11-09 05:55:27 --> Session: Class initialized using 'CodeIgniter\Session\Handlers\DatabaseHandler' driver.
INFO - 2024-11-09 05:55:39 --> Session: Class initialized using 'CodeIgniter\Session\Handlers\DatabaseHandler' driver.
INFO - 2024-11-09 05:55:48 --> Session: Class initialized using 'CodeIgniter\Session\Handlers\DatabaseHandler' driver.
INFO - 2024-11-09 05:56:05 --> Session: Class initialized using 'CodeIgniter\Session\Handlers\DatabaseHandler' driver.
INFO - 2024-11-09 05:57:07 --> Session: Class initialized using 'CodeIgniter\Session\Handlers\DatabaseHandler' driver.
INFO - 2024-11-09 05:57:27 --> Session: Class initialized using 'CodeIgniter\Session\Handlers\DatabaseHandler' driver.
INFO - 2024-11-09 05:57:29 --> Session: Class initialized using 'CodeIgniter\Session\Handlers\DatabaseHandler' driver.
INFO - 2024-11-09 05:57:31 --> Session: Class initialized using 'CodeIgniter\Session\Handlers\DatabaseHandler' driver.
INFO - 2024-11-09 05:57:32 --> Session: Class initialized using 'CodeIgniter\Session\Handlers\DatabaseHandler' driver.
INFO - 2024-11-09 05:57:35 --> Session: Class initialized using 'CodeIgniter\Session\Handlers\DatabaseHandler' driver.
INFO - 2024-11-09 05:57:37 --> Session: Class initialized using 'CodeIgniter\Session\Handlers\DatabaseHandler' driver.
INFO - 2024-11-09 05:57:39 --> Session: Class initialized using 'CodeIgniter\Session\Handlers\DatabaseHandler' driver.
INFO - 2024-11-09 05:57:41 --> Session: Class initialized using 'CodeIgniter\Session\Handlers\DatabaseHandler' driver.
INFO - 2024-11-09 05:58:40 --> Session: Class initialized using 'CodeIgniter\Session\Handlers\DatabaseHandler' driver.
INFO - 2024-11-09 05:58:44 --> Session: Class initialized using 'CodeIgniter\Session\Handlers\DatabaseHandler' driver.
INFO - 2024-11-09 05:58:45 --> Session: Class initialized using 'CodeIgniter\Session\Handlers\DatabaseHandler' driver.
INFO - 2024-11-09 05:58:47 --> Session: Class initialized using 'CodeIgniter\Session\Handlers\DatabaseHandler' driver.
INFO - 2024-11-09 05:58:49 --> Session: Class initialized using 'CodeIgniter\Session\Handlers\DatabaseHandler' driver.
INFO - 2024-11-09 05:58:49 --> Session: Class initialized using 'CodeIgniter\Session\Handlers\DatabaseHandler' driver.
INFO - 2024-11-09 05:58:52 --> Session: Class initialized using 'CodeIgniter\Session\Handlers\DatabaseHandler' driver.
INFO - 2024-11-09 05:58:53 --> Session: Class initialized using 'CodeIgniter\Session\Handlers\DatabaseHandler' driver.
INFO - 2024-11-09 05:58:55 --> Session: Class initialized using 'CodeIgniter\Session\Handlers\DatabaseHandler' driver.
INFO - 2024-11-09 05:58:57 --> Session: Class initialized using 'CodeIgniter\Session\Handlers\DatabaseHandler' driver.
INFO - 2024-11-09 05:58:58 --> Session: Class initialized using 'CodeIgniter\Session\Handlers\DatabaseHandler' driver.
INFO - 2024-11-09 05:59:01 --> Session: Class initialized using 'CodeIgniter\Session\Handlers\DatabaseHandler' driver.
INFO - 2024-11-09 05:59:03 --> Session: Class initialized using 'CodeIgniter\Session\Handlers\DatabaseHandler' driver.
INFO - 2024-11-09 05:59:04 --> Session: Class initialized using 'CodeIgniter\Session\Handlers\DatabaseHandler' driver.
INFO - 2024-11-09 05:59:06 --> Session: Class initialized using 'CodeIgniter\Session\Handlers\DatabaseHandler' driver.
INFO - 2024-11-09 05:59:06 --> Session: Class initialized using 'CodeIgniter\Session\Handlers\DatabaseHandler' driver.
INFO - 2024-11-09 05:59:10 --> Session: Class initialized using 'CodeIgniter\Session\Handlers\DatabaseHandler' driver.
INFO - 2024-11-09 05:59:11 --> Session: Class initialized using 'CodeIgniter\Session\Handlers\DatabaseHandler' driver.
INFO - 2024-11-09 05:59:15 --> Session: Class initialized using 'CodeIgniter\Session\Handlers\DatabaseHandler' driver.
INFO - 2024-11-09 05:59:17 --> Session: Class initialized using 'CodeIgniter\Session\Handlers\DatabaseHandler' driver.
INFO - 2024-11-09 05:59:18 --> Session: Class initialized using 'CodeIgniter\Session\Handlers\DatabaseHandler' driver.
INFO - 2024-11-09 05:59:21 --> Session: Class initialized using 'CodeIgniter\Session\Handlers\DatabaseHandler' driver.
INFO - 2024-11-09 05:59:22 --> Session: Class initialized using 'CodeIgniter\Session\Handlers\DatabaseHandler' driver.
INFO - 2024-11-09 05:59:24 --> Session: Class initialized using 'CodeIgniter\Session\Handlers\DatabaseHandler' driver.
INFO - 2024-11-09 05:59:26 --> Session: Class initialized using 'CodeIgniter\Session\Handlers\DatabaseHandler' driver.
INFO - 2024-11-09 05:59:27 --> Session: Class initialized using 'CodeIgniter\Session\Handlers\DatabaseHandler' driver.
INFO - 2024-11-09 05:59:30 --> Session: Class initialized using 'CodeIgniter\Session\Handlers\DatabaseHandler' driver.
INFO - 2024-11-09 05:59:31 --> Session: Class initialized using 'CodeIgniter\Session\Handlers\DatabaseHandler' driver.
INFO - 2024-11-09 05:59:33 --> Session: Class initialized using 'CodeIgniter\Session\Handlers\DatabaseHandler' driver.
INFO - 2024-11-09 05:59:35 --> Session: Class initialized using 'CodeIgniter\Session\Handlers\DatabaseHandler' driver.
INFO - 2024-11-09 05:59:36 --> Session: Class initialized using 'CodeIgniter\Session\Handlers\DatabaseHandler' driver.
INFO - 2024-11-09 05:59:43 --> Session: Class initialized using 'CodeIgniter\Session\Handlers\DatabaseHandler' driver.
INFO - 2024-11-09 05:59:45 --> Session: Class initialized using 'CodeIgniter\Session\Handlers\DatabaseHandler' driver.
INFO - 2024-11-09 05:59:47 --> Session: Class initialized using 'CodeIgniter\Session\Handlers\DatabaseHandler' driver.
INFO - 2024-11-09 05:59:48 --> Session: Class initialized using 'CodeIgniter\Session\Handlers\DatabaseHandler' driver.
INFO - 2024-11-09 05:59:49 --> Session: Class initialized using 'CodeIgniter\Session\Handlers\DatabaseHandler' driver.
INFO - 2024-11-09 05:59:52 --> Session: Class initialized using 'CodeIgniter\Session\Handlers\DatabaseHandler' driver.
INFO - 2024-11-09 05:59:55 --> Session: Class initialized using 'CodeIgniter\Session\Handlers\DatabaseHandler' driver.
INFO - 2024-11-09 05:59:55 --> Session: Class initialized using 'CodeIgniter\Session\Handlers\DatabaseHandler' driver.
INFO - 2024-11-09 05:59:57 --> Session: Class initialized using 'CodeIgniter\Session\Handlers\DatabaseHandler' driver.
INFO - 2024-11-09 05:59:59 --> Session: Class initialized using 'CodeIgniter\Session\Handlers\DatabaseHandler' driver.
INFO - 2024-11-09 06:00:02 --> Session: Class initialized using 'CodeIgniter\Session\Handlers\DatabaseHandler' driver.
INFO - 2024-11-09 06:00:07 --> Session: Class initialized using 'CodeIgniter\Session\Handlers\DatabaseHandler' driver.
INFO - 2024-11-09 06:00:09 --> Session: Class initialized using 'CodeIgniter\Session\Handlers\DatabaseHandler' driver.
INFO - 2024-11-09 06:00:09 --> Session: Class initialized using 'CodeIgniter\Session\Handlers\DatabaseHandler' driver.
INFO - 2024-11-09 06:00:12 --> Session: Class initialized using 'CodeIgniter\Session\Handlers\DatabaseHandler' driver.
INFO - 2024-11-09 06:00:16 --> Session: Class initialized using 'CodeIgniter\Session\Handlers\DatabaseHandler' driver.
INFO - 2024-11-09 06:00:18 --> Session: Class initialized using 'CodeIgniter\Session\Handlers\DatabaseHandler' driver.
INFO - 2024-11-09 06:00:22 --> Session: Class initialized using 'CodeIgniter\Session\Handlers\DatabaseHandler' driver.
INFO - 2024-11-09 06:00:24 --> Session: Class initialized using 'CodeIgniter\Session\Handlers\DatabaseHandler' driver.
INFO - 2024-11-09 06:00:24 --> Session: Class initialized using 'CodeIgniter\Session\Handlers\DatabaseHandler' driver.
INFO - 2024-11-09 06:00:28 --> Session: Class initialized using 'CodeIgniter\Session\Handlers\DatabaseHandler' driver.
INFO - 2024-11-09 06:00:36 --> Session: Class initialized using 'CodeIgniter\Session\Handlers\DatabaseHandler' driver.
INFO - 2024-11-09 06:00:38 --> Session: Class initialized using 'CodeIgniter\Session\Handlers\DatabaseHandler' driver.
INFO - 2024-11-09 06:00:40 --> Session: Class initialized using 'CodeIgniter\Session\Handlers\DatabaseHandler' driver.
INFO - 2024-11-09 06:00:43 --> Session: Class initialized using 'CodeIgniter\Session\Handlers\DatabaseHandler' driver.
INFO - 2024-11-09 06:00:44 --> Session: Class initialized using 'CodeIgniter\Session\Handlers\DatabaseHandler' driver.
INFO - 2024-11-09 06:00:48 --> Session: Class initialized using 'CodeIgniter\Session\Handlers\DatabaseHandler' driver.
INFO - 2024-11-09 06:00:51 --> Session: Class initialized using 'CodeIgniter\Session\Handlers\DatabaseHandler' driver.
INFO - 2024-11-09 06:00:53 --> Session: Class initialized using 'CodeIgniter\Session\Handlers\DatabaseHandler' driver.
INFO - 2024-11-09 06:00:55 --> Session: Class initialized using 'CodeIgniter\Session\Handlers\DatabaseHandler' driver.
INFO - 2024-11-09 06:00:57 --> Session: Class initialized using 'CodeIgniter\Session\Handlers\DatabaseHandler' driver.
INFO - 2024-11-09 06:01:00 --> Session: Class initialized using 'CodeIgniter\Session\Handlers\DatabaseHandler' driver.
INFO - 2024-11-09 06:01:02 --> Session: Class initialized using 'CodeIgniter\Session\Handlers\DatabaseHandler' driver.
INFO - 2024-11-09 06:01:04 --> Session: Class initialized using 'CodeIgniter\Session\Handlers\DatabaseHandler' driver.
INFO - 2024-11-09 06:01:04 --> CSRF token verified.
INFO - 2024-11-09 06:01:05 --> Session: Class initialized using 'CodeIgniter\Session\Handlers\DatabaseHandler' driver.
INFO - 2024-11-09 06:01:07 --> Session: Class initialized using 'CodeIgniter\Session\Handlers\DatabaseHandler' driver.
INFO - 2024-11-09 06:01:14 --> Session: Class initialized using 'CodeIgniter\Session\Handlers\DatabaseHandler' driver.
INFO - 2024-11-09 06:01:18 --> Session: Class initialized using 'CodeIgniter\Session\Handlers\DatabaseHandler' driver.
INFO - 2024-11-09 06:01:18 --> CSRF token verified.
INFO - 2024-11-09 06:01:20 --> Session: Class initialized using 'CodeIgniter\Session\Handlers\DatabaseHandler' driver.
INFO - 2024-11-09 06:01:22 --> Session: Class initialized using 'CodeIgniter\Session\Handlers\DatabaseHandler' driver.
INFO - 2024-11-09 06:01:24 --> Session: Class initialized using 'CodeIgniter\Session\Handlers\DatabaseHandler' driver.
INFO - 2024-11-09 06:01:30 --> Session: Class initialized using 'CodeIgniter\Session\Handlers\DatabaseHandler' driver.
INFO - 2024-11-09 06:01:32 --> Session: Class initialized using 'CodeIgniter\Session\Handlers\DatabaseHandler' driver.
INFO - 2024-11-09 06:01:37 --> Session: Class initialized using 'CodeIgniter\Session\Handlers\DatabaseHandler' driver.
INFO - 2024-11-09 06:01:40 --> Session: Class initialized using 'CodeIgniter\Session\Handlers\DatabaseHandler' driver.
INFO - 2024-11-09 06:01:42 --> Session: Class initialized using 'CodeIgniter\Session\Handlers\DatabaseHandler' driver.
INFO - 2024-11-09 06:01:43 --> Session: Class initialized using 'CodeIgniter\Session\Handlers\DatabaseHandler' driver.
INFO - 2024-11-09 06:01:45 --> Session: Class initialized using 'CodeIgniter\Session\Handlers\DatabaseHandler' driver.
INFO - 2024-11-09 06:01:47 --> Session: Class initialized using 'CodeIgniter\Session\Handlers\DatabaseHandler' driver.
INFO - 2024-11-09 06:01:50 --> Session: Class initialized using 'CodeIgniter\Session\Handlers\DatabaseHandler' driver.
INFO - 2024-11-09 06:01:58 --> Session: Class initialized using 'CodeIgniter\Session\Handlers\DatabaseHandler' driver.
INFO - 2024-11-09 06:02:02 --> Session: Class initialized using 'CodeIgniter\Session\Handlers\DatabaseHandler' driver.
INFO - 2024-11-09 06:02:04 --> Session: Class initialized using 'CodeIgniter\Session\Handlers\DatabaseHandler' driver.
INFO - 2024-11-09 06:02:08 --> Session: Class initialized using 'CodeIgniter\Session\Handlers\DatabaseHandler' driver.
INFO - 2024-11-09 06:02:12 --> Session: Class initialized using 'CodeIgniter\Session\Handlers\DatabaseHandler' driver.
INFO - 2024-11-09 06:02:18 --> Session: Class initialized using 'CodeIgniter\Session\Handlers\DatabaseHandler' driver.
INFO - 2024-11-09 06:02:19 --> Session: Class initialized using 'CodeIgniter\Session\Handlers\DatabaseHandler' driver.
INFO - 2024-11-09 06:02:21 --> Session: Class initialized using 'CodeIgniter\Session\Handlers\DatabaseHandler' driver.
INFO - 2024-11-09 06:02:26 --> Session: Class initialized using 'CodeIgniter\Session\Handlers\DatabaseHandler' driver.
INFO - 2024-11-09 06:02:29 --> Session: Class initialized using 'CodeIgniter\Session\Handlers\DatabaseHandler' driver.
INFO - 2024-11-09 06:02:33 --> Session: Class initialized using 'CodeIgniter\Session\Handlers\DatabaseHandler' driver.
INFO - 2024-11-09 06:02:40 --> Session: Class initialized using 'CodeIgniter\Session\Handlers\DatabaseHandler' driver.
INFO - 2024-11-09 06:04:42 --> Session: Class initialized using 'CodeIgniter\Session\Handlers\DatabaseHandler' driver.
INFO - 2024-11-09 06:09:34 --> Session: Class initialized using 'CodeIgniter\Session\Handlers\DatabaseHandler' driver.
INFO - 2024-11-09 06:09:48 --> Session: Class initialized using 'CodeIgniter\Session\Handlers\DatabaseHandler' driver.
INFO - 2024-11-09 06:14:40 --> Session: Class initialized using 'CodeIgniter\Session\Handlers\DatabaseHandler' driver.
INFO - 2024-11-09 06:19:19 --> Session: Class initialized using 'CodeIgniter\Session\Handlers\DatabaseHandler' driver.
INFO - 2024-11-09 06:24:07 --> Session: Class initialized using 'CodeIgniter\Session\Handlers\DatabaseHandler' driver.
INFO - 2024-11-09 06:26:29 --> Session: Class initialized using 'CodeIgniter\Session\Handlers\DatabaseHandler' driver.
INFO - 2024-11-09 06:28:26 --> Session: Class initialized using 'CodeIgniter\Session\Handlers\DatabaseHandler' driver.
INFO - 2024-11-09 06:33:13 --> Session: Class initialized using 'CodeIgniter\Session\Handlers\DatabaseHandler' driver.
INFO - 2024-11-09 06:34:10 --> Session: Class initialized using 'CodeIgniter\Session\Handlers\DatabaseHandler' driver.
INFO - 2024-11-09 06:36:30 --> Session: Class initialized using 'CodeIgniter\Session\Handlers\DatabaseHandler' driver.
INFO - 2024-11-09 06:36:59 --> Session: Class initialized using 'CodeIgniter\Session\Handlers\DatabaseHandler' driver.
INFO - 2024-11-09 06:37:18 --> Session: Class initialized using 'CodeIgniter\Session\Handlers\DatabaseHandler' driver.
INFO - 2024-11-09 06:37:18 --> CSRF token verified.
INFO - 2024-11-09 06:38:12 --> Session: Class initialized using 'CodeIgniter\Session\Handlers\DatabaseHandler' driver.
INFO - 2024-11-09 06:40:26 --> Session: Class initialized using 'CodeIgniter\Session\Handlers\DatabaseHandler' driver.
CRITICAL - 2024-11-09 06:40:26 --> CodeIgniter\HTTP\Exceptions\BadRequestException: The URI you submitted has disallowed characters: "الإنترنت"
[Method: GET, Route: ar/blog/tag/%D8%A7%D9%84%D8%A5%D9%86%D8%AA%D8%B1%D9%86%D8%AA]
in SYSTEMPATH/Router/Router.php on line 737.
 1 SYSTEMPATH/Router/Router.php(204): CodeIgniter\Router\Router->checkDisallowedChars('ar/blog/tag/الإنترنت')
 2 SYSTEMPATH/CodeIgniter.php(834): CodeIgniter\Router\Router->handle('ar/blog/tag/الإنترنت')
 3 SYSTEMPATH/CodeIgniter.php(457): CodeIgniter\CodeIgniter->tryToRouteIt(Object(CodeIgniter\Router\RouteCollection))
 4 SYSTEMPATH/CodeIgniter.php(355): CodeIgniter\CodeIgniter->handleRequest(null, Object(Config\Cache), false)
 5 SYSTEMPATH/Boot.php(325): CodeIgniter\CodeIgniter->run()
 6 SYSTEMPATH/Boot.php(67): CodeIgniter\Boot::runCodeIgniter(Object(CodeIgniter\CodeIgniter))
 7 FCPATH/index.php(56): CodeIgniter\Boot::bootWeb(Object(Config\Paths))
CRITICAL - 2024-11-09 06:40:26 --> ErrorException: Uncaught Error: Class "Locale" not found in /home/carttalog/public_html/system/Helpers/number_helper.php:140
Stack trace:
#0 /home/carttalog/public_html/system/Helpers/number_helper.php(58): format_number(12.0, 2, NULL, Array)
#1 /home/carttalog/public_html/system/Debug/BaseExceptionHandler.php(154): number_to_size(12.0, 2)
#2 /home/carttalog/public_html/app/Views/errors/html/error_exception.php(365): CodeIgniter\Debug\BaseExceptionHandler::describeMemory(12582912)
#3 /home/carttalog/public_html/system/Debug/BaseExceptionHandler.php(266): include('/home/carttalog...')
#4 /home/carttalog/public_html/system/Debug/BaseExceptionHandler.php(269): CodeIgniter\Debug\BaseExceptionHandler->CodeIgniter\Debug\{closure}()
#5 /home/carttalog/public_html/system/Debug/ExceptionHandler.php(114): CodeIgniter\Debug\BaseExceptionHandler->render(Object(CodeIgniter\HTTP\Exceptions\BadRequestException), 400, '/home/carttalog...')
#6 /home/carttalog/public_html/system/Debug/Exceptions.php(164): CodeIgniter\Debug\ExceptionHandler->handle(Object(CodeIgniter\HTTP\Exceptions\BadRequestException), Object(CodeIgniter\HTTP\IncomingRequest), Object(CodeIgniter\HTTP\Response), 400, 1)
#7 [internal function]: CodeIgniter\Debug\Exceptions->exceptionHandler(Object(CodeIgniter\HTTP\Exceptions\BadRequestException))
#8 {main}
  thrown
【Previous Exception】
CodeIgniter\HTTP\Exceptions\BadRequestException
The URI you submitted has disallowed characters: "الإنترنت"
#0 /home/carttalog/public_html/system/Router/Router.php(204): CodeIgniter\Router\Router->checkDisallowedChars('ar/blog/tag/\xD8\xA7\xD9...')
#1 /home/carttalog/public_html/system/CodeIgniter.php(834): CodeIgniter\Router\Router->handle('ar/blog/tag/\xD8\xA7\xD9...')
#2 /home/carttalog/public_html/system/CodeIgniter.php(457): CodeIgniter\CodeIgniter->tryToRouteIt(Object(CodeIgniter\Router\RouteCollection))
#3 /home/carttalog/public_html/system/CodeIgniter.php(355): CodeIgniter\CodeIgniter->handleRequest(NULL, Object(Config\Cache), false)
#4 /home/carttalog/public_html/system/Boot.php(325): CodeIgniter\CodeIgniter->run()
#5 /home/carttalog/public_html/system/Boot.php(67): CodeIgniter\Boot::runCodeIgniter(Object(CodeIgniter\CodeIgniter))
#6 /home/carttalog/public_html/index.php(56): CodeIgniter\Boot::bootWeb(Object(Config\Paths))
#7 {main}
[Method: GET, Route: ar/blog/tag/%D8%A7%D9%84%D8%A5%D9%86%D8%AA%D8%B1%D9%86%D8%AA]
in SYSTEMPATH/Helpers/number_helper.php on line 140.
 1 [internal function]: CodeIgniter\Debug\Exceptions->shutdownHandler()
INFO - 2024-11-09 06:43:06 --> Session: Class initialized using 'CodeIgniter\Session\Handlers\DatabaseHandler' driver.
INFO - 2024-11-09 06:46:54 --> Session: Class initialized using 'CodeIgniter\Session\Handlers\DatabaseHandler' driver.
INFO - 2024-11-09 06:47:47 --> Session: Class initialized using 'CodeIgniter\Session\Handlers\DatabaseHandler' driver.
INFO - 2024-11-09 07:02:23 --> Session: Class initialized using 'CodeIgniter\Session\Handlers\DatabaseHandler' driver.
INFO - 2024-11-09 07:02:53 --> Session: Class initialized using 'CodeIgniter\Session\Handlers\DatabaseHandler' driver.
INFO - 2024-11-09 07:08:38 --> Session: Class initialized using 'CodeIgniter\Session\Handlers\DatabaseHandler' driver.
INFO - 2024-11-09 07:14:16 --> Session: Class initialized using 'CodeIgniter\Session\Handlers\DatabaseHandler' driver.
INFO - 2024-11-09 07:18:54 --> Session: Class initialized using 'CodeIgniter\Session\Handlers\DatabaseHandler' driver.
INFO - 2024-11-09 07:18:59 --> Session: Class initialized using 'CodeIgniter\Session\Handlers\DatabaseHandler' driver.
INFO - 2024-11-09 07:24:06 --> Session: Class initialized using 'CodeIgniter\Session\Handlers\DatabaseHandler' driver.
INFO - 2024-11-09 07:29:27 --> Session: Class initialized using 'CodeIgniter\Session\Handlers\DatabaseHandler' driver.
INFO - 2024-11-09 07:33:59 --> Session: Class initialized using 'CodeIgniter\Session\Handlers\DatabaseHandler' driver.
INFO - 2024-11-09 07:39:33 --> Session: Class initialized using 'CodeIgniter\Session\Handlers\DatabaseHandler' driver.
INFO - 2024-11-09 07:45:03 --> Session: Class initialized using 'CodeIgniter\Session\Handlers\DatabaseHandler' driver.
INFO - 2024-11-09 07:50:32 --> Session: Class initialized using 'CodeIgniter\Session\Handlers\DatabaseHandler' driver.
INFO - 2024-11-09 07:55:55 --> Session: Class initialized using 'CodeIgniter\Session\Handlers\DatabaseHandler' driver.
INFO - 2024-11-09 08:00:40 --> Session: Class initialized using 'CodeIgniter\Session\Handlers\DatabaseHandler' driver.
INFO - 2024-11-09 08:02:26 --> Session: Class initialized using 'CodeIgniter\Session\Handlers\DatabaseHandler' driver.
INFO - 2024-11-09 08:02:27 --> Session: Class initialized using 'CodeIgniter\Session\Handlers\DatabaseHandler' driver.
INFO - 2024-11-09 08:02:29 --> Session: Class initialized using 'CodeIgniter\Session\Handlers\DatabaseHandler' driver.
INFO - 2024-11-09 08:02:29 --> CSRF token verified.
INFO - 2024-11-09 08:02:30 --> Session: Class initialized using 'CodeIgniter\Session\Handlers\DatabaseHandler' driver.
INFO - 2024-11-09 08:05:51 --> Session: Class initialized using 'CodeIgniter\Session\Handlers\DatabaseHandler' driver.
INFO - 2024-11-09 08:10:44 --> Session: Class initialized using 'CodeIgniter\Session\Handlers\DatabaseHandler' driver.
INFO - 2024-11-09 08:11:00 --> Session: Class initialized using 'CodeIgniter\Session\Handlers\DatabaseHandler' driver.
INFO - 2024-11-09 08:15:21 --> Session: Class initialized using 'CodeIgniter\Session\Handlers\DatabaseHandler' driver.
INFO - 2024-11-09 08:15:38 --> Session: Class initialized using 'CodeIgniter\Session\Handlers\DatabaseHandler' driver.
INFO - 2024-11-09 08:20:09 --> Session: Class initialized using 'CodeIgniter\Session\Handlers\DatabaseHandler' driver.
INFO - 2024-11-09 08:24:54 --> Session: Class initialized using 'CodeIgniter\Session\Handlers\DatabaseHandler' driver.
INFO - 2024-11-09 08:26:06 --> Session: Class initialized using 'CodeIgniter\Session\Handlers\DatabaseHandler' driver.
INFO - 2024-11-09 08:26:09 --> Session: Class initialized using 'CodeIgniter\Session\Handlers\DatabaseHandler' driver.
INFO - 2024-11-09 08:26:11 --> Session: Class initialized using 'CodeIgniter\Session\Handlers\DatabaseHandler' driver.
INFO - 2024-11-09 08:26:14 --> Session: Class initialized using 'CodeIgniter\Session\Handlers\DatabaseHandler' driver.
INFO - 2024-11-09 08:26:16 --> Session: Class initialized using 'CodeIgniter\Session\Handlers\DatabaseHandler' driver.
INFO - 2024-11-09 08:26:19 --> Session: Class initialized using 'CodeIgniter\Session\Handlers\DatabaseHandler' driver.
INFO - 2024-11-09 08:26:21 --> Session: Class initialized using 'CodeIgniter\Session\Handlers\DatabaseHandler' driver.
INFO - 2024-11-09 08:26:24 --> Session: Class initialized using 'CodeIgniter\Session\Handlers\DatabaseHandler' driver.
INFO - 2024-11-09 08:26:26 --> Session: Class initialized using 'CodeIgniter\Session\Handlers\DatabaseHandler' driver.
INFO - 2024-11-09 08:26:29 --> Session: Class initialized using 'CodeIgniter\Session\Handlers\DatabaseHandler' driver.
INFO - 2024-11-09 08:26:31 --> Session: Class initialized using 'CodeIgniter\Session\Handlers\DatabaseHandler' driver.
INFO - 2024-11-09 08:26:34 --> Session: Class initialized using 'CodeIgniter\Session\Handlers\DatabaseHandler' driver.
INFO - 2024-11-09 08:26:36 --> Session: Class initialized using 'CodeIgniter\Session\Handlers\DatabaseHandler' driver.
INFO - 2024-11-09 08:26:39 --> Session: Class initialized using 'CodeIgniter\Session\Handlers\DatabaseHandler' driver.
INFO - 2024-11-09 08:26:41 --> Session: Class initialized using 'CodeIgniter\Session\Handlers\DatabaseHandler' driver.
INFO - 2024-11-09 08:26:44 --> Session: Class initialized using 'CodeIgniter\Session\Handlers\DatabaseHandler' driver.
INFO - 2024-11-09 08:26:46 --> Session: Class initialized using 'CodeIgniter\Session\Handlers\DatabaseHandler' driver.
INFO - 2024-11-09 08:26:49 --> Session: Class initialized using 'CodeIgniter\Session\Handlers\DatabaseHandler' driver.
INFO - 2024-11-09 08:26:51 --> Session: Class initialized using 'CodeIgniter\Session\Handlers\DatabaseHandler' driver.
INFO - 2024-11-09 08:26:54 --> Session: Class initialized using 'CodeIgniter\Session\Handlers\DatabaseHandler' driver.
INFO - 2024-11-09 08:26:57 --> Session: Class initialized using 'CodeIgniter\Session\Handlers\DatabaseHandler' driver.
INFO - 2024-11-09 08:27:08 --> Session: Class initialized using 'CodeIgniter\Session\Handlers\DatabaseHandler' driver.
INFO - 2024-11-09 08:27:10 --> Session: Class initialized using 'CodeIgniter\Session\Handlers\DatabaseHandler' driver.
INFO - 2024-11-09 08:27:13 --> Session: Class initialized using 'CodeIgniter\Session\Handlers\DatabaseHandler' driver.
INFO - 2024-11-09 08:27:15 --> Session: Class initialized using 'CodeIgniter\Session\Handlers\DatabaseHandler' driver.
INFO - 2024-11-09 08:27:16 --> Session: Class initialized using 'CodeIgniter\Session\Handlers\DatabaseHandler' driver.
INFO - 2024-11-09 08:27:18 --> Session: Class initialized using 'CodeIgniter\Session\Handlers\DatabaseHandler' driver.
INFO - 2024-11-09 08:27:21 --> Session: Class initialized using 'CodeIgniter\Session\Handlers\DatabaseHandler' driver.
INFO - 2024-11-09 08:27:23 --> Session: Class initialized using 'CodeIgniter\Session\Handlers\DatabaseHandler' driver.
INFO - 2024-11-09 08:27:26 --> Session: Class initialized using 'CodeIgniter\Session\Handlers\DatabaseHandler' driver.
INFO - 2024-11-09 08:27:28 --> Session: Class initialized using 'CodeIgniter\Session\Handlers\DatabaseHandler' driver.
INFO - 2024-11-09 08:27:30 --> Session: Class initialized using 'CodeIgniter\Session\Handlers\DatabaseHandler' driver.
INFO - 2024-11-09 08:27:33 --> Session: Class initialized using 'CodeIgniter\Session\Handlers\DatabaseHandler' driver.
INFO - 2024-11-09 08:27:35 --> Session: Class initialized using 'CodeIgniter\Session\Handlers\DatabaseHandler' driver.
INFO - 2024-11-09 08:27:38 --> Session: Class initialized using 'CodeIgniter\Session\Handlers\DatabaseHandler' driver.
INFO - 2024-11-09 08:27:40 --> Session: Class initialized using 'CodeIgniter\Session\Handlers\DatabaseHandler' driver.
INFO - 2024-11-09 08:27:43 --> Session: Class initialized using 'CodeIgniter\Session\Handlers\DatabaseHandler' driver.
INFO - 2024-11-09 08:27:45 --> Session: Class initialized using 'CodeIgniter\Session\Handlers\DatabaseHandler' driver.
INFO - 2024-11-09 08:27:48 --> Session: Class initialized using 'CodeIgniter\Session\Handlers\DatabaseHandler' driver.
INFO - 2024-11-09 08:27:50 --> Session: Class initialized using 'CodeIgniter\Session\Handlers\DatabaseHandler' driver.
INFO - 2024-11-09 08:27:53 --> Session: Class initialized using 'CodeIgniter\Session\Handlers\DatabaseHandler' driver.
INFO - 2024-11-09 08:27:55 --> Session: Class initialized using 'CodeIgniter\Session\Handlers\DatabaseHandler' driver.
INFO - 2024-11-09 08:27:58 --> Session: Class initialized using 'CodeIgniter\Session\Handlers\DatabaseHandler' driver.
INFO - 2024-11-09 08:28:01 --> Session: Class initialized using 'CodeIgniter\Session\Handlers\DatabaseHandler' driver.
INFO - 2024-11-09 08:28:03 --> Session: Class initialized using 'CodeIgniter\Session\Handlers\DatabaseHandler' driver.
INFO - 2024-11-09 08:28:06 --> Session: Class initialized using 'CodeIgniter\Session\Handlers\DatabaseHandler' driver.
INFO - 2024-11-09 08:28:08 --> Session: Class initialized using 'CodeIgniter\Session\Handlers\DatabaseHandler' driver.
INFO - 2024-11-09 08:28:11 --> Session: Class initialized using 'CodeIgniter\Session\Handlers\DatabaseHandler' driver.
INFO - 2024-11-09 08:28:13 --> Session: Class initialized using 'CodeIgniter\Session\Handlers\DatabaseHandler' driver.
INFO - 2024-11-09 08:28:16 --> Session: Class initialized using 'CodeIgniter\Session\Handlers\DatabaseHandler' driver.
INFO - 2024-11-09 08:28:18 --> Session: Class initialized using 'CodeIgniter\Session\Handlers\DatabaseHandler' driver.
INFO - 2024-11-09 08:28:21 --> Session: Class initialized using 'CodeIgniter\Session\Handlers\DatabaseHandler' driver.
INFO - 2024-11-09 08:28:23 --> Session: Class initialized using 'CodeIgniter\Session\Handlers\DatabaseHandler' driver.
INFO - 2024-11-09 08:28:26 --> Session: Class initialized using 'CodeIgniter\Session\Handlers\DatabaseHandler' driver.
INFO - 2024-11-09 08:28:28 --> Session: Class initialized using 'CodeIgniter\Session\Handlers\DatabaseHandler' driver.
INFO - 2024-11-09 08:28:31 --> Session: Class initialized using 'CodeIgniter\Session\Handlers\DatabaseHandler' driver.
INFO - 2024-11-09 08:28:33 --> Session: Class initialized using 'CodeIgniter\Session\Handlers\DatabaseHandler' driver.
INFO - 2024-11-09 08:28:36 --> Session: Class initialized using 'CodeIgniter\Session\Handlers\DatabaseHandler' driver.
INFO - 2024-11-09 08:28:38 --> Session: Class initialized using 'CodeIgniter\Session\Handlers\DatabaseHandler' driver.
INFO - 2024-11-09 08:28:41 --> Session: Class initialized using 'CodeIgniter\Session\Handlers\DatabaseHandler' driver.
INFO - 2024-11-09 08:28:43 --> Session: Class initialized using 'CodeIgniter\Session\Handlers\DatabaseHandler' driver.
INFO - 2024-11-09 08:28:46 --> Session: Class initialized using 'CodeIgniter\Session\Handlers\DatabaseHandler' driver.
INFO - 2024-11-09 08:28:48 --> Session: Class initialized using 'CodeIgniter\Session\Handlers\DatabaseHandler' driver.
INFO - 2024-11-09 08:28:51 --> Session: Class initialized using 'CodeIgniter\Session\Handlers\DatabaseHandler' driver.
INFO - 2024-11-09 08:28:53 --> Session: Class initialized using 'CodeIgniter\Session\Handlers\DatabaseHandler' driver.
INFO - 2024-11-09 08:28:56 --> Session: Class initialized using 'CodeIgniter\Session\Handlers\DatabaseHandler' driver.
INFO - 2024-11-09 08:28:58 --> Session: Class initialized using 'CodeIgniter\Session\Handlers\DatabaseHandler' driver.
INFO - 2024-11-09 08:29:01 --> Session: Class initialized using 'CodeIgniter\Session\Handlers\DatabaseHandler' driver.
INFO - 2024-11-09 08:29:03 --> Session: Class initialized using 'CodeIgniter\Session\Handlers\DatabaseHandler' driver.
INFO - 2024-11-09 08:29:06 --> Session: Class initialized using 'CodeIgniter\Session\Handlers\DatabaseHandler' driver.
INFO - 2024-11-09 08:29:08 --> Session: Class initialized using 'CodeIgniter\Session\Handlers\DatabaseHandler' driver.
INFO - 2024-11-09 08:29:11 --> Session: Class initialized using 'CodeIgniter\Session\Handlers\DatabaseHandler' driver.
INFO - 2024-11-09 08:29:13 --> Session: Class initialized using 'CodeIgniter\Session\Handlers\DatabaseHandler' driver.
INFO - 2024-11-09 08:29:16 --> Session: Class initialized using 'CodeIgniter\Session\Handlers\DatabaseHandler' driver.
INFO - 2024-11-09 08:29:18 --> Session: Class initialized using 'CodeIgniter\Session\Handlers\DatabaseHandler' driver.
INFO - 2024-11-09 08:29:20 --> Session: Class initialized using 'CodeIgniter\Session\Handlers\DatabaseHandler' driver.
INFO - 2024-11-09 08:29:23 --> Session: Class initialized using 'CodeIgniter\Session\Handlers\DatabaseHandler' driver.
INFO - 2024-11-09 08:29:25 --> Session: Class initialized using 'CodeIgniter\Session\Handlers\DatabaseHandler' driver.
INFO - 2024-11-09 08:29:28 --> Session: Class initialized using 'CodeIgniter\Session\Handlers\DatabaseHandler' driver.
INFO - 2024-11-09 08:29:30 --> Session: Class initialized using 'CodeIgniter\Session\Handlers\DatabaseHandler' driver.
INFO - 2024-11-09 08:29:33 --> Session: Class initialized using 'CodeIgniter\Session\Handlers\DatabaseHandler' driver.
INFO - 2024-11-09 08:29:35 --> Session: Class initialized using 'CodeIgniter\Session\Handlers\DatabaseHandler' driver.
INFO - 2024-11-09 08:29:38 --> Session: Class initialized using 'CodeIgniter\Session\Handlers\DatabaseHandler' driver.
INFO - 2024-11-09 08:29:40 --> Session: Class initialized using 'CodeIgniter\Session\Handlers\DatabaseHandler' driver.
INFO - 2024-11-09 08:29:43 --> Session: Class initialized using 'CodeIgniter\Session\Handlers\DatabaseHandler' driver.
INFO - 2024-11-09 08:29:45 --> Session: Class initialized using 'CodeIgniter\Session\Handlers\DatabaseHandler' driver.
INFO - 2024-11-09 08:29:48 --> Session: Class initialized using 'CodeIgniter\Session\Handlers\DatabaseHandler' driver.
INFO - 2024-11-09 08:29:50 --> Session: Class initialized using 'CodeIgniter\Session\Handlers\DatabaseHandler' driver.
INFO - 2024-11-09 08:29:53 --> Session: Class initialized using 'CodeIgniter\Session\Handlers\DatabaseHandler' driver.
INFO - 2024-11-09 08:29:55 --> Session: Class initialized using 'CodeIgniter\Session\Handlers\DatabaseHandler' driver.
INFO - 2024-11-09 08:29:58 --> Session: Class initialized using 'CodeIgniter\Session\Handlers\DatabaseHandler' driver.
INFO - 2024-11-09 08:30:00 --> Session: Class initialized using 'CodeIgniter\Session\Handlers\DatabaseHandler' driver.
INFO - 2024-11-09 08:30:03 --> Session: Class initialized using 'CodeIgniter\Session\Handlers\DatabaseHandler' driver.
INFO - 2024-11-09 08:30:04 --> Session: Class initialized using 'CodeIgniter\Session\Handlers\DatabaseHandler' driver.
INFO - 2024-11-09 08:30:06 --> Session: Class initialized using 'CodeIgniter\Session\Handlers\DatabaseHandler' driver.
INFO - 2024-11-09 08:30:08 --> Session: Class initialized using 'CodeIgniter\Session\Handlers\DatabaseHandler' driver.
INFO - 2024-11-09 08:30:11 --> Session: Class initialized using 'CodeIgniter\Session\Handlers\DatabaseHandler' driver.
INFO - 2024-11-09 08:30:13 --> Session: Class initialized using 'CodeIgniter\Session\Handlers\DatabaseHandler' driver.
INFO - 2024-11-09 08:30:16 --> Session: Class initialized using 'CodeIgniter\Session\Handlers\DatabaseHandler' driver.
INFO - 2024-11-09 08:30:18 --> Session: Class initialized using 'CodeIgniter\Session\Handlers\DatabaseHandler' driver.
INFO - 2024-11-09 08:30:21 --> Session: Class initialized using 'CodeIgniter\Session\Handlers\DatabaseHandler' driver.
INFO - 2024-11-09 08:30:23 --> Session: Class initialized using 'CodeIgniter\Session\Handlers\DatabaseHandler' driver.
INFO - 2024-11-09 08:30:26 --> Session: Class initialized using 'CodeIgniter\Session\Handlers\DatabaseHandler' driver.
INFO - 2024-11-09 08:30:28 --> Session: Class initialized using 'CodeIgniter\Session\Handlers\DatabaseHandler' driver.
INFO - 2024-11-09 08:30:31 --> Session: Class initialized using 'CodeIgniter\Session\Handlers\DatabaseHandler' driver.
INFO - 2024-11-09 08:30:33 --> Session: Class initialized using 'CodeIgniter\Session\Handlers\DatabaseHandler' driver.
INFO - 2024-11-09 08:30:36 --> Session: Class initialized using 'CodeIgniter\Session\Handlers\DatabaseHandler' driver.
INFO - 2024-11-09 08:30:38 --> Session: Class initialized using 'CodeIgniter\Session\Handlers\DatabaseHandler' driver.
INFO - 2024-11-09 08:30:41 --> Session: Class initialized using 'CodeIgniter\Session\Handlers\DatabaseHandler' driver.
INFO - 2024-11-09 08:34:57 --> Session: Class initialized using 'CodeIgniter\Session\Handlers\DatabaseHandler' driver.
INFO - 2024-11-09 08:39:46 --> Session: Class initialized using 'CodeIgniter\Session\Handlers\DatabaseHandler' driver.
INFO - 2024-11-09 08:44:35 --> Session: Class initialized using 'CodeIgniter\Session\Handlers\DatabaseHandler' driver.
INFO - 2024-11-09 08:48:58 --> Session: Class initialized using 'CodeIgniter\Session\Handlers\DatabaseHandler' driver.
INFO - 2024-11-09 08:53:27 --> Session: Class initialized using 'CodeIgniter\Session\Handlers\DatabaseHandler' driver.
INFO - 2024-11-09 08:54:43 --> Session: Class initialized using 'CodeIgniter\Session\Handlers\DatabaseHandler' driver.
INFO - 2024-11-09 08:54:44 --> Session: Class initialized using 'CodeIgniter\Session\Handlers\DatabaseHandler' driver.
INFO - 2024-11-09 08:58:16 --> Session: Class initialized using 'CodeIgniter\Session\Handlers\DatabaseHandler' driver.
INFO - 2024-11-09 09:02:30 --> Session: Class initialized using 'CodeIgniter\Session\Handlers\DatabaseHandler' driver.
INFO - 2024-11-09 09:07:04 --> Session: Class initialized using 'CodeIgniter\Session\Handlers\DatabaseHandler' driver.
INFO - 2024-11-09 09:11:21 --> Session: Class initialized using 'CodeIgniter\Session\Handlers\DatabaseHandler' driver.
INFO - 2024-11-09 09:15:29 --> Session: Class initialized using 'CodeIgniter\Session\Handlers\DatabaseHandler' driver.
INFO - 2024-11-09 09:19:29 --> Session: Class initialized using 'CodeIgniter\Session\Handlers\DatabaseHandler' driver.
INFO - 2024-11-09 09:23:57 --> Session: Class initialized using 'CodeIgniter\Session\Handlers\DatabaseHandler' driver.
INFO - 2024-11-09 09:28:10 --> Session: Class initialized using 'CodeIgniter\Session\Handlers\DatabaseHandler' driver.
INFO - 2024-11-09 09:32:22 --> Session: Class initialized using 'CodeIgniter\Session\Handlers\DatabaseHandler' driver.
INFO - 2024-11-09 09:36:49 --> Session: Class initialized using 'CodeIgniter\Session\Handlers\DatabaseHandler' driver.
INFO - 2024-11-09 09:41:13 --> Session: Class initialized using 'CodeIgniter\Session\Handlers\DatabaseHandler' driver.
INFO - 2024-11-09 09:43:13 --> Session: Class initialized using 'CodeIgniter\Session\Handlers\DatabaseHandler' driver.
INFO - 2024-11-09 09:45:52 --> Session: Class initialized using 'CodeIgniter\Session\Handlers\DatabaseHandler' driver.
INFO - 2024-11-09 09:52:15 --> Session: Class initialized using 'CodeIgniter\Session\Handlers\DatabaseHandler' driver.
INFO - 2024-11-09 09:54:17 --> Session: Class initialized using 'CodeIgniter\Session\Handlers\DatabaseHandler' driver.
INFO - 2024-11-09 09:54:50 --> Session: Class initialized using 'CodeIgniter\Session\Handlers\DatabaseHandler' driver.
INFO - 2024-11-09 09:55:18 --> Session: Class initialized using 'CodeIgniter\Session\Handlers\DatabaseHandler' driver.
INFO - 2024-11-09 09:57:20 --> Session: Class initialized using 'CodeIgniter\Session\Handlers\DatabaseHandler' driver.
INFO - 2024-11-09 09:58:14 --> Session: Class initialized using 'CodeIgniter\Session\Handlers\DatabaseHandler' driver.
INFO - 2024-11-09 09:58:17 --> Session: Class initialized using 'CodeIgniter\Session\Handlers\DatabaseHandler' driver.
INFO - 2024-11-09 09:58:39 --> Session: Class initialized using 'CodeIgniter\Session\Handlers\DatabaseHandler' driver.
INFO - 2024-11-09 09:58:42 --> Session: Class initialized using 'CodeIgniter\Session\Handlers\DatabaseHandler' driver.
INFO - 2024-11-09 09:58:45 --> Session: Class initialized using 'CodeIgniter\Session\Handlers\DatabaseHandler' driver.
INFO - 2024-11-09 09:58:47 --> Session: Class initialized using 'CodeIgniter\Session\Handlers\DatabaseHandler' driver.
INFO - 2024-11-09 09:58:50 --> Session: Class initialized using 'CodeIgniter\Session\Handlers\DatabaseHandler' driver.
INFO - 2024-11-09 09:58:52 --> Session: Class initialized using 'CodeIgniter\Session\Handlers\DatabaseHandler' driver.
INFO - 2024-11-09 09:58:55 --> Session: Class initialized using 'CodeIgniter\Session\Handlers\DatabaseHandler' driver.
INFO - 2024-11-09 09:58:57 --> Session: Class initialized using 'CodeIgniter\Session\Handlers\DatabaseHandler' driver.
INFO - 2024-11-09 09:59:00 --> Session: Class initialized using 'CodeIgniter\Session\Handlers\DatabaseHandler' driver.
INFO - 2024-11-09 09:59:02 --> Session: Class initialized using 'CodeIgniter\Session\Handlers\DatabaseHandler' driver.
INFO - 2024-11-09 09:59:05 --> Session: Class initialized using 'CodeIgniter\Session\Handlers\DatabaseHandler' driver.
INFO - 2024-11-09 09:59:07 --> Session: Class initialized using 'CodeIgniter\Session\Handlers\DatabaseHandler' driver.
INFO - 2024-11-09 09:59:10 --> Session: Class initialized using 'CodeIgniter\Session\Handlers\DatabaseHandler' driver.
INFO - 2024-11-09 09:59:12 --> Session: Class initialized using 'CodeIgniter\Session\Handlers\DatabaseHandler' driver.
INFO - 2024-11-09 09:59:14 --> Session: Class initialized using 'CodeIgniter\Session\Handlers\DatabaseHandler' driver.
INFO - 2024-11-09 09:59:17 --> Session: Class initialized using 'CodeIgniter\Session\Handlers\DatabaseHandler' driver.
INFO - 2024-11-09 09:59:42 --> Session: Class initialized using 'CodeIgniter\Session\Handlers\DatabaseHandler' driver.
INFO - 2024-11-09 10:00:22 --> Session: Class initialized using 'CodeIgniter\Session\Handlers\DatabaseHandler' driver.
INFO - 2024-11-09 10:01:40 --> Session: Class initialized using 'CodeIgniter\Session\Handlers\DatabaseHandler' driver.
INFO - 2024-11-09 10:03:59 --> Session: Class initialized using 'CodeIgniter\Session\Handlers\DatabaseHandler' driver.
INFO - 2024-11-09 10:04:05 --> Session: Class initialized using 'CodeIgniter\Session\Handlers\DatabaseHandler' driver.
INFO - 2024-11-09 10:06:01 --> Session: Class initialized using 'CodeIgniter\Session\Handlers\DatabaseHandler' driver.
INFO - 2024-11-09 10:08:43 --> Session: Class initialized using 'CodeIgniter\Session\Handlers\DatabaseHandler' driver.
INFO - 2024-11-09 10:11:36 --> Session: Class initialized using 'CodeIgniter\Session\Handlers\DatabaseHandler' driver.
INFO - 2024-11-09 10:12:39 --> Session: Class initialized using 'CodeIgniter\Session\Handlers\DatabaseHandler' driver.
INFO - 2024-11-09 10:13:19 --> Session: Class initialized using 'CodeIgniter\Session\Handlers\DatabaseHandler' driver.
INFO - 2024-11-09 10:14:41 --> Session: Class initialized using 'CodeIgniter\Session\Handlers\DatabaseHandler' driver.
INFO - 2024-11-09 10:14:59 --> Session: Class initialized using 'CodeIgniter\Session\Handlers\DatabaseHandler' driver.
INFO - 2024-11-09 10:14:59 --> CSRF token verified.
INFO - 2024-11-09 10:15:43 --> Session: Class initialized using 'CodeIgniter\Session\Handlers\DatabaseHandler' driver.
INFO - 2024-11-09 10:16:45 --> Session: Class initialized using 'CodeIgniter\Session\Handlers\DatabaseHandler' driver.
INFO - 2024-11-09 10:18:26 --> Session: Class initialized using 'CodeIgniter\Session\Handlers\DatabaseHandler' driver.
INFO - 2024-11-09 10:22:49 --> Session: Class initialized using 'CodeIgniter\Session\Handlers\DatabaseHandler' driver.
INFO - 2024-11-09 10:22:58 --> Session: Class initialized using 'CodeIgniter\Session\Handlers\DatabaseHandler' driver.
INFO - 2024-11-09 10:27:42 --> Session: Class initialized using 'CodeIgniter\Session\Handlers\DatabaseHandler' driver.
INFO - 2024-11-09 10:29:09 --> Session: Class initialized using 'CodeIgniter\Session\Handlers\DatabaseHandler' driver.
INFO - 2024-11-09 10:29:47 --> Session: Class initialized using 'CodeIgniter\Session\Handlers\DatabaseHandler' driver.
INFO - 2024-11-09 10:29:47 --> CSRF token verified.
INFO - 2024-11-09 10:32:33 --> Session: Class initialized using 'CodeIgniter\Session\Handlers\DatabaseHandler' driver.
INFO - 2024-11-09 10:37:22 --> Session: Class initialized using 'CodeIgniter\Session\Handlers\DatabaseHandler' driver.
INFO - 2024-11-09 10:41:18 --> Session: Class initialized using 'CodeIgniter\Session\Handlers\DatabaseHandler' driver.
INFO - 2024-11-09 10:42:13 --> Session: Class initialized using 'CodeIgniter\Session\Handlers\DatabaseHandler' driver.
INFO - 2024-11-09 10:46:49 --> Session: Class initialized using 'CodeIgniter\Session\Handlers\DatabaseHandler' driver.
INFO - 2024-11-09 10:51:17 --> Session: Class initialized using 'CodeIgniter\Session\Handlers\DatabaseHandler' driver.
INFO - 2024-11-09 10:52:01 --> Session: Class initialized using 'CodeIgniter\Session\Handlers\DatabaseHandler' driver.
INFO - 2024-11-09 10:52:14 --> Session: Class initialized using 'CodeIgniter\Session\Handlers\DatabaseHandler' driver.
INFO - 2024-11-09 10:52:39 --> Session: Class initialized using 'CodeIgniter\Session\Handlers\DatabaseHandler' driver.
INFO - 2024-11-09 10:53:00 --> Session: Class initialized using 'CodeIgniter\Session\Handlers\DatabaseHandler' driver.
INFO - 2024-11-09 10:53:40 --> Session: Class initialized using 'CodeIgniter\Session\Handlers\DatabaseHandler' driver.
INFO - 2024-11-09 10:54:24 --> Session: Class initialized using 'CodeIgniter\Session\Handlers\DatabaseHandler' driver.
INFO - 2024-11-09 10:55:04 --> Session: Class initialized using 'CodeIgniter\Session\Handlers\DatabaseHandler' driver.
INFO - 2024-11-09 10:55:40 --> Session: Class initialized using 'CodeIgniter\Session\Handlers\DatabaseHandler' driver.
INFO - 2024-11-09 10:56:00 --> Session: Class initialized using 'CodeIgniter\Session\Handlers\DatabaseHandler' driver.
INFO - 2024-11-09 10:56:22 --> Session: Class initialized using 'CodeIgniter\Session\Handlers\DatabaseHandler' driver.
INFO - 2024-11-09 10:57:02 --> Session: Class initialized using 'CodeIgniter\Session\Handlers\DatabaseHandler' driver.
INFO - 2024-11-09 10:57:46 --> Session: Class initialized using 'CodeIgniter\Session\Handlers\DatabaseHandler' driver.
INFO - 2024-11-09 10:58:28 --> Session: Class initialized using 'CodeIgniter\Session\Handlers\DatabaseHandler' driver.
INFO - 2024-11-09 11:00:39 --> Session: Class initialized using 'CodeIgniter\Session\Handlers\DatabaseHandler' driver.
INFO - 2024-11-09 11:01:35 --> Session: Class initialized using 'CodeIgniter\Session\Handlers\DatabaseHandler' driver.
INFO - 2024-11-09 11:05:44 --> Session: Class initialized using 'CodeIgniter\Session\Handlers\DatabaseHandler' driver.
INFO - 2024-11-09 11:10:40 --> Session: Class initialized using 'CodeIgniter\Session\Handlers\DatabaseHandler' driver.
INFO - 2024-11-09 11:14:03 --> Session: Class initialized using 'CodeIgniter\Session\Handlers\DatabaseHandler' driver.
INFO - 2024-11-09 11:14:17 --> Session: Class initialized using 'CodeIgniter\Session\Handlers\DatabaseHandler' driver.
INFO - 2024-11-09 11:14:58 --> Session: Class initialized using 'CodeIgniter\Session\Handlers\DatabaseHandler' driver.
INFO - 2024-11-09 11:19:32 --> Session: Class initialized using 'CodeIgniter\Session\Handlers\DatabaseHandler' driver.
INFO - 2024-11-09 11:20:52 --> Session: Class initialized using 'CodeIgniter\Session\Handlers\DatabaseHandler' driver.
INFO - 2024-11-09 11:21:54 --> Session: Class initialized using 'CodeIgniter\Session\Handlers\DatabaseHandler' driver.
INFO - 2024-11-09 11:24:14 --> Session: Class initialized using 'CodeIgniter\Session\Handlers\DatabaseHandler' driver.
INFO - 2024-11-09 11:24:20 --> Session: Class initialized using 'CodeIgniter\Session\Handlers\DatabaseHandler' driver.
INFO - 2024-11-09 11:24:25 --> Session: Class initialized using 'CodeIgniter\Session\Handlers\DatabaseHandler' driver.
INFO - 2024-11-09 11:29:09 --> Session: Class initialized using 'CodeIgniter\Session\Handlers\DatabaseHandler' driver.
INFO - 2024-11-09 11:29:55 --> Session: Class initialized using 'CodeIgniter\Session\Handlers\DatabaseHandler' driver.
INFO - 2024-11-09 11:33:47 --> Session: Class initialized using 'CodeIgniter\Session\Handlers\DatabaseHandler' driver.
INFO - 2024-11-09 11:36:55 --> Session: Class initialized using 'CodeIgniter\Session\Handlers\DatabaseHandler' driver.
INFO - 2024-11-09 11:37:00 --> Session: Class initialized using 'CodeIgniter\Session\Handlers\DatabaseHandler' driver.
INFO - 2024-11-09 11:37:04 --> Session: Class initialized using 'CodeIgniter\Session\Handlers\DatabaseHandler' driver.
INFO - 2024-11-09 11:37:11 --> Session: Class initialized using 'CodeIgniter\Session\Handlers\DatabaseHandler' driver.
INFO - 2024-11-09 11:37:18 --> Session: Class initialized using 'CodeIgniter\Session\Handlers\DatabaseHandler' driver.
INFO - 2024-11-09 11:37:24 --> Session: Class initialized using 'CodeIgniter\Session\Handlers\DatabaseHandler' driver.
INFO - 2024-11-09 11:37:33 --> Session: Class initialized using 'CodeIgniter\Session\Handlers\DatabaseHandler' driver.
INFO - 2024-11-09 11:37:45 --> Session: Class initialized using 'CodeIgniter\Session\Handlers\DatabaseHandler' driver.
INFO - 2024-11-09 11:37:54 --> Session: Class initialized using 'CodeIgniter\Session\Handlers\DatabaseHandler' driver.
INFO - 2024-11-09 11:38:37 --> Session: Class initialized using 'CodeIgniter\Session\Handlers\DatabaseHandler' driver.
INFO - 2024-11-09 11:38:47 --> Session: Class initialized using 'CodeIgniter\Session\Handlers\DatabaseHandler' driver.
INFO - 2024-11-09 11:40:10 --> Session: Class initialized using 'CodeIgniter\Session\Handlers\DatabaseHandler' driver.
INFO - 2024-11-09 11:40:33 --> Session: Class initialized using 'CodeIgniter\Session\Handlers\DatabaseHandler' driver.
INFO - 2024-11-09 11:40:50 --> Session: Class initialized using 'CodeIgniter\Session\Handlers\DatabaseHandler' driver.
INFO - 2024-11-09 11:41:19 --> Session: Class initialized using 'CodeIgniter\Session\Handlers\DatabaseHandler' driver.
INFO - 2024-11-09 11:42:00 --> Session: Class initialized using 'CodeIgniter\Session\Handlers\DatabaseHandler' driver.
INFO - 2024-11-09 11:42:38 --> Session: Class initialized using 'CodeIgniter\Session\Handlers\DatabaseHandler' driver.
INFO - 2024-11-09 11:42:52 --> Session: Class initialized using 'CodeIgniter\Session\Handlers\DatabaseHandler' driver.
INFO - 2024-11-09 11:43:17 --> Session: Class initialized using 'CodeIgniter\Session\Handlers\DatabaseHandler' driver.
INFO - 2024-11-09 11:43:59 --> Session: Class initialized using 'CodeIgniter\Session\Handlers\DatabaseHandler' driver.
INFO - 2024-11-09 11:44:07 --> Session: Class initialized using 'CodeIgniter\Session\Handlers\DatabaseHandler' driver.
INFO - 2024-11-09 11:44:38 --> Session: Class initialized using 'CodeIgniter\Session\Handlers\DatabaseHandler' driver.
INFO - 2024-11-09 11:45:20 --> Session: Class initialized using 'CodeIgniter\Session\Handlers\DatabaseHandler' driver.
INFO - 2024-11-09 11:46:04 --> Session: Class initialized using 'CodeIgniter\Session\Handlers\DatabaseHandler' driver.
INFO - 2024-11-09 11:46:39 --> Session: Class initialized using 'CodeIgniter\Session\Handlers\DatabaseHandler' driver.
INFO - 2024-11-09 11:46:54 --> Session: Class initialized using 'CodeIgniter\Session\Handlers\DatabaseHandler' driver.
INFO - 2024-11-09 11:47:21 --> Session: Class initialized using 'CodeIgniter\Session\Handlers\DatabaseHandler' driver.
INFO - 2024-11-09 11:47:30 --> Session: Class initialized using 'CodeIgniter\Session\Handlers\DatabaseHandler' driver.
INFO - 2024-11-09 11:47:55 --> Session: Class initialized using 'CodeIgniter\Session\Handlers\DatabaseHandler' driver.
INFO - 2024-11-09 11:47:56 --> Session: Class initialized using 'CodeIgniter\Session\Handlers\DatabaseHandler' driver.
INFO - 2024-11-09 11:48:34 --> Session: Class initialized using 'CodeIgniter\Session\Handlers\DatabaseHandler' driver.
INFO - 2024-11-09 11:49:14 --> Session: Class initialized using 'CodeIgniter\Session\Handlers\DatabaseHandler' driver.
INFO - 2024-11-09 11:49:48 --> Session: Class initialized using 'CodeIgniter\Session\Handlers\DatabaseHandler' driver.
INFO - 2024-11-09 11:50:57 --> Session: Class initialized using 'CodeIgniter\Session\Handlers\DatabaseHandler' driver.
INFO - 2024-11-09 11:51:58 --> Session: Class initialized using 'CodeIgniter\Session\Handlers\DatabaseHandler' driver.
INFO - 2024-11-09 11:54:04 --> Session: Class initialized using 'CodeIgniter\Session\Handlers\DatabaseHandler' driver.
INFO - 2024-11-09 11:54:19 --> Session: Class initialized using 'CodeIgniter\Session\Handlers\DatabaseHandler' driver.
INFO - 2024-11-09 11:55:05 --> Session: Class initialized using 'CodeIgniter\Session\Handlers\DatabaseHandler' driver.
INFO - 2024-11-09 11:56:39 --> Session: Class initialized using 'CodeIgniter\Session\Handlers\DatabaseHandler' driver.
INFO - 2024-11-09 11:58:48 --> Session: Class initialized using 'CodeIgniter\Session\Handlers\DatabaseHandler' driver.
INFO - 2024-11-09 12:01:15 --> Session: Class initialized using 'CodeIgniter\Session\Handlers\DatabaseHandler' driver.
INFO - 2024-11-09 12:05:55 --> Session: Class initialized using 'CodeIgniter\Session\Handlers\DatabaseHandler' driver.
INFO - 2024-11-09 12:10:41 --> Session: Class initialized using 'CodeIgniter\Session\Handlers\DatabaseHandler' driver.
INFO - 2024-11-09 12:15:09 --> Session: Class initialized using 'CodeIgniter\Session\Handlers\DatabaseHandler' driver.
INFO - 2024-11-09 12:19:17 --> Session: Class initialized using 'CodeIgniter\Session\Handlers\DatabaseHandler' driver.
INFO - 2024-11-09 12:20:08 --> Session: Class initialized using 'CodeIgniter\Session\Handlers\DatabaseHandler' driver.
INFO - 2024-11-09 12:20:45 --> Session: Class initialized using 'CodeIgniter\Session\Handlers\DatabaseHandler' driver.
INFO - 2024-11-09 12:21:10 --> Session: Class initialized using 'CodeIgniter\Session\Handlers\DatabaseHandler' driver.
INFO - 2024-11-09 12:22:11 --> Session: Class initialized using 'CodeIgniter\Session\Handlers\DatabaseHandler' driver.
INFO - 2024-11-09 12:23:46 --> Session: Class initialized using 'CodeIgniter\Session\Handlers\DatabaseHandler' driver.
INFO - 2024-11-09 12:25:22 --> Session: Class initialized using 'CodeIgniter\Session\Handlers\DatabaseHandler' driver.
INFO - 2024-11-09 12:26:47 --> Session: Class initialized using 'CodeIgniter\Session\Handlers\DatabaseHandler' driver.
INFO - 2024-11-09 12:27:10 --> Session: Class initialized using 'CodeIgniter\Session\Handlers\DatabaseHandler' driver.
INFO - 2024-11-09 12:27:43 --> Session: Class initialized using 'CodeIgniter\Session\Handlers\DatabaseHandler' driver.
INFO - 2024-11-09 12:27:48 --> Session: Class initialized using 'CodeIgniter\Session\Handlers\DatabaseHandler' driver.
INFO - 2024-11-09 12:28:21 --> Session: Class initialized using 'CodeIgniter\Session\Handlers\DatabaseHandler' driver.
INFO - 2024-11-09 12:28:28 --> Session: Class initialized using 'CodeIgniter\Session\Handlers\DatabaseHandler' driver.
INFO - 2024-11-09 12:28:49 --> Session: Class initialized using 'CodeIgniter\Session\Handlers\DatabaseHandler' driver.
INFO - 2024-11-09 12:29:11 --> Session: Class initialized using 'CodeIgniter\Session\Handlers\DatabaseHandler' driver.
INFO - 2024-11-09 12:29:51 --> Session: Class initialized using 'CodeIgniter\Session\Handlers\DatabaseHandler' driver.
INFO - 2024-11-09 12:30:30 --> Session: Class initialized using 'CodeIgniter\Session\Handlers\DatabaseHandler' driver.
INFO - 2024-11-09 12:31:08 --> Session: Class initialized using 'CodeIgniter\Session\Handlers\DatabaseHandler' driver.
INFO - 2024-11-09 12:31:50 --> Session: Class initialized using 'CodeIgniter\Session\Handlers\DatabaseHandler' driver.
INFO - 2024-11-09 12:32:32 --> Session: Class initialized using 'CodeIgniter\Session\Handlers\DatabaseHandler' driver.
INFO - 2024-11-09 12:33:01 --> Session: Class initialized using 'CodeIgniter\Session\Handlers\DatabaseHandler' driver.
INFO - 2024-11-09 12:33:13 --> Session: Class initialized using 'CodeIgniter\Session\Handlers\DatabaseHandler' driver.
INFO - 2024-11-09 12:33:53 --> Session: Class initialized using 'CodeIgniter\Session\Handlers\DatabaseHandler' driver.
INFO - 2024-11-09 12:34:29 --> Session: Class initialized using 'CodeIgniter\Session\Handlers\DatabaseHandler' driver.
INFO - 2024-11-09 12:35:03 --> Session: Class initialized using 'CodeIgniter\Session\Handlers\DatabaseHandler' driver.
INFO - 2024-11-09 12:35:43 --> Session: Class initialized using 'CodeIgniter\Session\Handlers\DatabaseHandler' driver.
INFO - 2024-11-09 12:38:13 --> Session: Class initialized using 'CodeIgniter\Session\Handlers\DatabaseHandler' driver.
INFO - 2024-11-09 12:39:54 --> Session: Class initialized using 'CodeIgniter\Session\Handlers\DatabaseHandler' driver.
INFO - 2024-11-09 12:43:07 --> Session: Class initialized using 'CodeIgniter\Session\Handlers\DatabaseHandler' driver.
INFO - 2024-11-09 12:48:06 --> Session: Class initialized using 'CodeIgniter\Session\Handlers\DatabaseHandler' driver.
INFO - 2024-11-09 12:53:08 --> Session: Class initialized using 'CodeIgniter\Session\Handlers\DatabaseHandler' driver.
INFO - 2024-11-09 12:57:32 --> Session: Class initialized using 'CodeIgniter\Session\Handlers\DatabaseHandler' driver.
INFO - 2024-11-09 13:02:18 --> Session: Class initialized using 'CodeIgniter\Session\Handlers\DatabaseHandler' driver.
INFO - 2024-11-09 13:03:36 --> Session: Class initialized using 'CodeIgniter\Session\Handlers\DatabaseHandler' driver.
INFO - 2024-11-09 13:19:59 --> Session: Class initialized using 'CodeIgniter\Session\Handlers\DatabaseHandler' driver.
INFO - 2024-11-09 13:51:18 --> Session: Class initialized using 'CodeIgniter\Session\Handlers\DatabaseHandler' driver.
INFO - 2024-11-09 14:05:31 --> Session: Class initialized using 'CodeIgniter\Session\Handlers\DatabaseHandler' driver.
INFO - 2024-11-09 14:08:10 --> Session: Class initialized using 'CodeIgniter\Session\Handlers\DatabaseHandler' driver.
INFO - 2024-11-09 14:08:22 --> Session: Class initialized using 'CodeIgniter\Session\Handlers\DatabaseHandler' driver.
INFO - 2024-11-09 14:08:47 --> Session: Class initialized using 'CodeIgniter\Session\Handlers\DatabaseHandler' driver.
INFO - 2024-11-09 14:09:11 --> Session: Class initialized using 'CodeIgniter\Session\Handlers\DatabaseHandler' driver.
INFO - 2024-11-09 14:09:34 --> Session: Class initialized using 'CodeIgniter\Session\Handlers\DatabaseHandler' driver.
INFO - 2024-11-09 14:09:53 --> Session: Class initialized using 'CodeIgniter\Session\Handlers\DatabaseHandler' driver.
INFO - 2024-11-09 14:10:20 --> Session: Class initialized using 'CodeIgniter\Session\Handlers\DatabaseHandler' driver.
INFO - 2024-11-09 14:10:32 --> Session: Class initialized using 'CodeIgniter\Session\Handlers\DatabaseHandler' driver.
INFO - 2024-11-09 14:11:23 --> Session: Class initialized using 'CodeIgniter\Session\Handlers\DatabaseHandler' driver.
INFO - 2024-11-09 14:12:15 --> Session: Class initialized using 'CodeIgniter\Session\Handlers\DatabaseHandler' driver.
INFO - 2024-11-09 14:13:04 --> Session: Class initialized using 'CodeIgniter\Session\Handlers\DatabaseHandler' driver.
INFO - 2024-11-09 14:13:42 --> Session: Class initialized using 'CodeIgniter\Session\Handlers\DatabaseHandler' driver.
INFO - 2024-11-09 14:14:29 --> Session: Class initialized using 'CodeIgniter\Session\Handlers\DatabaseHandler' driver.
INFO - 2024-11-09 14:15:05 --> Session: Class initialized using 'CodeIgniter\Session\Handlers\DatabaseHandler' driver.
INFO - 2024-11-09 14:15:55 --> Session: Class initialized using 'CodeIgniter\Session\Handlers\DatabaseHandler' driver.
INFO - 2024-11-09 14:16:44 --> Session: Class initialized using 'CodeIgniter\Session\Handlers\DatabaseHandler' driver.
INFO - 2024-11-09 14:17:21 --> Session: Class initialized using 'CodeIgniter\Session\Handlers\DatabaseHandler' driver.
INFO - 2024-11-09 14:17:49 --> Session: Class initialized using 'CodeIgniter\Session\Handlers\DatabaseHandler' driver.
INFO - 2024-11-09 14:18:02 --> Session: Class initialized using 'CodeIgniter\Session\Handlers\DatabaseHandler' driver.
INFO - 2024-11-09 14:18:36 --> Session: Class initialized using 'CodeIgniter\Session\Handlers\DatabaseHandler' driver.
INFO - 2024-11-09 14:23:57 --> Session: Class initialized using 'CodeIgniter\Session\Handlers\DatabaseHandler' driver.
INFO - 2024-11-09 14:24:05 --> Session: Class initialized using 'CodeIgniter\Session\Handlers\DatabaseHandler' driver.
INFO - 2024-11-09 14:24:15 --> Session: Class initialized using 'CodeIgniter\Session\Handlers\DatabaseHandler' driver.
INFO - 2024-11-09 14:24:25 --> Session: Class initialized using 'CodeIgniter\Session\Handlers\DatabaseHandler' driver.
INFO - 2024-11-09 14:24:40 --> Session: Class initialized using 'CodeIgniter\Session\Handlers\DatabaseHandler' driver.
INFO - 2024-11-09 14:24:56 --> Session: Class initialized using 'CodeIgniter\Session\Handlers\DatabaseHandler' driver.
INFO - 2024-11-09 14:25:03 --> Session: Class initialized using 'CodeIgniter\Session\Handlers\DatabaseHandler' driver.
INFO - 2024-11-09 14:25:15 --> Session: Class initialized using 'CodeIgniter\Session\Handlers\DatabaseHandler' driver.
INFO - 2024-11-09 14:25:31 --> Session: Class initialized using 'CodeIgniter\Session\Handlers\DatabaseHandler' driver.
INFO - 2024-11-09 14:25:46 --> Session: Class initialized using 'CodeIgniter\Session\Handlers\DatabaseHandler' driver.
INFO - 2024-11-09 14:25:47 --> Session: Class initialized using 'CodeIgniter\Session\Handlers\DatabaseHandler' driver.
INFO - 2024-11-09 14:26:11 --> Session: Class initialized using 'CodeIgniter\Session\Handlers\DatabaseHandler' driver.
INFO - 2024-11-09 14:26:32 --> Session: Class initialized using 'CodeIgniter\Session\Handlers\DatabaseHandler' driver.
INFO - 2024-11-09 14:26:56 --> Session: Class initialized using 'CodeIgniter\Session\Handlers\DatabaseHandler' driver.
INFO - 2024-11-09 14:27:22 --> Session: Class initialized using 'CodeIgniter\Session\Handlers\DatabaseHandler' driver.
INFO - 2024-11-09 14:27:49 --> Session: Class initialized using 'CodeIgniter\Session\Handlers\DatabaseHandler' driver.
INFO - 2024-11-09 14:28:11 --> Session: Class initialized using 'CodeIgniter\Session\Handlers\DatabaseHandler' driver.
INFO - 2024-11-09 14:28:34 --> Session: Class initialized using 'CodeIgniter\Session\Handlers\DatabaseHandler' driver.
INFO - 2024-11-09 14:28:53 --> Session: Class initialized using 'CodeIgniter\Session\Handlers\DatabaseHandler' driver.
INFO - 2024-11-09 14:29:15 --> Session: Class initialized using 'CodeIgniter\Session\Handlers\DatabaseHandler' driver.
INFO - 2024-11-09 14:29:31 --> Session: Class initialized using 'CodeIgniter\Session\Handlers\DatabaseHandler' driver.
INFO - 2024-11-09 14:29:51 --> Session: Class initialized using 'CodeIgniter\Session\Handlers\DatabaseHandler' driver.
INFO - 2024-11-09 14:33:23 --> Session: Class initialized using 'CodeIgniter\Session\Handlers\DatabaseHandler' driver.
INFO - 2024-11-09 14:34:16 --> Session: Class initialized using 'CodeIgniter\Session\Handlers\DatabaseHandler' driver.
INFO - 2024-11-09 14:34:25 --> Session: Class initialized using 'CodeIgniter\Session\Handlers\DatabaseHandler' driver.
INFO - 2024-11-09 14:34:33 --> Session: Class initialized using 'CodeIgniter\Session\Handlers\DatabaseHandler' driver.
INFO - 2024-11-09 14:34:39 --> Session: Class initialized using 'CodeIgniter\Session\Handlers\DatabaseHandler' driver.
INFO - 2024-11-09 14:34:53 --> Session: Class initialized using 'CodeIgniter\Session\Handlers\DatabaseHandler' driver.
INFO - 2024-11-09 14:35:04 --> Session: Class initialized using 'CodeIgniter\Session\Handlers\DatabaseHandler' driver.
INFO - 2024-11-09 14:35:17 --> Session: Class initialized using 'CodeIgniter\Session\Handlers\DatabaseHandler' driver.
INFO - 2024-11-09 14:35:28 --> Session: Class initialized using 'CodeIgniter\Session\Handlers\DatabaseHandler' driver.
INFO - 2024-11-09 14:35:41 --> Session: Class initialized using 'CodeIgniter\Session\Handlers\DatabaseHandler' driver.
INFO - 2024-11-09 14:35:52 --> Session: Class initialized using 'CodeIgniter\Session\Handlers\DatabaseHandler' driver.
INFO - 2024-11-09 14:36:10 --> Session: Class initialized using 'CodeIgniter\Session\Handlers\DatabaseHandler' driver.
INFO - 2024-11-09 14:36:18 --> Session: Class initialized using 'CodeIgniter\Session\Handlers\DatabaseHandler' driver.
INFO - 2024-11-09 14:36:35 --> Session: Class initialized using 'CodeIgniter\Session\Handlers\DatabaseHandler' driver.
INFO - 2024-11-09 14:36:53 --> Session: Class initialized using 'CodeIgniter\Session\Handlers\DatabaseHandler' driver.
INFO - 2024-11-09 14:37:11 --> Session: Class initialized using 'CodeIgniter\Session\Handlers\DatabaseHandler' driver.
INFO - 2024-11-09 14:37:26 --> Session: Class initialized using 'CodeIgniter\Session\Handlers\DatabaseHandler' driver.
INFO - 2024-11-09 14:37:38 --> Session: Class initialized using 'CodeIgniter\Session\Handlers\DatabaseHandler' driver.
INFO - 2024-11-09 14:37:55 --> Session: Class initialized using 'CodeIgniter\Session\Handlers\DatabaseHandler' driver.
INFO - 2024-11-09 14:38:04 --> Session: Class initialized using 'CodeIgniter\Session\Handlers\DatabaseHandler' driver.
INFO - 2024-11-09 14:38:20 --> Session: Class initialized using 'CodeIgniter\Session\Handlers\DatabaseHandler' driver.
INFO - 2024-11-09 14:38:39 --> Session: Class initialized using 'CodeIgniter\Session\Handlers\DatabaseHandler' driver.
INFO - 2024-11-09 14:38:59 --> Session: Class initialized using 'CodeIgniter\Session\Handlers\DatabaseHandler' driver.
INFO - 2024-11-09 14:39:12 --> Session: Class initialized using 'CodeIgniter\Session\Handlers\DatabaseHandler' driver.
INFO - 2024-11-09 14:39:26 --> Session: Class initialized using 'CodeIgniter\Session\Handlers\DatabaseHandler' driver.
INFO - 2024-11-09 14:39:40 --> Session: Class initialized using 'CodeIgniter\Session\Handlers\DatabaseHandler' driver.
INFO - 2024-11-09 14:39:53 --> Session: Class initialized using 'CodeIgniter\Session\Handlers\DatabaseHandler' driver.
INFO - 2024-11-09 14:40:00 --> Session: Class initialized using 'CodeIgniter\Session\Handlers\DatabaseHandler' driver.
INFO - 2024-11-09 14:40:11 --> Session: Class initialized using 'CodeIgniter\Session\Handlers\DatabaseHandler' driver.
INFO - 2024-11-09 14:40:23 --> Session: Class initialized using 'CodeIgniter\Session\Handlers\DatabaseHandler' driver.
INFO - 2024-11-09 14:40:31 --> Session: Class initialized using 'CodeIgniter\Session\Handlers\DatabaseHandler' driver.
INFO - 2024-11-09 14:40:44 --> Session: Class initialized using 'CodeIgniter\Session\Handlers\DatabaseHandler' driver.
INFO - 2024-11-09 14:40:59 --> Session: Class initialized using 'CodeIgniter\Session\Handlers\DatabaseHandler' driver.
INFO - 2024-11-09 14:41:11 --> Session: Class initialized using 'CodeIgniter\Session\Handlers\DatabaseHandler' driver.
INFO - 2024-11-09 14:41:24 --> Session: Class initialized using 'CodeIgniter\Session\Handlers\DatabaseHandler' driver.
INFO - 2024-11-09 14:44:24 --> Session: Class initialized using 'CodeIgniter\Session\Handlers\DatabaseHandler' driver.
INFO - 2024-11-09 14:52:09 --> Session: Class initialized using 'CodeIgniter\Session\Handlers\DatabaseHandler' driver.
INFO - 2024-11-09 14:58:00 --> Session: Class initialized using 'CodeIgniter\Session\Handlers\DatabaseHandler' driver.
INFO - 2024-11-09 14:58:22 --> Session: Class initialized using 'CodeIgniter\Session\Handlers\DatabaseHandler' driver.
INFO - 2024-11-09 14:59:11 --> Session: Class initialized using 'CodeIgniter\Session\Handlers\DatabaseHandler' driver.
INFO - 2024-11-09 14:59:53 --> Session: Class initialized using 'CodeIgniter\Session\Handlers\DatabaseHandler' driver.
INFO - 2024-11-09 15:00:34 --> Session: Class initialized using 'CodeIgniter\Session\Handlers\DatabaseHandler' driver.
INFO - 2024-11-09 15:01:23 --> Session: Class initialized using 'CodeIgniter\Session\Handlers\DatabaseHandler' driver.
INFO - 2024-11-09 15:02:13 --> Session: Class initialized using 'CodeIgniter\Session\Handlers\DatabaseHandler' driver.
INFO - 2024-11-09 15:02:56 --> Session: Class initialized using 'CodeIgniter\Session\Handlers\DatabaseHandler' driver.
INFO - 2024-11-09 15:03:10 --> Session: Class initialized using 'CodeIgniter\Session\Handlers\DatabaseHandler' driver.
INFO - 2024-11-09 15:03:42 --> Session: Class initialized using 'CodeIgniter\Session\Handlers\DatabaseHandler' driver.
INFO - 2024-11-09 15:04:32 --> Session: Class initialized using 'CodeIgniter\Session\Handlers\DatabaseHandler' driver.
INFO - 2024-11-09 15:05:20 --> Session: Class initialized using 'CodeIgniter\Session\Handlers\DatabaseHandler' driver.
INFO - 2024-11-09 15:06:12 --> Session: Class initialized using 'CodeIgniter\Session\Handlers\DatabaseHandler' driver.
INFO - 2024-11-09 15:06:41 --> Session: Class initialized using 'CodeIgniter\Session\Handlers\DatabaseHandler' driver.
CRITICAL - 2024-11-09 15:06:41 --> ErrorException: Undefined variable $mainCategories
[Method: GET, Route: products]
in APPPATH/Views/product/products.php on line 123.
 1 APPPATH/Views/product/products.php(123): CodeIgniter\Debug\Exceptions->errorHandler(2, 'Undefined variable $mainCategories', '/home/carttalog/public_html/app/Views/product/products.php', 123)
 2 SYSTEMPATH/View/View.php(234): include('/home/carttalog/public_html/app/Views/product/products.php')
 3 SYSTEMPATH/View/View.php(237): CodeIgniter\View\View->CodeIgniter\View\{closure}()
 4 SYSTEMPATH/Common.php(1195): CodeIgniter\View\View->render('product/products', [], true)
 5 APPPATH/Controllers/HomeController.php(136): view('product/products', [...])
 6 SYSTEMPATH/CodeIgniter.php(933): App\Controllers\HomeController->products()
 7 SYSTEMPATH/CodeIgniter.php(509): CodeIgniter\CodeIgniter->runController(Object(App\Controllers\HomeController))
 8 SYSTEMPATH/CodeIgniter.php(355): CodeIgniter\CodeIgniter->handleRequest(null, Object(Config\Cache), false)
 9 SYSTEMPATH/Boot.php(325): CodeIgniter\CodeIgniter->run()
10 SYSTEMPATH/Boot.php(67): CodeIgniter\Boot::runCodeIgniter(Object(CodeIgniter\CodeIgniter))
11 FCPATH/index.php(56): CodeIgniter\Boot::bootWeb(Object(Config\Paths))
INFO - 2024-11-09 15:07:02 --> Session: Class initialized using 'CodeIgniter\Session\Handlers\DatabaseHandler' driver.
INFO - 2024-11-09 15:07:43 --> Session: Class initialized using 'CodeIgniter\Session\Handlers\DatabaseHandler' driver.
INFO - 2024-11-09 15:08:27 --> Session: Class initialized using 'CodeIgniter\Session\Handlers\DatabaseHandler' driver.
INFO - 2024-11-09 15:09:17 --> Session: Class initialized using 'CodeIgniter\Session\Handlers\DatabaseHandler' driver.
INFO - 2024-11-09 15:09:56 --> Session: Class initialized using 'CodeIgniter\Session\Handlers\DatabaseHandler' driver.
INFO - 2024-11-09 15:10:29 --> Session: Class initialized using 'CodeIgniter\Session\Handlers\DatabaseHandler' driver.
INFO - 2024-11-09 15:11:04 --> Session: Class initialized using 'CodeIgniter\Session\Handlers\DatabaseHandler' driver.
INFO - 2024-11-09 15:11:35 --> Session: Class initialized using 'CodeIgniter\Session\Handlers\DatabaseHandler' driver.
INFO - 2024-11-09 15:12:05 --> Session: Class initialized using 'CodeIgniter\Session\Handlers\DatabaseHandler' driver.
INFO - 2024-11-09 15:12:35 --> Session: Class initialized using 'CodeIgniter\Session\Handlers\DatabaseHandler' driver.
INFO - 2024-11-09 15:13:08 --> Session: Class initialized using 'CodeIgniter\Session\Handlers\DatabaseHandler' driver.
INFO - 2024-11-09 15:13:43 --> Session: Class initialized using 'CodeIgniter\Session\Handlers\DatabaseHandler' driver.
INFO - 2024-11-09 15:14:17 --> Session: Class initialized using 'CodeIgniter\Session\Handlers\DatabaseHandler' driver.
INFO - 2024-11-09 15:15:00 --> Session: Class initialized using 'CodeIgniter\Session\Handlers\DatabaseHandler' driver.
INFO - 2024-11-09 15:15:24 --> Session: Class initialized using 'CodeIgniter\Session\Handlers\DatabaseHandler' driver.
INFO - 2024-11-09 15:15:33 --> Session: Class initialized using 'CodeIgniter\Session\Handlers\DatabaseHandler' driver.
INFO - 2024-11-09 15:16:09 --> Session: Class initialized using 'CodeIgniter\Session\Handlers\DatabaseHandler' driver.
INFO - 2024-11-09 15:31:35 --> Session: Class initialized using 'CodeIgniter\Session\Handlers\DatabaseHandler' driver.
INFO - 2024-11-09 15:31:37 --> Session: Class initialized using 'CodeIgniter\Session\Handlers\DatabaseHandler' driver.
INFO - 2024-11-09 15:31:39 --> Session: Class initialized using 'CodeIgniter\Session\Handlers\DatabaseHandler' driver.
INFO - 2024-11-09 15:46:07 --> Session: Class initialized using 'CodeIgniter\Session\Handlers\DatabaseHandler' driver.
INFO - 2024-11-09 15:46:38 --> Session: Class initialized using 'CodeIgniter\Session\Handlers\DatabaseHandler' driver.
INFO - 2024-11-09 15:47:13 --> Session: Class initialized using 'CodeIgniter\Session\Handlers\DatabaseHandler' driver.
INFO - 2024-11-09 15:47:56 --> Session: Class initialized using 'CodeIgniter\Session\Handlers\DatabaseHandler' driver.
INFO - 2024-11-09 15:48:47 --> Session: Class initialized using 'CodeIgniter\Session\Handlers\DatabaseHandler' driver.
INFO - 2024-11-09 15:49:37 --> Session: Class initialized using 'CodeIgniter\Session\Handlers\DatabaseHandler' driver.
INFO - 2024-11-09 15:50:21 --> Session: Class initialized using 'CodeIgniter\Session\Handlers\DatabaseHandler' driver.
INFO - 2024-11-09 15:51:12 --> Session: Class initialized using 'CodeIgniter\Session\Handlers\DatabaseHandler' driver.
INFO - 2024-11-09 15:51:50 --> Session: Class initialized using 'CodeIgniter\Session\Handlers\DatabaseHandler' driver.
INFO - 2024-11-09 15:52:34 --> Session: Class initialized using 'CodeIgniter\Session\Handlers\DatabaseHandler' driver.
INFO - 2024-11-09 15:53:24 --> Session: Class initialized using 'CodeIgniter\Session\Handlers\DatabaseHandler' driver.
INFO - 2024-11-09 15:54:03 --> Session: Class initialized using 'CodeIgniter\Session\Handlers\DatabaseHandler' driver.
INFO - 2024-11-09 15:54:47 --> Session: Class initialized using 'CodeIgniter\Session\Handlers\DatabaseHandler' driver.
INFO - 2024-11-09 15:55:24 --> Session: Class initialized using 'CodeIgniter\Session\Handlers\DatabaseHandler' driver.
INFO - 2024-11-09 15:55:42 --> Session: Class initialized using 'CodeIgniter\Session\Handlers\DatabaseHandler' driver.
INFO - 2024-11-09 15:55:49 --> Session: Class initialized using 'CodeIgniter\Session\Handlers\DatabaseHandler' driver.
INFO - 2024-11-09 15:56:06 --> Session: Class initialized using 'CodeIgniter\Session\Handlers\DatabaseHandler' driver.
INFO - 2024-11-09 15:56:51 --> Session: Class initialized using 'CodeIgniter\Session\Handlers\DatabaseHandler' driver.
INFO - 2024-11-09 15:56:54 --> Session: Class initialized using 'CodeIgniter\Session\Handlers\DatabaseHandler' driver.
INFO - 2024-11-09 15:56:58 --> Session: Class initialized using 'CodeIgniter\Session\Handlers\DatabaseHandler' driver.
INFO - 2024-11-09 15:57:01 --> Session: Class initialized using 'CodeIgniter\Session\Handlers\DatabaseHandler' driver.
INFO - 2024-11-09 15:57:04 --> Session: Class initialized using 'CodeIgniter\Session\Handlers\DatabaseHandler' driver.
INFO - 2024-11-09 15:57:07 --> Session: Class initialized using 'CodeIgniter\Session\Handlers\DatabaseHandler' driver.
INFO - 2024-11-09 15:57:10 --> Session: Class initialized using 'CodeIgniter\Session\Handlers\DatabaseHandler' driver.
INFO - 2024-11-09 15:57:15 --> Session: Class initialized using 'CodeIgniter\Session\Handlers\DatabaseHandler' driver.
INFO - 2024-11-09 15:57:18 --> Session: Class initialized using 'CodeIgniter\Session\Handlers\DatabaseHandler' driver.
INFO - 2024-11-09 15:57:23 --> Session: Class initialized using 'CodeIgniter\Session\Handlers\DatabaseHandler' driver.
INFO - 2024-11-09 15:57:28 --> Session: Class initialized using 'CodeIgniter\Session\Handlers\DatabaseHandler' driver.
INFO - 2024-11-09 15:57:33 --> Session: Class initialized using 'CodeIgniter\Session\Handlers\DatabaseHandler' driver.
INFO - 2024-11-09 15:57:37 --> Session: Class initialized using 'CodeIgniter\Session\Handlers\DatabaseHandler' driver.
INFO - 2024-11-09 15:57:42 --> Session: Class initialized using 'CodeIgniter\Session\Handlers\DatabaseHandler' driver.
INFO - 2024-11-09 15:57:46 --> Session: Class initialized using 'CodeIgniter\Session\Handlers\DatabaseHandler' driver.
INFO - 2024-11-09 15:57:50 --> Session: Class initialized using 'CodeIgniter\Session\Handlers\DatabaseHandler' driver.
INFO - 2024-11-09 15:57:55 --> Session: Class initialized using 'CodeIgniter\Session\Handlers\DatabaseHandler' driver.
INFO - 2024-11-09 15:58:00 --> Session: Class initialized using 'CodeIgniter\Session\Handlers\DatabaseHandler' driver.
INFO - 2024-11-09 15:58:04 --> Session: Class initialized using 'CodeIgniter\Session\Handlers\DatabaseHandler' driver.
INFO - 2024-11-09 16:01:48 --> Session: Class initialized using 'CodeIgniter\Session\Handlers\DatabaseHandler' driver.
INFO - 2024-11-09 16:01:51 --> Session: Class initialized using 'CodeIgniter\Session\Handlers\DatabaseHandler' driver.
INFO - 2024-11-09 16:01:53 --> Session: Class initialized using 'CodeIgniter\Session\Handlers\DatabaseHandler' driver.
INFO - 2024-11-09 16:01:56 --> Session: Class initialized using 'CodeIgniter\Session\Handlers\DatabaseHandler' driver.
INFO - 2024-11-09 16:01:59 --> Session: Class initialized using 'CodeIgniter\Session\Handlers\DatabaseHandler' driver.
INFO - 2024-11-09 16:02:01 --> Session: Class initialized using 'CodeIgniter\Session\Handlers\DatabaseHandler' driver.
INFO - 2024-11-09 16:02:04 --> Session: Class initialized using 'CodeIgniter\Session\Handlers\DatabaseHandler' driver.
INFO - 2024-11-09 16:02:07 --> Session: Class initialized using 'CodeIgniter\Session\Handlers\DatabaseHandler' driver.
INFO - 2024-11-09 16:02:10 --> Session: Class initialized using 'CodeIgniter\Session\Handlers\DatabaseHandler' driver.
INFO - 2024-11-09 16:02:13 --> Session: Class initialized using 'CodeIgniter\Session\Handlers\DatabaseHandler' driver.
INFO - 2024-11-09 16:02:16 --> Session: Class initialized using 'CodeIgniter\Session\Handlers\DatabaseHandler' driver.
INFO - 2024-11-09 16:02:19 --> Session: Class initialized using 'CodeIgniter\Session\Handlers\DatabaseHandler' driver.
INFO - 2024-11-09 16:02:23 --> Session: Class initialized using 'CodeIgniter\Session\Handlers\DatabaseHandler' driver.
INFO - 2024-11-09 16:02:26 --> Session: Class initialized using 'CodeIgniter\Session\Handlers\DatabaseHandler' driver.
INFO - 2024-11-09 16:02:32 --> Session: Class initialized using 'CodeIgniter\Session\Handlers\DatabaseHandler' driver.
INFO - 2024-11-09 16:02:35 --> Session: Class initialized using 'CodeIgniter\Session\Handlers\DatabaseHandler' driver.
INFO - 2024-11-09 16:02:39 --> Session: Class initialized using 'CodeIgniter\Session\Handlers\DatabaseHandler' driver.
INFO - 2024-11-09 16:02:43 --> Session: Class initialized using 'CodeIgniter\Session\Handlers\DatabaseHandler' driver.
INFO - 2024-11-09 16:02:47 --> Session: Class initialized using 'CodeIgniter\Session\Handlers\DatabaseHandler' driver.
INFO - 2024-11-09 16:02:51 --> Session: Class initialized using 'CodeIgniter\Session\Handlers\DatabaseHandler' driver.
INFO - 2024-11-09 16:02:56 --> Session: Class initialized using 'CodeIgniter\Session\Handlers\DatabaseHandler' driver.
INFO - 2024-11-09 16:03:01 --> Session: Class initialized using 'CodeIgniter\Session\Handlers\DatabaseHandler' driver.
INFO - 2024-11-09 16:03:06 --> Session: Class initialized using 'CodeIgniter\Session\Handlers\DatabaseHandler' driver.
INFO - 2024-11-09 16:03:11 --> Session: Class initialized using 'CodeIgniter\Session\Handlers\DatabaseHandler' driver.
INFO - 2024-11-09 16:03:15 --> Session: Class initialized using 'CodeIgniter\Session\Handlers\DatabaseHandler' driver.
INFO - 2024-11-09 16:03:20 --> Session: Class initialized using 'CodeIgniter\Session\Handlers\DatabaseHandler' driver.
INFO - 2024-11-09 16:06:24 --> Session: Class initialized using 'CodeIgniter\Session\Handlers\DatabaseHandler' driver.
INFO - 2024-11-09 16:06:26 --> Session: Class initialized using 'CodeIgniter\Session\Handlers\DatabaseHandler' driver.
INFO - 2024-11-09 16:06:29 --> Session: Class initialized using 'CodeIgniter\Session\Handlers\DatabaseHandler' driver.
INFO - 2024-11-09 16:06:31 --> Session: Class initialized using 'CodeIgniter\Session\Handlers\DatabaseHandler' driver.
INFO - 2024-11-09 16:06:34 --> Session: Class initialized using 'CodeIgniter\Session\Handlers\DatabaseHandler' driver.
INFO - 2024-11-09 16:06:37 --> Session: Class initialized using 'CodeIgniter\Session\Handlers\DatabaseHandler' driver.
INFO - 2024-11-09 16:06:40 --> Session: Class initialized using 'CodeIgniter\Session\Handlers\DatabaseHandler' driver.
INFO - 2024-11-09 16:06:43 --> Session: Class initialized using 'CodeIgniter\Session\Handlers\DatabaseHandler' driver.
INFO - 2024-11-09 16:06:46 --> Session: Class initialized using 'CodeIgniter\Session\Handlers\DatabaseHandler' driver.
INFO - 2024-11-09 16:06:49 --> Session: Class initialized using 'CodeIgniter\Session\Handlers\DatabaseHandler' driver.
INFO - 2024-11-09 16:06:52 --> Session: Class initialized using 'CodeIgniter\Session\Handlers\DatabaseHandler' driver.
INFO - 2024-11-09 16:06:55 --> Session: Class initialized using 'CodeIgniter\Session\Handlers\DatabaseHandler' driver.
INFO - 2024-11-09 16:06:58 --> Session: Class initialized using 'CodeIgniter\Session\Handlers\DatabaseHandler' driver.
INFO - 2024-11-09 16:07:02 --> Session: Class initialized using 'CodeIgniter\Session\Handlers\DatabaseHandler' driver.
INFO - 2024-11-09 16:07:06 --> Session: Class initialized using 'CodeIgniter\Session\Handlers\DatabaseHandler' driver.
INFO - 2024-11-09 16:07:10 --> Session: Class initialized using 'CodeIgniter\Session\Handlers\DatabaseHandler' driver.
INFO - 2024-11-09 16:07:14 --> Session: Class initialized using 'CodeIgniter\Session\Handlers\DatabaseHandler' driver.
INFO - 2024-11-09 16:07:18 --> Session: Class initialized using 'CodeIgniter\Session\Handlers\DatabaseHandler' driver.
INFO - 2024-11-09 16:07:23 --> Session: Class initialized using 'CodeIgniter\Session\Handlers\DatabaseHandler' driver.
INFO - 2024-11-09 16:07:28 --> Session: Class initialized using 'CodeIgniter\Session\Handlers\DatabaseHandler' driver.
INFO - 2024-11-09 16:07:33 --> Session: Class initialized using 'CodeIgniter\Session\Handlers\DatabaseHandler' driver.
INFO - 2024-11-09 16:07:39 --> Session: Class initialized using 'CodeIgniter\Session\Handlers\DatabaseHandler' driver.
INFO - 2024-11-09 16:07:44 --> Session: Class initialized using 'CodeIgniter\Session\Handlers\DatabaseHandler' driver.
INFO - 2024-11-09 16:07:49 --> Session: Class initialized using 'CodeIgniter\Session\Handlers\DatabaseHandler' driver.
INFO - 2024-11-09 16:07:55 --> Session: Class initialized using 'CodeIgniter\Session\Handlers\DatabaseHandler' driver.
INFO - 2024-11-09 16:08:01 --> Session: Class initialized using 'CodeIgniter\Session\Handlers\DatabaseHandler' driver.
INFO - 2024-11-09 16:08:06 --> Session: Class initialized using 'CodeIgniter\Session\Handlers\DatabaseHandler' driver.
INFO - 2024-11-09 16:08:14 --> Session: Class initialized using 'CodeIgniter\Session\Handlers\DatabaseHandler' driver.
INFO - 2024-11-09 16:08:22 --> Session: Class initialized using 'CodeIgniter\Session\Handlers\DatabaseHandler' driver.
INFO - 2024-11-09 16:08:30 --> Session: Class initialized using 'CodeIgniter\Session\Handlers\DatabaseHandler' driver.
INFO - 2024-11-09 16:08:36 --> Session: Class initialized using 'CodeIgniter\Session\Handlers\DatabaseHandler' driver.
INFO - 2024-11-09 16:11:26 --> Session: Class initialized using 'CodeIgniter\Session\Handlers\DatabaseHandler' driver.
INFO - 2024-11-09 16:11:28 --> Session: Class initialized using 'CodeIgniter\Session\Handlers\DatabaseHandler' driver.
INFO - 2024-11-09 16:11:31 --> Session: Class initialized using 'CodeIgniter\Session\Handlers\DatabaseHandler' driver.
INFO - 2024-11-09 16:11:33 --> Session: Class initialized using 'CodeIgniter\Session\Handlers\DatabaseHandler' driver.
INFO - 2024-11-09 16:11:36 --> Session: Class initialized using 'CodeIgniter\Session\Handlers\DatabaseHandler' driver.
INFO - 2024-11-09 16:11:38 --> Session: Class initialized using 'CodeIgniter\Session\Handlers\DatabaseHandler' driver.
INFO - 2024-11-09 16:11:41 --> Session: Class initialized using 'CodeIgniter\Session\Handlers\DatabaseHandler' driver.
INFO - 2024-11-09 16:11:43 --> Session: Class initialized using 'CodeIgniter\Session\Handlers\DatabaseHandler' driver.
INFO - 2024-11-09 16:11:46 --> Session: Class initialized using 'CodeIgniter\Session\Handlers\DatabaseHandler' driver.
INFO - 2024-11-09 16:11:48 --> Session: Class initialized using 'CodeIgniter\Session\Handlers\DatabaseHandler' driver.
INFO - 2024-11-09 16:11:51 --> Session: Class initialized using 'CodeIgniter\Session\Handlers\DatabaseHandler' driver.
INFO - 2024-11-09 16:11:54 --> Session: Class initialized using 'CodeIgniter\Session\Handlers\DatabaseHandler' driver.
INFO - 2024-11-09 16:11:57 --> Session: Class initialized using 'CodeIgniter\Session\Handlers\DatabaseHandler' driver.
INFO - 2024-11-09 16:12:00 --> Session: Class initialized using 'CodeIgniter\Session\Handlers\DatabaseHandler' driver.
INFO - 2024-11-09 16:12:03 --> Session: Class initialized using 'CodeIgniter\Session\Handlers\DatabaseHandler' driver.
INFO - 2024-11-09 16:12:06 --> Session: Class initialized using 'CodeIgniter\Session\Handlers\DatabaseHandler' driver.
INFO - 2024-11-09 16:12:09 --> Session: Class initialized using 'CodeIgniter\Session\Handlers\DatabaseHandler' driver.
INFO - 2024-11-09 16:12:12 --> Session: Class initialized using 'CodeIgniter\Session\Handlers\DatabaseHandler' driver.
INFO - 2024-11-09 16:12:13 --> Session: Class initialized using 'CodeIgniter\Session\Handlers\DatabaseHandler' driver.
INFO - 2024-11-09 16:12:15 --> Session: Class initialized using 'CodeIgniter\Session\Handlers\DatabaseHandler' driver.
INFO - 2024-11-09 16:12:19 --> Session: Class initialized using 'CodeIgniter\Session\Handlers\DatabaseHandler' driver.
INFO - 2024-11-09 16:12:22 --> Session: Class initialized using 'CodeIgniter\Session\Handlers\DatabaseHandler' driver.
INFO - 2024-11-09 16:12:26 --> Session: Class initialized using 'CodeIgniter\Session\Handlers\DatabaseHandler' driver.
INFO - 2024-11-09 16:12:30 --> Session: Class initialized using 'CodeIgniter\Session\Handlers\DatabaseHandler' driver.
INFO - 2024-11-09 16:12:33 --> Session: Class initialized using 'CodeIgniter\Session\Handlers\DatabaseHandler' driver.
INFO - 2024-11-09 16:12:36 --> Session: Class initialized using 'CodeIgniter\Session\Handlers\DatabaseHandler' driver.
INFO - 2024-11-09 16:12:39 --> Session: Class initialized using 'CodeIgniter\Session\Handlers\DatabaseHandler' driver.
INFO - 2024-11-09 16:12:45 --> Session: Class initialized using 'CodeIgniter\Session\Handlers\DatabaseHandler' driver.
INFO - 2024-11-09 16:12:49 --> Session: Class initialized using 'CodeIgniter\Session\Handlers\DatabaseHandler' driver.
INFO - 2024-11-09 16:12:53 --> Session: Class initialized using 'CodeIgniter\Session\Handlers\DatabaseHandler' driver.
INFO - 2024-11-09 16:12:57 --> Session: Class initialized using 'CodeIgniter\Session\Handlers\DatabaseHandler' driver.
INFO - 2024-11-09 16:13:01 --> Session: Class initialized using 'CodeIgniter\Session\Handlers\DatabaseHandler' driver.
INFO - 2024-11-09 16:13:06 --> Session: Class initialized using 'CodeIgniter\Session\Handlers\DatabaseHandler' driver.
INFO - 2024-11-09 16:13:11 --> Session: Class initialized using 'CodeIgniter\Session\Handlers\DatabaseHandler' driver.
INFO - 2024-11-09 16:13:16 --> Session: Class initialized using 'CodeIgniter\Session\Handlers\DatabaseHandler' driver.
INFO - 2024-11-09 16:13:20 --> Session: Class initialized using 'CodeIgniter\Session\Handlers\DatabaseHandler' driver.
INFO - 2024-11-09 16:13:26 --> Session: Class initialized using 'CodeIgniter\Session\Handlers\DatabaseHandler' driver.
INFO - 2024-11-09 16:13:30 --> Session: Class initialized using 'CodeIgniter\Session\Handlers\DatabaseHandler' driver.
INFO - 2024-11-09 16:13:37 --> Session: Class initialized using 'CodeIgniter\Session\Handlers\DatabaseHandler' driver.
INFO - 2024-11-09 16:13:43 --> Session: Class initialized using 'CodeIgniter\Session\Handlers\DatabaseHandler' driver.
INFO - 2024-11-09 16:13:50 --> Session: Class initialized using 'CodeIgniter\Session\Handlers\DatabaseHandler' driver.
INFO - 2024-11-09 16:16:05 --> Session: Class initialized using 'CodeIgniter\Session\Handlers\DatabaseHandler' driver.
CRITICAL - 2024-11-09 16:16:05 --> CodeIgniter\HTTP\Exceptions\BadRequestException: The URI you submitted has disallowed characters: "موضه"
[Method: GET, Route: ar/blog/%D9%85%D9%88%D8%B6%D9%87]
in SYSTEMPATH/Router/Router.php on line 737.
 1 SYSTEMPATH/Router/Router.php(204): CodeIgniter\Router\Router->checkDisallowedChars('ar/blog/موضه')
 2 SYSTEMPATH/CodeIgniter.php(834): CodeIgniter\Router\Router->handle('ar/blog/موضه')
 3 SYSTEMPATH/CodeIgniter.php(457): CodeIgniter\CodeIgniter->tryToRouteIt(Object(CodeIgniter\Router\RouteCollection))
 4 SYSTEMPATH/CodeIgniter.php(355): CodeIgniter\CodeIgniter->handleRequest(null, Object(Config\Cache), false)
 5 SYSTEMPATH/Boot.php(325): CodeIgniter\CodeIgniter->run()
 6 SYSTEMPATH/Boot.php(67): CodeIgniter\Boot::runCodeIgniter(Object(CodeIgniter\CodeIgniter))
 7 FCPATH/index.php(56): CodeIgniter\Boot::bootWeb(Object(Config\Paths))
CRITICAL - 2024-11-09 16:16:05 --> ErrorException: Uncaught Error: Class "Locale" not found in /home/carttalog/public_html/system/Helpers/number_helper.php:140
Stack trace:
#0 /home/carttalog/public_html/system/Helpers/number_helper.php(58): format_number(12.0, 2, NULL, Array)
#1 /home/carttalog/public_html/system/Debug/BaseExceptionHandler.php(154): number_to_size(12.0, 2)
#2 /home/carttalog/public_html/app/Views/errors/html/error_exception.php(365): CodeIgniter\Debug\BaseExceptionHandler::describeMemory(12582912)
#3 /home/carttalog/public_html/system/Debug/BaseExceptionHandler.php(266): include('/home/carttalog...')
#4 /home/carttalog/public_html/system/Debug/BaseExceptionHandler.php(269): CodeIgniter\Debug\BaseExceptionHandler->CodeIgniter\Debug\{closure}()
#5 /home/carttalog/public_html/system/Debug/ExceptionHandler.php(114): CodeIgniter\Debug\BaseExceptionHandler->render(Object(CodeIgniter\HTTP\Exceptions\BadRequestException), 400, '/home/carttalog...')
#6 /home/carttalog/public_html/system/Debug/Exceptions.php(164): CodeIgniter\Debug\ExceptionHandler->handle(Object(CodeIgniter\HTTP\Exceptions\BadRequestException), Object(CodeIgniter\HTTP\IncomingRequest), Object(CodeIgniter\HTTP\Response), 400, 1)
#7 [internal function]: CodeIgniter\Debug\Exceptions->exceptionHandler(Object(CodeIgniter\HTTP\Exceptions\BadRequestException))
#8 {main}
  thrown
【Previous Exception】
CodeIgniter\HTTP\Exceptions\BadRequestException
The URI you submitted has disallowed characters: "موضه"
#0 /home/carttalog/public_html/system/Router/Router.php(204): CodeIgniter\Router\Router->checkDisallowedChars('ar/blog/\xD9\x85\xD9\x88\xD8\xB6\xD9...')
#1 /home/carttalog/public_html/system/CodeIgniter.php(834): CodeIgniter\Router\Router->handle('ar/blog/\xD9\x85\xD9\x88\xD8\xB6\xD9...')
#2 /home/carttalog/public_html/system/CodeIgniter.php(457): CodeIgniter\CodeIgniter->tryToRouteIt(Object(CodeIgniter\Router\RouteCollection))
#3 /home/carttalog/public_html/system/CodeIgniter.php(355): CodeIgniter\CodeIgniter->handleRequest(NULL, Object(Config\Cache), false)
#4 /home/carttalog/public_html/system/Boot.php(325): CodeIgniter\CodeIgniter->run()
#5 /home/carttalog/public_html/system/Boot.php(67): CodeIgniter\Boot::runCodeIgniter(Object(CodeIgniter\CodeIgniter))
#6 /home/carttalog/public_html/index.php(56): CodeIgniter\Boot::bootWeb(Object(Config\Paths))
#7 {main}
[Method: GET, Route: ar/blog/%D9%85%D9%88%D8%B6%D9%87]
in SYSTEMPATH/Helpers/number_helper.php on line 140.
 1 [internal function]: CodeIgniter\Debug\Exceptions->shutdownHandler()
INFO - 2024-11-09 16:18:36 --> Session: Class initialized using 'CodeIgniter\Session\Handlers\DatabaseHandler' driver.
INFO - 2024-11-09 16:18:38 --> Session: Class initialized using 'CodeIgniter\Session\Handlers\DatabaseHandler' driver.
INFO - 2024-11-09 16:18:42 --> Session: Class initialized using 'CodeIgniter\Session\Handlers\DatabaseHandler' driver.
INFO - 2024-11-09 16:18:44 --> Session: Class initialized using 'CodeIgniter\Session\Handlers\DatabaseHandler' driver.
INFO - 2024-11-09 16:18:47 --> Session: Class initialized using 'CodeIgniter\Session\Handlers\DatabaseHandler' driver.
INFO - 2024-11-09 16:18:50 --> Session: Class initialized using 'CodeIgniter\Session\Handlers\DatabaseHandler' driver.
INFO - 2024-11-09 16:18:53 --> Session: Class initialized using 'CodeIgniter\Session\Handlers\DatabaseHandler' driver.
INFO - 2024-11-09 16:18:56 --> Session: Class initialized using 'CodeIgniter\Session\Handlers\DatabaseHandler' driver.
INFO - 2024-11-09 16:18:59 --> Session: Class initialized using 'CodeIgniter\Session\Handlers\DatabaseHandler' driver.
INFO - 2024-11-09 16:19:02 --> Session: Class initialized using 'CodeIgniter\Session\Handlers\DatabaseHandler' driver.
INFO - 2024-11-09 16:19:08 --> Session: Class initialized using 'CodeIgniter\Session\Handlers\DatabaseHandler' driver.
INFO - 2024-11-09 16:19:17 --> Session: Class initialized using 'CodeIgniter\Session\Handlers\DatabaseHandler' driver.
INFO - 2024-11-09 16:19:31 --> Session: Class initialized using 'CodeIgniter\Session\Handlers\DatabaseHandler' driver.
INFO - 2024-11-09 16:19:49 --> Session: Class initialized using 'CodeIgniter\Session\Handlers\DatabaseHandler' driver.
INFO - 2024-11-09 16:20:04 --> Session: Class initialized using 'CodeIgniter\Session\Handlers\DatabaseHandler' driver.
INFO - 2024-11-09 16:20:13 --> Session: Class initialized using 'CodeIgniter\Session\Handlers\DatabaseHandler' driver.
INFO - 2024-11-09 16:21:16 --> Session: Class initialized using 'CodeIgniter\Session\Handlers\DatabaseHandler' driver.
INFO - 2024-11-09 16:25:42 --> Session: Class initialized using 'CodeIgniter\Session\Handlers\DatabaseHandler' driver.
CRITICAL - 2024-11-09 16:25:42 --> CodeIgniter\HTTP\Exceptions\BadRequestException: The URI you submitted has disallowed characters: "لايف-ستايل"
[Method: GET, Route: ar/blog/%D9%84%D8%A7%D9%8A%D9%81-%D8%B3%D8%AA%D8%A7%D9%8A%D9%84]
in SYSTEMPATH/Router/Router.php on line 737.
 1 SYSTEMPATH/Router/Router.php(204): CodeIgniter\Router\Router->checkDisallowedChars('ar/blog/لايف-ستايل')
 2 SYSTEMPATH/CodeIgniter.php(834): CodeIgniter\Router\Router->handle('ar/blog/لايف-ستايل')
 3 SYSTEMPATH/CodeIgniter.php(457): CodeIgniter\CodeIgniter->tryToRouteIt(Object(CodeIgniter\Router\RouteCollection))
 4 SYSTEMPATH/CodeIgniter.php(355): CodeIgniter\CodeIgniter->handleRequest(null, Object(Config\Cache), false)
 5 SYSTEMPATH/Boot.php(325): CodeIgniter\CodeIgniter->run()
 6 SYSTEMPATH/Boot.php(67): CodeIgniter\Boot::runCodeIgniter(Object(CodeIgniter\CodeIgniter))
 7 FCPATH/index.php(56): CodeIgniter\Boot::bootWeb(Object(Config\Paths))
CRITICAL - 2024-11-09 16:25:42 --> ErrorException: Uncaught Error: Class "Locale" not found in /home/carttalog/public_html/system/Helpers/number_helper.php:140
Stack trace:
#0 /home/carttalog/public_html/system/Helpers/number_helper.php(58): format_number(12.0, 2, NULL, Array)
#1 /home/carttalog/public_html/system/Debug/BaseExceptionHandler.php(154): number_to_size(12.0, 2)
#2 /home/carttalog/public_html/app/Views/errors/html/error_exception.php(365): CodeIgniter\Debug\BaseExceptionHandler::describeMemory(12582912)
#3 /home/carttalog/public_html/system/Debug/BaseExceptionHandler.php(266): include('/home/carttalog...')
#4 /home/carttalog/public_html/system/Debug/BaseExceptionHandler.php(269): CodeIgniter\Debug\BaseExceptionHandler->CodeIgniter\Debug\{closure}()
#5 /home/carttalog/public_html/system/Debug/ExceptionHandler.php(114): CodeIgniter\Debug\BaseExceptionHandler->render(Object(CodeIgniter\HTTP\Exceptions\BadRequestException), 400, '/home/carttalog...')
#6 /home/carttalog/public_html/system/Debug/Exceptions.php(164): CodeIgniter\Debug\ExceptionHandler->handle(Object(CodeIgniter\HTTP\Exceptions\BadRequestException), Object(CodeIgniter\HTTP\IncomingRequest), Object(CodeIgniter\HTTP\Response), 400, 1)
#7 [internal function]: CodeIgniter\Debug\Exceptions->exceptionHandler(Object(CodeIgniter\HTTP\Exceptions\BadRequestException))
#8 {main}
  thrown
【Previous Exception】
CodeIgniter\HTTP\Exceptions\BadRequestException
The URI you submitted has disallowed characters: "لايف-ستايل"
#0 /home/carttalog/public_html/system/Router/Router.php(204): CodeIgniter\Router\Router->checkDisallowedChars('ar/blog/\xD9\x84\xD8\xA7\xD9\x8A\xD9...')
#1 /home/carttalog/public_html/system/CodeIgniter.php(834): CodeIgniter\Router\Router->handle('ar/blog/\xD9\x84\xD8\xA7\xD9\x8A\xD9...')
#2 /home/carttalog/public_html/system/CodeIgniter.php(457): CodeIgniter\CodeIgniter->tryToRouteIt(Object(CodeIgniter\Router\RouteCollection))
#3 /home/carttalog/public_html/system/CodeIgniter.php(355): CodeIgniter\CodeIgniter->handleRequest(NULL, Object(Config\Cache), false)
#4 /home/carttalog/public_html/system/Boot.php(325): CodeIgniter\CodeIgniter->run()
#5 /home/carttalog/public_html/system/Boot.php(67): CodeIgniter\Boot::runCodeIgniter(Object(CodeIgniter\CodeIgniter))
#6 /home/carttalog/public_html/index.php(56): CodeIgniter\Boot::bootWeb(Object(Config\Paths))
#7 {main}
[Method: GET, Route: ar/blog/%D9%84%D8%A7%D9%8A%D9%81-%D8%B3%D8%AA%D8%A7%D9%8A%D9%84]
in SYSTEMPATH/Helpers/number_helper.php on line 140.
 1 [internal function]: CodeIgniter\Debug\Exceptions->shutdownHandler()
INFO - 2024-11-09 16:26:53 --> Session: Class initialized using 'CodeIgniter\Session\Handlers\DatabaseHandler' driver.
INFO - 2024-11-09 16:26:56 --> Session: Class initialized using 'CodeIgniter\Session\Handlers\DatabaseHandler' driver.
INFO - 2024-11-09 16:26:59 --> Session: Class initialized using 'CodeIgniter\Session\Handlers\DatabaseHandler' driver.
INFO - 2024-11-09 16:27:02 --> Session: Class initialized using 'CodeIgniter\Session\Handlers\DatabaseHandler' driver.
INFO - 2024-11-09 16:27:05 --> Session: Class initialized using 'CodeIgniter\Session\Handlers\DatabaseHandler' driver.
INFO - 2024-11-09 16:27:08 --> Session: Class initialized using 'CodeIgniter\Session\Handlers\DatabaseHandler' driver.
INFO - 2024-11-09 16:27:10 --> Session: Class initialized using 'CodeIgniter\Session\Handlers\DatabaseHandler' driver.
INFO - 2024-11-09 16:27:13 --> Session: Class initialized using 'CodeIgniter\Session\Handlers\DatabaseHandler' driver.
INFO - 2024-11-09 16:27:16 --> Session: Class initialized using 'CodeIgniter\Session\Handlers\DatabaseHandler' driver.
INFO - 2024-11-09 16:27:18 --> Session: Class initialized using 'CodeIgniter\Session\Handlers\DatabaseHandler' driver.
INFO - 2024-11-09 16:27:22 --> Session: Class initialized using 'CodeIgniter\Session\Handlers\DatabaseHandler' driver.
INFO - 2024-11-09 16:27:25 --> Session: Class initialized using 'CodeIgniter\Session\Handlers\DatabaseHandler' driver.
INFO - 2024-11-09 16:27:28 --> Session: Class initialized using 'CodeIgniter\Session\Handlers\DatabaseHandler' driver.
INFO - 2024-11-09 16:27:30 --> Session: Class initialized using 'CodeIgniter\Session\Handlers\DatabaseHandler' driver.
INFO - 2024-11-09 16:27:33 --> Session: Class initialized using 'CodeIgniter\Session\Handlers\DatabaseHandler' driver.
INFO - 2024-11-09 16:27:38 --> Session: Class initialized using 'CodeIgniter\Session\Handlers\DatabaseHandler' driver.
INFO - 2024-11-09 16:27:40 --> Session: Class initialized using 'CodeIgniter\Session\Handlers\DatabaseHandler' driver.
INFO - 2024-11-09 16:27:43 --> Session: Class initialized using 'CodeIgniter\Session\Handlers\DatabaseHandler' driver.
INFO - 2024-11-09 16:27:46 --> Session: Class initialized using 'CodeIgniter\Session\Handlers\DatabaseHandler' driver.
INFO - 2024-11-09 16:27:50 --> Session: Class initialized using 'CodeIgniter\Session\Handlers\DatabaseHandler' driver.
INFO - 2024-11-09 16:27:53 --> Session: Class initialized using 'CodeIgniter\Session\Handlers\DatabaseHandler' driver.
INFO - 2024-11-09 16:27:56 --> Session: Class initialized using 'CodeIgniter\Session\Handlers\DatabaseHandler' driver.
INFO - 2024-11-09 16:27:59 --> Session: Class initialized using 'CodeIgniter\Session\Handlers\DatabaseHandler' driver.
INFO - 2024-11-09 16:28:03 --> Session: Class initialized using 'CodeIgniter\Session\Handlers\DatabaseHandler' driver.
INFO - 2024-11-09 16:28:06 --> Session: Class initialized using 'CodeIgniter\Session\Handlers\DatabaseHandler' driver.
INFO - 2024-11-09 16:28:10 --> Session: Class initialized using 'CodeIgniter\Session\Handlers\DatabaseHandler' driver.
INFO - 2024-11-09 16:28:13 --> Session: Class initialized using 'CodeIgniter\Session\Handlers\DatabaseHandler' driver.
INFO - 2024-11-09 16:28:18 --> Session: Class initialized using 'CodeIgniter\Session\Handlers\DatabaseHandler' driver.
INFO - 2024-11-09 16:28:22 --> Session: Class initialized using 'CodeIgniter\Session\Handlers\DatabaseHandler' driver.
INFO - 2024-11-09 16:28:26 --> Session: Class initialized using 'CodeIgniter\Session\Handlers\DatabaseHandler' driver.
INFO - 2024-11-09 16:33:03 --> Session: Class initialized using 'CodeIgniter\Session\Handlers\DatabaseHandler' driver.
CRITICAL - 2024-11-09 16:33:03 --> CodeIgniter\HTTP\Exceptions\BadRequestException: The URI you submitted has disallowed characters: "موضه"
[Method: GET, Route: ar/blog/%D9%85%D9%88%D8%B6%D9%87/%D8%AC%D9%85%D9%8A%D8%B9-%D8%A7%D9%84%D9%85%D9%88%D9%84%D8%AF%D8%A7%D8%AA-%D8%B9%D9%84%D9%89-%D8%A7%D9%84%D8%A5%D9%86%D8%AA%D8%B1%D9%86%D8%AA]
in SYSTEMPATH/Router/Router.php on line 737.
 1 SYSTEMPATH/Router/Router.php(204): CodeIgniter\Router\Router->checkDisallowedChars('ar/blog/موضه/جميع-المولدات-على-الإنترنت')
 2 SYSTEMPATH/CodeIgniter.php(834): CodeIgniter\Router\Router->handle('ar/blog/موضه/جميع-المولدات-على-الإنترنت')
 3 SYSTEMPATH/CodeIgniter.php(457): CodeIgniter\CodeIgniter->tryToRouteIt(Object(CodeIgniter\Router\RouteCollection))
 4 SYSTEMPATH/CodeIgniter.php(355): CodeIgniter\CodeIgniter->handleRequest(null, Object(Config\Cache), false)
 5 SYSTEMPATH/Boot.php(325): CodeIgniter\CodeIgniter->run()
 6 SYSTEMPATH/Boot.php(67): CodeIgniter\Boot::runCodeIgniter(Object(CodeIgniter\CodeIgniter))
 7 FCPATH/index.php(56): CodeIgniter\Boot::bootWeb(Object(Config\Paths))
CRITICAL - 2024-11-09 16:33:03 --> ErrorException: Uncaught Error: Class "Locale" not found in /home/carttalog/public_html/system/Helpers/number_helper.php:140
Stack trace:
#0 /home/carttalog/public_html/system/Helpers/number_helper.php(58): format_number(12.0, 2, NULL, Array)
#1 /home/carttalog/public_html/system/Debug/BaseExceptionHandler.php(154): number_to_size(12.0, 2)
#2 /home/carttalog/public_html/app/Views/errors/html/error_exception.php(365): CodeIgniter\Debug\BaseExceptionHandler::describeMemory(12582912)
#3 /home/carttalog/public_html/system/Debug/BaseExceptionHandler.php(266): include('/home/carttalog...')
#4 /home/carttalog/public_html/system/Debug/BaseExceptionHandler.php(269): CodeIgniter\Debug\BaseExceptionHandler->CodeIgniter\Debug\{closure}()
#5 /home/carttalog/public_html/system/Debug/ExceptionHandler.php(114): CodeIgniter\Debug\BaseExceptionHandler->render(Object(CodeIgniter\HTTP\Exceptions\BadRequestException), 400, '/home/carttalog...')
#6 /home/carttalog/public_html/system/Debug/Exceptions.php(164): CodeIgniter\Debug\ExceptionHandler->handle(Object(CodeIgniter\HTTP\Exceptions\BadRequestException), Object(CodeIgniter\HTTP\IncomingRequest), Object(CodeIgniter\HTTP\Response), 400, 1)
#7 [internal function]: CodeIgniter\Debug\Exceptions->exceptionHandler(Object(CodeIgniter\HTTP\Exceptions\BadRequestException))
#8 {main}
  thrown
【Previous Exception】
CodeIgniter\HTTP\Exceptions\BadRequestException
The URI you submitted has disallowed characters: "موضه"
#0 /home/carttalog/public_html/system/Router/Router.php(204): CodeIgniter\Router\Router->checkDisallowedChars('ar/blog/\xD9\x85\xD9\x88\xD8\xB6\xD9...')
#1 /home/carttalog/public_html/system/CodeIgniter.php(834): CodeIgniter\Router\Router->handle('ar/blog/\xD9\x85\xD9\x88\xD8\xB6\xD9...')
#2 /home/carttalog/public_html/system/CodeIgniter.php(457): CodeIgniter\CodeIgniter->tryToRouteIt(Object(CodeIgniter\Router\RouteCollection))
#3 /home/carttalog/public_html/system/CodeIgniter.php(355): CodeIgniter\CodeIgniter->handleRequest(NULL, Object(Config\Cache), false)
#4 /home/carttalog/public_html/system/Boot.php(325): CodeIgniter\CodeIgniter->run()
#5 /home/carttalog/public_html/system/Boot.php(67): CodeIgniter\Boot::runCodeIgniter(Object(CodeIgniter\CodeIgniter))
#6 /home/carttalog/public_html/index.php(56): CodeIgniter\Boot::bootWeb(Object(Config\Paths))
#7 {main}
[Method: GET, Route: ar/blog/%D9%85%D9%88%D8%B6%D9%87/%D8%AC%D9%85%D9%8A%D8%B9-%D8%A7%D9%84%D9%85%D9%88%D9%84%D8%AF%D8%A7%D8%AA-%D8%B9%D9%84%D9%89-%D8%A7%D9%84%D8%A5%D9%86%D8%AA%D8%B1%D9%86%D8%AA]
in SYSTEMPATH/Helpers/number_helper.php on line 140.
 1 [internal function]: CodeIgniter\Debug\Exceptions->shutdownHandler()
INFO - 2024-11-09 16:37:28 --> Session: Class initialized using 'CodeIgniter\Session\Handlers\DatabaseHandler' driver.
INFO - 2024-11-09 16:38:06 --> Session: Class initialized using 'CodeIgniter\Session\Handlers\DatabaseHandler' driver.
INFO - 2024-11-09 16:38:46 --> Session: Class initialized using 'CodeIgniter\Session\Handlers\DatabaseHandler' driver.
INFO - 2024-11-09 16:39:26 --> Session: Class initialized using 'CodeIgniter\Session\Handlers\DatabaseHandler' driver.
INFO - 2024-11-09 16:40:05 --> Session: Class initialized using 'CodeIgniter\Session\Handlers\DatabaseHandler' driver.
INFO - 2024-11-09 16:40:50 --> Session: Class initialized using 'CodeIgniter\Session\Handlers\DatabaseHandler' driver.
INFO - 2024-11-09 16:41:30 --> Session: Class initialized using 'CodeIgniter\Session\Handlers\DatabaseHandler' driver.
INFO - 2024-11-09 16:42:13 --> Session: Class initialized using 'CodeIgniter\Session\Handlers\DatabaseHandler' driver.
INFO - 2024-11-09 16:42:55 --> Session: Class initialized using 'CodeIgniter\Session\Handlers\DatabaseHandler' driver.
INFO - 2024-11-09 16:43:36 --> Session: Class initialized using 'CodeIgniter\Session\Handlers\DatabaseHandler' driver.
INFO - 2024-11-09 16:44:22 --> Session: Class initialized using 'CodeIgniter\Session\Handlers\DatabaseHandler' driver.
INFO - 2024-11-09 16:45:08 --> Session: Class initialized using 'CodeIgniter\Session\Handlers\DatabaseHandler' driver.
INFO - 2024-11-09 16:45:49 --> Session: Class initialized using 'CodeIgniter\Session\Handlers\DatabaseHandler' driver.
INFO - 2024-11-09 16:46:57 --> Session: Class initialized using 'CodeIgniter\Session\Handlers\DatabaseHandler' driver.
INFO - 2024-11-09 16:52:45 --> Session: Class initialized using 'CodeIgniter\Session\Handlers\DatabaseHandler' driver.
INFO - 2024-11-09 16:52:49 --> Session: Class initialized using 'CodeIgniter\Session\Handlers\DatabaseHandler' driver.
INFO - 2024-11-09 16:52:54 --> Session: Class initialized using 'CodeIgniter\Session\Handlers\DatabaseHandler' driver.
INFO - 2024-11-09 16:53:01 --> Session: Class initialized using 'CodeIgniter\Session\Handlers\DatabaseHandler' driver.
INFO - 2024-11-09 16:53:06 --> Session: Class initialized using 'CodeIgniter\Session\Handlers\DatabaseHandler' driver.
INFO - 2024-11-09 16:53:16 --> Session: Class initialized using 'CodeIgniter\Session\Handlers\DatabaseHandler' driver.
INFO - 2024-11-09 16:53:23 --> Session: Class initialized using 'CodeIgniter\Session\Handlers\DatabaseHandler' driver.
INFO - 2024-11-09 16:53:30 --> Session: Class initialized using 'CodeIgniter\Session\Handlers\DatabaseHandler' driver.
INFO - 2024-11-09 16:53:39 --> Session: Class initialized using 'CodeIgniter\Session\Handlers\DatabaseHandler' driver.
INFO - 2024-11-09 16:53:52 --> Session: Class initialized using 'CodeIgniter\Session\Handlers\DatabaseHandler' driver.
INFO - 2024-11-09 16:54:07 --> Session: Class initialized using 'CodeIgniter\Session\Handlers\DatabaseHandler' driver.
INFO - 2024-11-09 16:54:11 --> Session: Class initialized using 'CodeIgniter\Session\Handlers\DatabaseHandler' driver.
INFO - 2024-11-09 16:54:30 --> Session: Class initialized using 'CodeIgniter\Session\Handlers\DatabaseHandler' driver.
INFO - 2024-11-09 16:55:01 --> Session: Class initialized using 'CodeIgniter\Session\Handlers\DatabaseHandler' driver.
INFO - 2024-11-09 16:55:15 --> Session: Class initialized using 'CodeIgniter\Session\Handlers\DatabaseHandler' driver.
INFO - 2024-11-09 16:55:32 --> Session: Class initialized using 'CodeIgniter\Session\Handlers\DatabaseHandler' driver.
INFO - 2024-11-09 16:55:47 --> Session: Class initialized using 'CodeIgniter\Session\Handlers\DatabaseHandler' driver.
INFO - 2024-11-09 16:56:01 --> Session: Class initialized using 'CodeIgniter\Session\Handlers\DatabaseHandler' driver.
INFO - 2024-11-09 16:56:12 --> Session: Class initialized using 'CodeIgniter\Session\Handlers\DatabaseHandler' driver.
INFO - 2024-11-09 16:56:13 --> Session: Class initialized using 'CodeIgniter\Session\Handlers\DatabaseHandler' driver.
INFO - 2024-11-09 16:56:28 --> Session: Class initialized using 'CodeIgniter\Session\Handlers\DatabaseHandler' driver.
INFO - 2024-11-09 16:56:37 --> Session: Class initialized using 'CodeIgniter\Session\Handlers\DatabaseHandler' driver.
INFO - 2024-11-09 16:56:48 --> Session: Class initialized using 'CodeIgniter\Session\Handlers\DatabaseHandler' driver.
CRITICAL - 2024-11-09 16:56:48 --> CodeIgniter\HTTP\Exceptions\BadRequestException: The URI you submitted has disallowed characters: "لايف-ستايل"
[Method: GET, Route: ar/blog/%D9%84%D8%A7%D9%8A%D9%81-%D8%B3%D8%AA%D8%A7%D9%8A%D9%84/%D9%87%D9%86%D8%A7%D9%83-%D8%A7%D9%84%D8%B9%D8%AF%D9%8A%D8%AF-%D9%85%D9%86-%D8%A7%D9%84%D8%A7%D8%AE%D8%AA%D9%84%D8%A7%D9%81%D8%A7%D8%AA-%D9%81%D9%8A-%D8%A7%D9%84%D9%81%D9%82%D8%B1%D8%A7%D8%AA]
in SYSTEMPATH/Router/Router.php on line 737.
 1 SYSTEMPATH/Router/Router.php(204): CodeIgniter\Router\Router->checkDisallowedChars('ar/blog/لايف-ستايل/هناك-العديد-من-الاختلافات-في-الفقرات')
 2 SYSTEMPATH/CodeIgniter.php(834): CodeIgniter\Router\Router->handle('ar/blog/لايف-ستايل/هناك-العديد-من-الاختلافات-في-الفقرات')
 3 SYSTEMPATH/CodeIgniter.php(457): CodeIgniter\CodeIgniter->tryToRouteIt(Object(CodeIgniter\Router\RouteCollection))
 4 SYSTEMPATH/CodeIgniter.php(355): CodeIgniter\CodeIgniter->handleRequest(null, Object(Config\Cache), false)
 5 SYSTEMPATH/Boot.php(325): CodeIgniter\CodeIgniter->run()
 6 SYSTEMPATH/Boot.php(67): CodeIgniter\Boot::runCodeIgniter(Object(CodeIgniter\CodeIgniter))
 7 FCPATH/index.php(56): CodeIgniter\Boot::bootWeb(Object(Config\Paths))
CRITICAL - 2024-11-09 16:56:48 --> ErrorException: Uncaught Error: Class "Locale" not found in /home/carttalog/public_html/system/Helpers/number_helper.php:140
Stack trace:
#0 /home/carttalog/public_html/system/Helpers/number_helper.php(58): format_number(12.0, 2, NULL, Array)
#1 /home/carttalog/public_html/system/Debug/BaseExceptionHandler.php(154): number_to_size(12.0, 2)
#2 /home/carttalog/public_html/app/Views/errors/html/error_exception.php(365): CodeIgniter\Debug\BaseExceptionHandler::describeMemory(12582912)
#3 /home/carttalog/public_html/system/Debug/BaseExceptionHandler.php(266): include('/home/carttalog...')
#4 /home/carttalog/public_html/system/Debug/BaseExceptionHandler.php(269): CodeIgniter\Debug\BaseExceptionHandler->CodeIgniter\Debug\{closure}()
#5 /home/carttalog/public_html/system/Debug/ExceptionHandler.php(114): CodeIgniter\Debug\BaseExceptionHandler->render(Object(CodeIgniter\HTTP\Exceptions\BadRequestException), 400, '/home/carttalog...')
#6 /home/carttalog/public_html/system/Debug/Exceptions.php(164): CodeIgniter\Debug\ExceptionHandler->handle(Object(CodeIgniter\HTTP\Exceptions\BadRequestException), Object(CodeIgniter\HTTP\IncomingRequest), Object(CodeIgniter\HTTP\Response), 400, 1)
#7 [internal function]: CodeIgniter\Debug\Exceptions->exceptionHandler(Object(CodeIgniter\HTTP\Exceptions\BadRequestException))
#8 {main}
  thrown
【Previous Exception】
CodeIgniter\HTTP\Exceptions\BadRequestException
The URI you submitted has disallowed characters: "لايف-ستايل"
#0 /home/carttalog/public_html/system/Router/Router.php(204): CodeIgniter\Router\Router->checkDisallowedChars('ar/blog/\xD9\x84\xD8\xA7\xD9\x8A\xD9...')
#1 /home/carttalog/public_html/system/CodeIgniter.php(834): CodeIgniter\Router\Router->handle('ar/blog/\xD9\x84\xD8\xA7\xD9\x8A\xD9...')
#2 /home/carttalog/public_html/system/CodeIgniter.php(457): CodeIgniter\CodeIgniter->tryToRouteIt(Object(CodeIgniter\Router\RouteCollection))
#3 /home/carttalog/public_html/system/CodeIgniter.php(355): CodeIgniter\CodeIgniter->handleRequest(NULL, Object(Config\Cache), false)
#4 /home/carttalog/public_html/system/Boot.php(325): CodeIgniter\CodeIgniter->run()
#5 /home/carttalog/public_html/system/Boot.php(67): CodeIgniter\Boot::runCodeIgniter(Object(CodeIgniter\CodeIgniter))
#6 /home/carttalog/public_html/index.php(56): CodeIgniter\Boot::bootWeb(Object(Config\Paths))
#7 {main}
[Method: GET, Route: ar/blog/%D9%84%D8%A7%D9%8A%D9%81-%D8%B3%D8%AA%D8%A7%D9%8A%D9%84/%D9%87%D9%86%D8%A7%D9%83-%D8%A7%D9%84%D8%B9%D8%AF%D9%8A%D8%AF-%D9%85%D9%86-%D8%A7%D9%84%D8%A7%D8%AE%D8%AA%D9%84%D8%A7%D9%81%D8%A7%D8%AA-%D9%81%D9%8A-%D8%A7%D9%84%D9%81%D9%82%D8%B1%D8%A7%D8%AA]
in SYSTEMPATH/Helpers/number_helper.php on line 140.
 1 [internal function]: CodeIgniter\Debug\Exceptions->shutdownHandler()
INFO - 2024-11-09 16:56:51 --> Session: Class initialized using 'CodeIgniter\Session\Handlers\DatabaseHandler' driver.
INFO - 2024-11-09 16:57:01 --> Session: Class initialized using 'CodeIgniter\Session\Handlers\DatabaseHandler' driver.
INFO - 2024-11-09 16:57:09 --> Session: Class initialized using 'CodeIgniter\Session\Handlers\DatabaseHandler' driver.
INFO - 2024-11-09 16:57:22 --> Session: Class initialized using 'CodeIgniter\Session\Handlers\DatabaseHandler' driver.
INFO - 2024-11-09 16:57:28 --> Session: Class initialized using 'CodeIgniter\Session\Handlers\DatabaseHandler' driver.
INFO - 2024-11-09 16:57:39 --> Session: Class initialized using 'CodeIgniter\Session\Handlers\DatabaseHandler' driver.
INFO - 2024-11-09 16:57:50 --> Session: Class initialized using 'CodeIgniter\Session\Handlers\DatabaseHandler' driver.
INFO - 2024-11-09 16:58:00 --> Session: Class initialized using 'CodeIgniter\Session\Handlers\DatabaseHandler' driver.
INFO - 2024-11-09 16:58:08 --> Session: Class initialized using 'CodeIgniter\Session\Handlers\DatabaseHandler' driver.
INFO - 2024-11-09 16:58:17 --> Session: Class initialized using 'CodeIgniter\Session\Handlers\DatabaseHandler' driver.
INFO - 2024-11-09 16:58:28 --> Session: Class initialized using 'CodeIgniter\Session\Handlers\DatabaseHandler' driver.
INFO - 2024-11-09 16:58:38 --> Session: Class initialized using 'CodeIgniter\Session\Handlers\DatabaseHandler' driver.
INFO - 2024-11-09 16:58:43 --> Session: Class initialized using 'CodeIgniter\Session\Handlers\DatabaseHandler' driver.
INFO - 2024-11-09 16:58:51 --> Session: Class initialized using 'CodeIgniter\Session\Handlers\DatabaseHandler' driver.
INFO - 2024-11-09 16:58:58 --> Session: Class initialized using 'CodeIgniter\Session\Handlers\DatabaseHandler' driver.
INFO - 2024-11-09 16:59:04 --> Session: Class initialized using 'CodeIgniter\Session\Handlers\DatabaseHandler' driver.
INFO - 2024-11-09 16:59:10 --> Session: Class initialized using 'CodeIgniter\Session\Handlers\DatabaseHandler' driver.
INFO - 2024-11-09 16:59:19 --> Session: Class initialized using 'CodeIgniter\Session\Handlers\DatabaseHandler' driver.
INFO - 2024-11-09 16:59:27 --> Session: Class initialized using 'CodeIgniter\Session\Handlers\DatabaseHandler' driver.
INFO - 2024-11-09 16:59:36 --> Session: Class initialized using 'CodeIgniter\Session\Handlers\DatabaseHandler' driver.
INFO - 2024-11-09 16:59:45 --> Session: Class initialized using 'CodeIgniter\Session\Handlers\DatabaseHandler' driver.
INFO - 2024-11-09 16:59:54 --> Session: Class initialized using 'CodeIgniter\Session\Handlers\DatabaseHandler' driver.
INFO - 2024-11-09 17:00:01 --> Session: Class initialized using 'CodeIgniter\Session\Handlers\DatabaseHandler' driver.
INFO - 2024-11-09 17:00:09 --> Session: Class initialized using 'CodeIgniter\Session\Handlers\DatabaseHandler' driver.
INFO - 2024-11-09 17:00:16 --> Session: Class initialized using 'CodeIgniter\Session\Handlers\DatabaseHandler' driver.
INFO - 2024-11-09 17:00:25 --> Session: Class initialized using 'CodeIgniter\Session\Handlers\DatabaseHandler' driver.
INFO - 2024-11-09 17:00:32 --> Session: Class initialized using 'CodeIgniter\Session\Handlers\DatabaseHandler' driver.
INFO - 2024-11-09 17:00:41 --> Session: Class initialized using 'CodeIgniter\Session\Handlers\DatabaseHandler' driver.
INFO - 2024-11-09 17:00:49 --> Session: Class initialized using 'CodeIgniter\Session\Handlers\DatabaseHandler' driver.
INFO - 2024-11-09 17:00:58 --> Session: Class initialized using 'CodeIgniter\Session\Handlers\DatabaseHandler' driver.
INFO - 2024-11-09 17:01:05 --> Session: Class initialized using 'CodeIgniter\Session\Handlers\DatabaseHandler' driver.
INFO - 2024-11-09 17:01:14 --> Session: Class initialized using 'CodeIgniter\Session\Handlers\DatabaseHandler' driver.
INFO - 2024-11-09 17:01:20 --> Session: Class initialized using 'CodeIgniter\Session\Handlers\DatabaseHandler' driver.
INFO - 2024-11-09 17:01:27 --> Session: Class initialized using 'CodeIgniter\Session\Handlers\DatabaseHandler' driver.
INFO - 2024-11-09 17:01:33 --> Session: Class initialized using 'CodeIgniter\Session\Handlers\DatabaseHandler' driver.
INFO - 2024-11-09 17:01:41 --> Session: Class initialized using 'CodeIgniter\Session\Handlers\DatabaseHandler' driver.
INFO - 2024-11-09 17:01:47 --> Session: Class initialized using 'CodeIgniter\Session\Handlers\DatabaseHandler' driver.
CRITICAL - 2024-11-09 17:01:47 --> CodeIgniter\HTTP\Exceptions\BadRequestException: The URI you submitted has disallowed characters: "اعمال"
[Method: GET, Route: ar/blog/%D8%A7%D8%B9%D9%85%D8%A7%D9%84/%D8%AE%D9%84%D8%A7%D9%81%D8%A7-%D9%84%D9%84%D8%A7%D8%B9%D8%AA%D9%82%D8%A7%D8%AF-%D8%A7%D9%84%D8%B4%D8%A7%D8%A6%D8%B9-%D9%84%D9%8A%D8%B3-%D9%85%D8%AC%D8%B1%D8%AF-%D9%86%D8%B5-%D8%B9%D8%B4%D9%88%D8%A7%D8%A6%D9%8A]
in SYSTEMPATH/Router/Router.php on line 737.
 1 SYSTEMPATH/Router/Router.php(204): CodeIgniter\Router\Router->checkDisallowedChars('ar/blog/اعمال/خلافا-للاعتقاد-الشائع-ليس-مجرد-نص-عشوائي')
 2 SYSTEMPATH/CodeIgniter.php(834): CodeIgniter\Router\Router->handle('ar/blog/اعمال/خلافا-للاعتقاد-الشائع-ليس-مجرد-نص-عشوائي')
 3 SYSTEMPATH/CodeIgniter.php(457): CodeIgniter\CodeIgniter->tryToRouteIt(Object(CodeIgniter\Router\RouteCollection))
 4 SYSTEMPATH/CodeIgniter.php(355): CodeIgniter\CodeIgniter->handleRequest(null, Object(Config\Cache), false)
 5 SYSTEMPATH/Boot.php(325): CodeIgniter\CodeIgniter->run()
 6 SYSTEMPATH/Boot.php(67): CodeIgniter\Boot::runCodeIgniter(Object(CodeIgniter\CodeIgniter))
 7 FCPATH/index.php(56): CodeIgniter\Boot::bootWeb(Object(Config\Paths))
CRITICAL - 2024-11-09 17:01:47 --> ErrorException: Uncaught Error: Class "Locale" not found in /home/carttalog/public_html/system/Helpers/number_helper.php:140
Stack trace:
#0 /home/carttalog/public_html/system/Helpers/number_helper.php(58): format_number(12.0, 2, NULL, Array)
#1 /home/carttalog/public_html/system/Debug/BaseExceptionHandler.php(154): number_to_size(12.0, 2)
#2 /home/carttalog/public_html/app/Views/errors/html/error_exception.php(365): CodeIgniter\Debug\BaseExceptionHandler::describeMemory(12582912)
#3 /home/carttalog/public_html/system/Debug/BaseExceptionHandler.php(266): include('/home/carttalog...')
#4 /home/carttalog/public_html/system/Debug/BaseExceptionHandler.php(269): CodeIgniter\Debug\BaseExceptionHandler->CodeIgniter\Debug\{closure}()
#5 /home/carttalog/public_html/system/Debug/ExceptionHandler.php(114): CodeIgniter\Debug\BaseExceptionHandler->render(Object(CodeIgniter\HTTP\Exceptions\BadRequestException), 400, '/home/carttalog...')
#6 /home/carttalog/public_html/system/Debug/Exceptions.php(164): CodeIgniter\Debug\ExceptionHandler->handle(Object(CodeIgniter\HTTP\Exceptions\BadRequestException), Object(CodeIgniter\HTTP\IncomingRequest), Object(CodeIgniter\HTTP\Response), 400, 1)
#7 [internal function]: CodeIgniter\Debug\Exceptions->exceptionHandler(Object(CodeIgniter\HTTP\Exceptions\BadRequestException))
#8 {main}
  thrown
【Previous Exception】
CodeIgniter\HTTP\Exceptions\BadRequestException
The URI you submitted has disallowed characters: "اعمال"
#0 /home/carttalog/public_html/system/Router/Router.php(204): CodeIgniter\Router\Router->checkDisallowedChars('ar/blog/\xD8\xA7\xD8\xB9\xD9\x85\xD8...')
#1 /home/carttalog/public_html/system/CodeIgniter.php(834): CodeIgniter\Router\Router->handle('ar/blog/\xD8\xA7\xD8\xB9\xD9\x85\xD8...')
#2 /home/carttalog/public_html/system/CodeIgniter.php(457): CodeIgniter\CodeIgniter->tryToRouteIt(Object(CodeIgniter\Router\RouteCollection))
#3 /home/carttalog/public_html/system/CodeIgniter.php(355): CodeIgniter\CodeIgniter->handleRequest(NULL, Object(Config\Cache), false)
#4 /home/carttalog/public_html/system/Boot.php(325): CodeIgniter\CodeIgniter->run()
#5 /home/carttalog/public_html/system/Boot.php(67): CodeIgniter\Boot::runCodeIgniter(Object(CodeIgniter\CodeIgniter))
#6 /home/carttalog/public_html/index.php(56): CodeIgniter\Boot::bootWeb(Object(Config\Paths))
#7 {main}
[Method: GET, Route: ar/blog/%D8%A7%D8%B9%D9%85%D8%A7%D9%84/%D8%AE%D9%84%D8%A7%D9%81%D8%A7-%D9%84%D9%84%D8%A7%D8%B9%D8%AA%D9%82%D8%A7%D8%AF-%D8%A7%D9%84%D8%B4%D8%A7%D8%A6%D8%B9-%D9%84%D9%8A%D8%B3-%D9%85%D8%AC%D8%B1%D8%AF-%D9%86%D8%B5-%D8%B9%D8%B4%D9%88%D8%A7%D8%A6%D9%8A]
in SYSTEMPATH/Helpers/number_helper.php on line 140.
 1 [internal function]: CodeIgniter\Debug\Exceptions->shutdownHandler()
INFO - 2024-11-09 17:01:48 --> Session: Class initialized using 'CodeIgniter\Session\Handlers\DatabaseHandler' driver.
INFO - 2024-11-09 17:01:56 --> Session: Class initialized using 'CodeIgniter\Session\Handlers\DatabaseHandler' driver.
INFO - 2024-11-09 17:02:05 --> Session: Class initialized using 'CodeIgniter\Session\Handlers\DatabaseHandler' driver.
INFO - 2024-11-09 17:02:11 --> Session: Class initialized using 'CodeIgniter\Session\Handlers\DatabaseHandler' driver.
INFO - 2024-11-09 17:02:19 --> Session: Class initialized using 'CodeIgniter\Session\Handlers\DatabaseHandler' driver.
INFO - 2024-11-09 17:02:25 --> Session: Class initialized using 'CodeIgniter\Session\Handlers\DatabaseHandler' driver.
INFO - 2024-11-09 17:02:34 --> Session: Class initialized using 'CodeIgniter\Session\Handlers\DatabaseHandler' driver.
INFO - 2024-11-09 17:02:41 --> Session: Class initialized using 'CodeIgniter\Session\Handlers\DatabaseHandler' driver.
INFO - 2024-11-09 17:02:46 --> Session: Class initialized using 'CodeIgniter\Session\Handlers\DatabaseHandler' driver.
INFO - 2024-11-09 17:02:52 --> Session: Class initialized using 'CodeIgniter\Session\Handlers\DatabaseHandler' driver.
INFO - 2024-11-09 17:03:00 --> Session: Class initialized using 'CodeIgniter\Session\Handlers\DatabaseHandler' driver.
INFO - 2024-11-09 17:03:05 --> Session: Class initialized using 'CodeIgniter\Session\Handlers\DatabaseHandler' driver.
INFO - 2024-11-09 17:03:13 --> Session: Class initialized using 'CodeIgniter\Session\Handlers\DatabaseHandler' driver.
INFO - 2024-11-09 17:03:21 --> Session: Class initialized using 'CodeIgniter\Session\Handlers\DatabaseHandler' driver.
INFO - 2024-11-09 17:03:25 --> Session: Class initialized using 'CodeIgniter\Session\Handlers\DatabaseHandler' driver.
INFO - 2024-11-09 17:03:33 --> Session: Class initialized using 'CodeIgniter\Session\Handlers\DatabaseHandler' driver.
INFO - 2024-11-09 17:03:41 --> Session: Class initialized using 'CodeIgniter\Session\Handlers\DatabaseHandler' driver.
INFO - 2024-11-09 17:03:47 --> Session: Class initialized using 'CodeIgniter\Session\Handlers\DatabaseHandler' driver.
INFO - 2024-11-09 17:03:54 --> Session: Class initialized using 'CodeIgniter\Session\Handlers\DatabaseHandler' driver.
INFO - 2024-11-09 17:04:01 --> Session: Class initialized using 'CodeIgniter\Session\Handlers\DatabaseHandler' driver.
INFO - 2024-11-09 17:04:07 --> Session: Class initialized using 'CodeIgniter\Session\Handlers\DatabaseHandler' driver.
INFO - 2024-11-09 17:04:12 --> Session: Class initialized using 'CodeIgniter\Session\Handlers\DatabaseHandler' driver.
INFO - 2024-11-09 17:04:17 --> Session: Class initialized using 'CodeIgniter\Session\Handlers\DatabaseHandler' driver.
INFO - 2024-11-09 17:04:25 --> Session: Class initialized using 'CodeIgniter\Session\Handlers\DatabaseHandler' driver.
INFO - 2024-11-09 17:04:30 --> Session: Class initialized using 'CodeIgniter\Session\Handlers\DatabaseHandler' driver.
INFO - 2024-11-09 17:04:38 --> Session: Class initialized using 'CodeIgniter\Session\Handlers\DatabaseHandler' driver.
INFO - 2024-11-09 17:04:45 --> Session: Class initialized using 'CodeIgniter\Session\Handlers\DatabaseHandler' driver.
INFO - 2024-11-09 17:09:21 --> Session: Class initialized using 'CodeIgniter\Session\Handlers\DatabaseHandler' driver.
INFO - 2024-11-09 17:26:58 --> Session: Class initialized using 'CodeIgniter\Session\Handlers\DatabaseHandler' driver.
INFO - 2024-11-09 17:27:14 --> Session: Class initialized using 'CodeIgniter\Session\Handlers\DatabaseHandler' driver.
INFO - 2024-11-09 17:27:47 --> Session: Class initialized using 'CodeIgniter\Session\Handlers\DatabaseHandler' driver.
INFO - 2024-11-09 17:28:27 --> Session: Class initialized using 'CodeIgniter\Session\Handlers\DatabaseHandler' driver.
INFO - 2024-11-09 17:29:07 --> Session: Class initialized using 'CodeIgniter\Session\Handlers\DatabaseHandler' driver.
INFO - 2024-11-09 17:29:50 --> Session: Class initialized using 'CodeIgniter\Session\Handlers\DatabaseHandler' driver.
INFO - 2024-11-09 17:30:32 --> Session: Class initialized using 'CodeIgniter\Session\Handlers\DatabaseHandler' driver.
INFO - 2024-11-09 17:31:13 --> Session: Class initialized using 'CodeIgniter\Session\Handlers\DatabaseHandler' driver.
INFO - 2024-11-09 17:31:56 --> Session: Class initialized using 'CodeIgniter\Session\Handlers\DatabaseHandler' driver.
INFO - 2024-11-09 17:32:32 --> Session: Class initialized using 'CodeIgniter\Session\Handlers\DatabaseHandler' driver.
INFO - 2024-11-09 17:33:15 --> Session: Class initialized using 'CodeIgniter\Session\Handlers\DatabaseHandler' driver.
INFO - 2024-11-09 17:33:58 --> Session: Class initialized using 'CodeIgniter\Session\Handlers\DatabaseHandler' driver.
INFO - 2024-11-09 17:34:36 --> Session: Class initialized using 'CodeIgniter\Session\Handlers\DatabaseHandler' driver.
INFO - 2024-11-09 17:35:16 --> Session: Class initialized using 'CodeIgniter\Session\Handlers\DatabaseHandler' driver.
INFO - 2024-11-09 17:35:54 --> Session: Class initialized using 'CodeIgniter\Session\Handlers\DatabaseHandler' driver.
INFO - 2024-11-09 17:36:34 --> Session: Class initialized using 'CodeIgniter\Session\Handlers\DatabaseHandler' driver.
INFO - 2024-11-09 17:37:09 --> Session: Class initialized using 'CodeIgniter\Session\Handlers\DatabaseHandler' driver.
INFO - 2024-11-09 17:37:42 --> Session: Class initialized using 'CodeIgniter\Session\Handlers\DatabaseHandler' driver.
INFO - 2024-11-09 17:37:43 --> Session: Class initialized using 'CodeIgniter\Session\Handlers\DatabaseHandler' driver.
INFO - 2024-11-09 17:37:45 --> Session: Class initialized using 'CodeIgniter\Session\Handlers\DatabaseHandler' driver.
INFO - 2024-11-09 17:37:48 --> Session: Class initialized using 'CodeIgniter\Session\Handlers\DatabaseHandler' driver.
INFO - 2024-11-09 17:37:50 --> Session: Class initialized using 'CodeIgniter\Session\Handlers\DatabaseHandler' driver.
INFO - 2024-11-09 17:37:52 --> Session: Class initialized using 'CodeIgniter\Session\Handlers\DatabaseHandler' driver.
INFO - 2024-11-09 17:37:55 --> Session: Class initialized using 'CodeIgniter\Session\Handlers\DatabaseHandler' driver.
INFO - 2024-11-09 17:37:57 --> Session: Class initialized using 'CodeIgniter\Session\Handlers\DatabaseHandler' driver.
INFO - 2024-11-09 17:37:59 --> Session: Class initialized using 'CodeIgniter\Session\Handlers\DatabaseHandler' driver.
INFO - 2024-11-09 17:38:02 --> Session: Class initialized using 'CodeIgniter\Session\Handlers\DatabaseHandler' driver.
INFO - 2024-11-09 17:38:04 --> Session: Class initialized using 'CodeIgniter\Session\Handlers\DatabaseHandler' driver.
INFO - 2024-11-09 17:38:07 --> Session: Class initialized using 'CodeIgniter\Session\Handlers\DatabaseHandler' driver.
INFO - 2024-11-09 17:38:09 --> Session: Class initialized using 'CodeIgniter\Session\Handlers\DatabaseHandler' driver.
INFO - 2024-11-09 17:38:11 --> Session: Class initialized using 'CodeIgniter\Session\Handlers\DatabaseHandler' driver.
INFO - 2024-11-09 17:38:14 --> Session: Class initialized using 'CodeIgniter\Session\Handlers\DatabaseHandler' driver.
INFO - 2024-11-09 17:38:14 --> Session: Class initialized using 'CodeIgniter\Session\Handlers\DatabaseHandler' driver.
INFO - 2024-11-09 17:38:16 --> Session: Class initialized using 'CodeIgniter\Session\Handlers\DatabaseHandler' driver.
INFO - 2024-11-09 17:38:19 --> Session: Class initialized using 'CodeIgniter\Session\Handlers\DatabaseHandler' driver.
INFO - 2024-11-09 17:38:21 --> Session: Class initialized using 'CodeIgniter\Session\Handlers\DatabaseHandler' driver.
INFO - 2024-11-09 17:38:24 --> Session: Class initialized using 'CodeIgniter\Session\Handlers\DatabaseHandler' driver.
INFO - 2024-11-09 17:38:27 --> Session: Class initialized using 'CodeIgniter\Session\Handlers\DatabaseHandler' driver.
INFO - 2024-11-09 17:38:29 --> Session: Class initialized using 'CodeIgniter\Session\Handlers\DatabaseHandler' driver.
INFO - 2024-11-09 17:38:32 --> Session: Class initialized using 'CodeIgniter\Session\Handlers\DatabaseHandler' driver.
INFO - 2024-11-09 17:38:35 --> Session: Class initialized using 'CodeIgniter\Session\Handlers\DatabaseHandler' driver.
INFO - 2024-11-09 17:38:38 --> Session: Class initialized using 'CodeIgniter\Session\Handlers\DatabaseHandler' driver.
INFO - 2024-11-09 17:38:40 --> Session: Class initialized using 'CodeIgniter\Session\Handlers\DatabaseHandler' driver.
INFO - 2024-11-09 17:38:43 --> Session: Class initialized using 'CodeIgniter\Session\Handlers\DatabaseHandler' driver.
INFO - 2024-11-09 17:38:45 --> Session: Class initialized using 'CodeIgniter\Session\Handlers\DatabaseHandler' driver.
INFO - 2024-11-09 17:38:46 --> Session: Class initialized using 'CodeIgniter\Session\Handlers\DatabaseHandler' driver.
INFO - 2024-11-09 17:38:49 --> Session: Class initialized using 'CodeIgniter\Session\Handlers\DatabaseHandler' driver.
INFO - 2024-11-09 17:38:51 --> Session: Class initialized using 'CodeIgniter\Session\Handlers\DatabaseHandler' driver.
INFO - 2024-11-09 17:38:54 --> Session: Class initialized using 'CodeIgniter\Session\Handlers\DatabaseHandler' driver.
INFO - 2024-11-09 17:38:57 --> Session: Class initialized using 'CodeIgniter\Session\Handlers\DatabaseHandler' driver.
INFO - 2024-11-09 17:39:00 --> Session: Class initialized using 'CodeIgniter\Session\Handlers\DatabaseHandler' driver.
INFO - 2024-11-09 17:39:03 --> Session: Class initialized using 'CodeIgniter\Session\Handlers\DatabaseHandler' driver.
INFO - 2024-11-09 17:39:06 --> Session: Class initialized using 'CodeIgniter\Session\Handlers\DatabaseHandler' driver.
INFO - 2024-11-09 17:39:09 --> Session: Class initialized using 'CodeIgniter\Session\Handlers\DatabaseHandler' driver.
INFO - 2024-11-09 17:39:12 --> Session: Class initialized using 'CodeIgniter\Session\Handlers\DatabaseHandler' driver.
INFO - 2024-11-09 17:39:15 --> Session: Class initialized using 'CodeIgniter\Session\Handlers\DatabaseHandler' driver.
INFO - 2024-11-09 17:39:15 --> Session: Class initialized using 'CodeIgniter\Session\Handlers\DatabaseHandler' driver.
INFO - 2024-11-09 17:39:18 --> Session: Class initialized using 'CodeIgniter\Session\Handlers\DatabaseHandler' driver.
INFO - 2024-11-09 17:39:21 --> Session: Class initialized using 'CodeIgniter\Session\Handlers\DatabaseHandler' driver.
INFO - 2024-11-09 17:39:24 --> Session: Class initialized using 'CodeIgniter\Session\Handlers\DatabaseHandler' driver.
INFO - 2024-11-09 17:39:27 --> Session: Class initialized using 'CodeIgniter\Session\Handlers\DatabaseHandler' driver.
INFO - 2024-11-09 17:39:30 --> Session: Class initialized using 'CodeIgniter\Session\Handlers\DatabaseHandler' driver.
INFO - 2024-11-09 17:39:34 --> Session: Class initialized using 'CodeIgniter\Session\Handlers\DatabaseHandler' driver.
INFO - 2024-11-09 17:39:37 --> Session: Class initialized using 'CodeIgniter\Session\Handlers\DatabaseHandler' driver.
INFO - 2024-11-09 17:39:40 --> Session: Class initialized using 'CodeIgniter\Session\Handlers\DatabaseHandler' driver.
INFO - 2024-11-09 17:39:43 --> Session: Class initialized using 'CodeIgniter\Session\Handlers\DatabaseHandler' driver.
INFO - 2024-11-09 17:39:44 --> Session: Class initialized using 'CodeIgniter\Session\Handlers\DatabaseHandler' driver.
INFO - 2024-11-09 17:39:47 --> Session: Class initialized using 'CodeIgniter\Session\Handlers\DatabaseHandler' driver.
INFO - 2024-11-09 17:39:50 --> Session: Class initialized using 'CodeIgniter\Session\Handlers\DatabaseHandler' driver.
INFO - 2024-11-09 17:39:53 --> Session: Class initialized using 'CodeIgniter\Session\Handlers\DatabaseHandler' driver.
INFO - 2024-11-09 17:39:56 --> Session: Class initialized using 'CodeIgniter\Session\Handlers\DatabaseHandler' driver.
INFO - 2024-11-09 17:39:59 --> Session: Class initialized using 'CodeIgniter\Session\Handlers\DatabaseHandler' driver.
INFO - 2024-11-09 17:40:03 --> Session: Class initialized using 'CodeIgniter\Session\Handlers\DatabaseHandler' driver.
INFO - 2024-11-09 17:40:06 --> Session: Class initialized using 'CodeIgniter\Session\Handlers\DatabaseHandler' driver.
INFO - 2024-11-09 17:40:09 --> Session: Class initialized using 'CodeIgniter\Session\Handlers\DatabaseHandler' driver.
INFO - 2024-11-09 17:40:12 --> Session: Class initialized using 'CodeIgniter\Session\Handlers\DatabaseHandler' driver.
INFO - 2024-11-09 17:40:12 --> Session: Class initialized using 'CodeIgniter\Session\Handlers\DatabaseHandler' driver.
INFO - 2024-11-09 17:40:15 --> Session: Class initialized using 'CodeIgniter\Session\Handlers\DatabaseHandler' driver.
INFO - 2024-11-09 17:40:18 --> Session: Class initialized using 'CodeIgniter\Session\Handlers\DatabaseHandler' driver.
INFO - 2024-11-09 17:40:22 --> Session: Class initialized using 'CodeIgniter\Session\Handlers\DatabaseHandler' driver.
INFO - 2024-11-09 17:40:25 --> Session: Class initialized using 'CodeIgniter\Session\Handlers\DatabaseHandler' driver.
INFO - 2024-11-09 17:40:28 --> Session: Class initialized using 'CodeIgniter\Session\Handlers\DatabaseHandler' driver.
INFO - 2024-11-09 17:40:32 --> Session: Class initialized using 'CodeIgniter\Session\Handlers\DatabaseHandler' driver.
INFO - 2024-11-09 17:40:35 --> Session: Class initialized using 'CodeIgniter\Session\Handlers\DatabaseHandler' driver.
INFO - 2024-11-09 17:40:38 --> Session: Class initialized using 'CodeIgniter\Session\Handlers\DatabaseHandler' driver.
INFO - 2024-11-09 17:40:41 --> Session: Class initialized using 'CodeIgniter\Session\Handlers\DatabaseHandler' driver.
INFO - 2024-11-09 17:40:44 --> Session: Class initialized using 'CodeIgniter\Session\Handlers\DatabaseHandler' driver.
INFO - 2024-11-09 17:40:47 --> Session: Class initialized using 'CodeIgniter\Session\Handlers\DatabaseHandler' driver.
INFO - 2024-11-09 17:40:50 --> Session: Class initialized using 'CodeIgniter\Session\Handlers\DatabaseHandler' driver.
INFO - 2024-11-09 17:40:53 --> Session: Class initialized using 'CodeIgniter\Session\Handlers\DatabaseHandler' driver.
INFO - 2024-11-09 17:40:57 --> Session: Class initialized using 'CodeIgniter\Session\Handlers\DatabaseHandler' driver.
INFO - 2024-11-09 17:41:00 --> Session: Class initialized using 'CodeIgniter\Session\Handlers\DatabaseHandler' driver.
INFO - 2024-11-09 17:41:03 --> Session: Class initialized using 'CodeIgniter\Session\Handlers\DatabaseHandler' driver.
INFO - 2024-11-09 17:41:06 --> Session: Class initialized using 'CodeIgniter\Session\Handlers\DatabaseHandler' driver.
INFO - 2024-11-09 17:41:09 --> Session: Class initialized using 'CodeIgniter\Session\Handlers\DatabaseHandler' driver.
INFO - 2024-11-09 17:41:12 --> Session: Class initialized using 'CodeIgniter\Session\Handlers\DatabaseHandler' driver.
INFO - 2024-11-09 17:41:15 --> Session: Class initialized using 'CodeIgniter\Session\Handlers\DatabaseHandler' driver.
INFO - 2024-11-09 17:41:18 --> Session: Class initialized using 'CodeIgniter\Session\Handlers\DatabaseHandler' driver.
INFO - 2024-11-09 17:41:21 --> Session: Class initialized using 'CodeIgniter\Session\Handlers\DatabaseHandler' driver.
INFO - 2024-11-09 17:41:24 --> Session: Class initialized using 'CodeIgniter\Session\Handlers\DatabaseHandler' driver.
INFO - 2024-11-09 17:41:27 --> Session: Class initialized using 'CodeIgniter\Session\Handlers\DatabaseHandler' driver.
INFO - 2024-11-09 17:41:30 --> Session: Class initialized using 'CodeIgniter\Session\Handlers\DatabaseHandler' driver.
INFO - 2024-11-09 17:41:33 --> Session: Class initialized using 'CodeIgniter\Session\Handlers\DatabaseHandler' driver.
INFO - 2024-11-09 17:41:36 --> Session: Class initialized using 'CodeIgniter\Session\Handlers\DatabaseHandler' driver.
INFO - 2024-11-09 17:41:40 --> Session: Class initialized using 'CodeIgniter\Session\Handlers\DatabaseHandler' driver.
INFO - 2024-11-09 17:41:43 --> Session: Class initialized using 'CodeIgniter\Session\Handlers\DatabaseHandler' driver.
INFO - 2024-11-09 17:41:47 --> Session: Class initialized using 'CodeIgniter\Session\Handlers\DatabaseHandler' driver.
INFO - 2024-11-09 17:41:50 --> Session: Class initialized using 'CodeIgniter\Session\Handlers\DatabaseHandler' driver.
INFO - 2024-11-09 17:41:53 --> Session: Class initialized using 'CodeIgniter\Session\Handlers\DatabaseHandler' driver.
INFO - 2024-11-09 17:41:55 --> Session: Class initialized using 'CodeIgniter\Session\Handlers\DatabaseHandler' driver.
INFO - 2024-11-09 17:41:58 --> Session: Class initialized using 'CodeIgniter\Session\Handlers\DatabaseHandler' driver.
INFO - 2024-11-09 17:42:02 --> Session: Class initialized using 'CodeIgniter\Session\Handlers\DatabaseHandler' driver.
INFO - 2024-11-09 17:42:05 --> Session: Class initialized using 'CodeIgniter\Session\Handlers\DatabaseHandler' driver.
INFO - 2024-11-09 17:42:08 --> Session: Class initialized using 'CodeIgniter\Session\Handlers\DatabaseHandler' driver.
INFO - 2024-11-09 17:42:11 --> Session: Class initialized using 'CodeIgniter\Session\Handlers\DatabaseHandler' driver.
INFO - 2024-11-09 17:42:14 --> Session: Class initialized using 'CodeIgniter\Session\Handlers\DatabaseHandler' driver.
INFO - 2024-11-09 17:42:17 --> Session: Class initialized using 'CodeIgniter\Session\Handlers\DatabaseHandler' driver.
INFO - 2024-11-09 17:42:20 --> Session: Class initialized using 'CodeIgniter\Session\Handlers\DatabaseHandler' driver.
INFO - 2024-11-09 17:42:23 --> Session: Class initialized using 'CodeIgniter\Session\Handlers\DatabaseHandler' driver.
INFO - 2024-11-09 17:42:26 --> Session: Class initialized using 'CodeIgniter\Session\Handlers\DatabaseHandler' driver.
INFO - 2024-11-09 17:42:29 --> Session: Class initialized using 'CodeIgniter\Session\Handlers\DatabaseHandler' driver.
INFO - 2024-11-09 17:42:32 --> Session: Class initialized using 'CodeIgniter\Session\Handlers\DatabaseHandler' driver.
INFO - 2024-11-09 17:42:35 --> Session: Class initialized using 'CodeIgniter\Session\Handlers\DatabaseHandler' driver.
INFO - 2024-11-09 17:42:37 --> Session: Class initialized using 'CodeIgniter\Session\Handlers\DatabaseHandler' driver.
INFO - 2024-11-09 17:42:40 --> Session: Class initialized using 'CodeIgniter\Session\Handlers\DatabaseHandler' driver.
INFO - 2024-11-09 17:42:43 --> Session: Class initialized using 'CodeIgniter\Session\Handlers\DatabaseHandler' driver.
INFO - 2024-11-09 17:42:46 --> Session: Class initialized using 'CodeIgniter\Session\Handlers\DatabaseHandler' driver.
INFO - 2024-11-09 17:42:49 --> Session: Class initialized using 'CodeIgniter\Session\Handlers\DatabaseHandler' driver.
INFO - 2024-11-09 17:42:52 --> Session: Class initialized using 'CodeIgniter\Session\Handlers\DatabaseHandler' driver.
INFO - 2024-11-09 17:42:55 --> Session: Class initialized using 'CodeIgniter\Session\Handlers\DatabaseHandler' driver.
INFO - 2024-11-09 17:42:58 --> Session: Class initialized using 'CodeIgniter\Session\Handlers\DatabaseHandler' driver.
INFO - 2024-11-09 17:43:01 --> Session: Class initialized using 'CodeIgniter\Session\Handlers\DatabaseHandler' driver.
INFO - 2024-11-09 17:43:03 --> Session: Class initialized using 'CodeIgniter\Session\Handlers\DatabaseHandler' driver.
INFO - 2024-11-09 17:43:06 --> Session: Class initialized using 'CodeIgniter\Session\Handlers\DatabaseHandler' driver.
INFO - 2024-11-09 17:43:09 --> Session: Class initialized using 'CodeIgniter\Session\Handlers\DatabaseHandler' driver.
INFO - 2024-11-09 17:43:12 --> Session: Class initialized using 'CodeIgniter\Session\Handlers\DatabaseHandler' driver.
INFO - 2024-11-09 17:43:15 --> Session: Class initialized using 'CodeIgniter\Session\Handlers\DatabaseHandler' driver.
INFO - 2024-11-09 17:43:17 --> Session: Class initialized using 'CodeIgniter\Session\Handlers\DatabaseHandler' driver.
INFO - 2024-11-09 17:43:20 --> Session: Class initialized using 'CodeIgniter\Session\Handlers\DatabaseHandler' driver.
INFO - 2024-11-09 17:43:23 --> Session: Class initialized using 'CodeIgniter\Session\Handlers\DatabaseHandler' driver.
INFO - 2024-11-09 17:43:26 --> Session: Class initialized using 'CodeIgniter\Session\Handlers\DatabaseHandler' driver.
INFO - 2024-11-09 17:43:29 --> Session: Class initialized using 'CodeIgniter\Session\Handlers\DatabaseHandler' driver.
INFO - 2024-11-09 17:43:31 --> Session: Class initialized using 'CodeIgniter\Session\Handlers\DatabaseHandler' driver.
INFO - 2024-11-09 17:43:34 --> Session: Class initialized using 'CodeIgniter\Session\Handlers\DatabaseHandler' driver.
INFO - 2024-11-09 17:43:37 --> Session: Class initialized using 'CodeIgniter\Session\Handlers\DatabaseHandler' driver.
INFO - 2024-11-09 17:43:40 --> Session: Class initialized using 'CodeIgniter\Session\Handlers\DatabaseHandler' driver.
INFO - 2024-11-09 17:43:42 --> Session: Class initialized using 'CodeIgniter\Session\Handlers\DatabaseHandler' driver.
INFO - 2024-11-09 17:43:45 --> Session: Class initialized using 'CodeIgniter\Session\Handlers\DatabaseHandler' driver.
INFO - 2024-11-09 17:43:48 --> Session: Class initialized using 'CodeIgniter\Session\Handlers\DatabaseHandler' driver.
INFO - 2024-11-09 17:43:51 --> Session: Class initialized using 'CodeIgniter\Session\Handlers\DatabaseHandler' driver.
INFO - 2024-11-09 17:43:54 --> Session: Class initialized using 'CodeIgniter\Session\Handlers\DatabaseHandler' driver.
INFO - 2024-11-09 17:43:56 --> Session: Class initialized using 'CodeIgniter\Session\Handlers\DatabaseHandler' driver.
INFO - 2024-11-09 17:43:59 --> Session: Class initialized using 'CodeIgniter\Session\Handlers\DatabaseHandler' driver.
INFO - 2024-11-09 17:44:02 --> Session: Class initialized using 'CodeIgniter\Session\Handlers\DatabaseHandler' driver.
INFO - 2024-11-09 17:44:04 --> Session: Class initialized using 'CodeIgniter\Session\Handlers\DatabaseHandler' driver.
INFO - 2024-11-09 17:44:07 --> Session: Class initialized using 'CodeIgniter\Session\Handlers\DatabaseHandler' driver.
INFO - 2024-11-09 17:44:10 --> Session: Class initialized using 'CodeIgniter\Session\Handlers\DatabaseHandler' driver.
INFO - 2024-11-09 17:44:13 --> Session: Class initialized using 'CodeIgniter\Session\Handlers\DatabaseHandler' driver.
INFO - 2024-11-09 17:44:16 --> Session: Class initialized using 'CodeIgniter\Session\Handlers\DatabaseHandler' driver.
INFO - 2024-11-09 17:44:18 --> Session: Class initialized using 'CodeIgniter\Session\Handlers\DatabaseHandler' driver.
INFO - 2024-11-09 17:44:21 --> Session: Class initialized using 'CodeIgniter\Session\Handlers\DatabaseHandler' driver.
INFO - 2024-11-09 17:44:24 --> Session: Class initialized using 'CodeIgniter\Session\Handlers\DatabaseHandler' driver.
INFO - 2024-11-09 17:44:27 --> Session: Class initialized using 'CodeIgniter\Session\Handlers\DatabaseHandler' driver.
INFO - 2024-11-09 17:44:30 --> Session: Class initialized using 'CodeIgniter\Session\Handlers\DatabaseHandler' driver.
INFO - 2024-11-09 17:44:33 --> Session: Class initialized using 'CodeIgniter\Session\Handlers\DatabaseHandler' driver.
INFO - 2024-11-09 17:44:35 --> Session: Class initialized using 'CodeIgniter\Session\Handlers\DatabaseHandler' driver.
INFO - 2024-11-09 17:48:14 --> Session: Class initialized using 'CodeIgniter\Session\Handlers\DatabaseHandler' driver.
INFO - 2024-11-09 17:48:33 --> Session: Class initialized using 'CodeIgniter\Session\Handlers\DatabaseHandler' driver.
INFO - 2024-11-09 17:50:10 --> Session: Class initialized using 'CodeIgniter\Session\Handlers\DatabaseHandler' driver.
INFO - 2024-11-09 17:57:09 --> Session: Class initialized using 'CodeIgniter\Session\Handlers\DatabaseHandler' driver.
INFO - 2024-11-09 17:57:12 --> Session: Class initialized using 'CodeIgniter\Session\Handlers\DatabaseHandler' driver.
INFO - 2024-11-09 17:57:14 --> Session: Class initialized using 'CodeIgniter\Session\Handlers\DatabaseHandler' driver.
INFO - 2024-11-09 17:57:17 --> Session: Class initialized using 'CodeIgniter\Session\Handlers\DatabaseHandler' driver.
INFO - 2024-11-09 17:57:19 --> Session: Class initialized using 'CodeIgniter\Session\Handlers\DatabaseHandler' driver.
INFO - 2024-11-09 17:57:22 --> Session: Class initialized using 'CodeIgniter\Session\Handlers\DatabaseHandler' driver.
INFO - 2024-11-09 17:57:25 --> Session: Class initialized using 'CodeIgniter\Session\Handlers\DatabaseHandler' driver.
INFO - 2024-11-09 17:57:27 --> Session: Class initialized using 'CodeIgniter\Session\Handlers\DatabaseHandler' driver.
INFO - 2024-11-09 17:57:30 --> Session: Class initialized using 'CodeIgniter\Session\Handlers\DatabaseHandler' driver.
INFO - 2024-11-09 17:57:32 --> Session: Class initialized using 'CodeIgniter\Session\Handlers\DatabaseHandler' driver.
INFO - 2024-11-09 17:57:35 --> Session: Class initialized using 'CodeIgniter\Session\Handlers\DatabaseHandler' driver.
INFO - 2024-11-09 17:57:38 --> Session: Class initialized using 'CodeIgniter\Session\Handlers\DatabaseHandler' driver.
INFO - 2024-11-09 17:57:40 --> Session: Class initialized using 'CodeIgniter\Session\Handlers\DatabaseHandler' driver.
INFO - 2024-11-09 17:57:43 --> Session: Class initialized using 'CodeIgniter\Session\Handlers\DatabaseHandler' driver.
INFO - 2024-11-09 17:57:45 --> Session: Class initialized using 'CodeIgniter\Session\Handlers\DatabaseHandler' driver.
INFO - 2024-11-09 17:57:48 --> Session: Class initialized using 'CodeIgniter\Session\Handlers\DatabaseHandler' driver.
INFO - 2024-11-09 17:57:51 --> Session: Class initialized using 'CodeIgniter\Session\Handlers\DatabaseHandler' driver.
INFO - 2024-11-09 17:57:53 --> Session: Class initialized using 'CodeIgniter\Session\Handlers\DatabaseHandler' driver.
INFO - 2024-11-09 17:57:56 --> Session: Class initialized using 'CodeIgniter\Session\Handlers\DatabaseHandler' driver.
INFO - 2024-11-09 17:57:58 --> Session: Class initialized using 'CodeIgniter\Session\Handlers\DatabaseHandler' driver.
INFO - 2024-11-09 17:58:01 --> Session: Class initialized using 'CodeIgniter\Session\Handlers\DatabaseHandler' driver.
INFO - 2024-11-09 17:58:04 --> Session: Class initialized using 'CodeIgniter\Session\Handlers\DatabaseHandler' driver.
INFO - 2024-11-09 17:58:06 --> Session: Class initialized using 'CodeIgniter\Session\Handlers\DatabaseHandler' driver.
INFO - 2024-11-09 17:58:09 --> Session: Class initialized using 'CodeIgniter\Session\Handlers\DatabaseHandler' driver.
INFO - 2024-11-09 17:58:11 --> Session: Class initialized using 'CodeIgniter\Session\Handlers\DatabaseHandler' driver.
INFO - 2024-11-09 17:58:14 --> Session: Class initialized using 'CodeIgniter\Session\Handlers\DatabaseHandler' driver.
INFO - 2024-11-09 17:58:16 --> Session: Class initialized using 'CodeIgniter\Session\Handlers\DatabaseHandler' driver.
INFO - 2024-11-09 17:58:19 --> Session: Class initialized using 'CodeIgniter\Session\Handlers\DatabaseHandler' driver.
INFO - 2024-11-09 17:58:22 --> Session: Class initialized using 'CodeIgniter\Session\Handlers\DatabaseHandler' driver.
INFO - 2024-11-09 17:58:24 --> Session: Class initialized using 'CodeIgniter\Session\Handlers\DatabaseHandler' driver.
INFO - 2024-11-09 17:58:27 --> Session: Class initialized using 'CodeIgniter\Session\Handlers\DatabaseHandler' driver.
INFO - 2024-11-09 17:58:29 --> Session: Class initialized using 'CodeIgniter\Session\Handlers\DatabaseHandler' driver.
INFO - 2024-11-09 17:58:32 --> Session: Class initialized using 'CodeIgniter\Session\Handlers\DatabaseHandler' driver.
INFO - 2024-11-09 17:58:35 --> Session: Class initialized using 'CodeIgniter\Session\Handlers\DatabaseHandler' driver.
INFO - 2024-11-09 17:58:37 --> Session: Class initialized using 'CodeIgniter\Session\Handlers\DatabaseHandler' driver.
INFO - 2024-11-09 17:58:39 --> Session: Class initialized using 'CodeIgniter\Session\Handlers\DatabaseHandler' driver.
INFO - 2024-11-09 17:58:42 --> Session: Class initialized using 'CodeIgniter\Session\Handlers\DatabaseHandler' driver.
INFO - 2024-11-09 17:58:45 --> Session: Class initialized using 'CodeIgniter\Session\Handlers\DatabaseHandler' driver.
INFO - 2024-11-09 17:58:47 --> Session: Class initialized using 'CodeIgniter\Session\Handlers\DatabaseHandler' driver.
INFO - 2024-11-09 17:58:50 --> Session: Class initialized using 'CodeIgniter\Session\Handlers\DatabaseHandler' driver.
INFO - 2024-11-09 17:58:53 --> Session: Class initialized using 'CodeIgniter\Session\Handlers\DatabaseHandler' driver.
INFO - 2024-11-09 17:58:55 --> Session: Class initialized using 'CodeIgniter\Session\Handlers\DatabaseHandler' driver.
INFO - 2024-11-09 17:58:58 --> Session: Class initialized using 'CodeIgniter\Session\Handlers\DatabaseHandler' driver.
INFO - 2024-11-09 17:59:00 --> Session: Class initialized using 'CodeIgniter\Session\Handlers\DatabaseHandler' driver.
INFO - 2024-11-09 17:59:03 --> Session: Class initialized using 'CodeIgniter\Session\Handlers\DatabaseHandler' driver.
INFO - 2024-11-09 17:59:05 --> Session: Class initialized using 'CodeIgniter\Session\Handlers\DatabaseHandler' driver.
INFO - 2024-11-09 17:59:08 --> Session: Class initialized using 'CodeIgniter\Session\Handlers\DatabaseHandler' driver.
INFO - 2024-11-09 17:59:10 --> Session: Class initialized using 'CodeIgniter\Session\Handlers\DatabaseHandler' driver.
INFO - 2024-11-09 17:59:13 --> Session: Class initialized using 'CodeIgniter\Session\Handlers\DatabaseHandler' driver.
INFO - 2024-11-09 17:59:15 --> Session: Class initialized using 'CodeIgniter\Session\Handlers\DatabaseHandler' driver.
INFO - 2024-11-09 17:59:18 --> Session: Class initialized using 'CodeIgniter\Session\Handlers\DatabaseHandler' driver.
INFO - 2024-11-09 17:59:20 --> Session: Class initialized using 'CodeIgniter\Session\Handlers\DatabaseHandler' driver.
INFO - 2024-11-09 17:59:23 --> Session: Class initialized using 'CodeIgniter\Session\Handlers\DatabaseHandler' driver.
INFO - 2024-11-09 17:59:26 --> Session: Class initialized using 'CodeIgniter\Session\Handlers\DatabaseHandler' driver.
INFO - 2024-11-09 17:59:28 --> Session: Class initialized using 'CodeIgniter\Session\Handlers\DatabaseHandler' driver.
INFO - 2024-11-09 17:59:31 --> Session: Class initialized using 'CodeIgniter\Session\Handlers\DatabaseHandler' driver.
INFO - 2024-11-09 17:59:33 --> Session: Class initialized using 'CodeIgniter\Session\Handlers\DatabaseHandler' driver.
INFO - 2024-11-09 17:59:36 --> Session: Class initialized using 'CodeIgniter\Session\Handlers\DatabaseHandler' driver.
INFO - 2024-11-09 17:59:38 --> Session: Class initialized using 'CodeIgniter\Session\Handlers\DatabaseHandler' driver.
INFO - 2024-11-09 17:59:41 --> Session: Class initialized using 'CodeIgniter\Session\Handlers\DatabaseHandler' driver.
INFO - 2024-11-09 17:59:44 --> Session: Class initialized using 'CodeIgniter\Session\Handlers\DatabaseHandler' driver.
INFO - 2024-11-09 17:59:46 --> Session: Class initialized using 'CodeIgniter\Session\Handlers\DatabaseHandler' driver.
INFO - 2024-11-09 17:59:49 --> Session: Class initialized using 'CodeIgniter\Session\Handlers\DatabaseHandler' driver.
INFO - 2024-11-09 17:59:52 --> Session: Class initialized using 'CodeIgniter\Session\Handlers\DatabaseHandler' driver.
INFO - 2024-11-09 17:59:54 --> Session: Class initialized using 'CodeIgniter\Session\Handlers\DatabaseHandler' driver.
INFO - 2024-11-09 17:59:57 --> Session: Class initialized using 'CodeIgniter\Session\Handlers\DatabaseHandler' driver.
INFO - 2024-11-09 17:59:59 --> Session: Class initialized using 'CodeIgniter\Session\Handlers\DatabaseHandler' driver.
INFO - 2024-11-09 18:00:02 --> Session: Class initialized using 'CodeIgniter\Session\Handlers\DatabaseHandler' driver.
INFO - 2024-11-09 18:00:05 --> Session: Class initialized using 'CodeIgniter\Session\Handlers\DatabaseHandler' driver.
INFO - 2024-11-09 18:00:08 --> Session: Class initialized using 'CodeIgniter\Session\Handlers\DatabaseHandler' driver.
INFO - 2024-11-09 18:00:10 --> Session: Class initialized using 'CodeIgniter\Session\Handlers\DatabaseHandler' driver.
INFO - 2024-11-09 18:00:13 --> Session: Class initialized using 'CodeIgniter\Session\Handlers\DatabaseHandler' driver.
INFO - 2024-11-09 18:00:16 --> Session: Class initialized using 'CodeIgniter\Session\Handlers\DatabaseHandler' driver.
INFO - 2024-11-09 18:00:18 --> Session: Class initialized using 'CodeIgniter\Session\Handlers\DatabaseHandler' driver.
INFO - 2024-11-09 18:00:21 --> Session: Class initialized using 'CodeIgniter\Session\Handlers\DatabaseHandler' driver.
INFO - 2024-11-09 18:00:23 --> Session: Class initialized using 'CodeIgniter\Session\Handlers\DatabaseHandler' driver.
INFO - 2024-11-09 18:00:26 --> Session: Class initialized using 'CodeIgniter\Session\Handlers\DatabaseHandler' driver.
INFO - 2024-11-09 18:00:29 --> Session: Class initialized using 'CodeIgniter\Session\Handlers\DatabaseHandler' driver.
INFO - 2024-11-09 18:00:31 --> Session: Class initialized using 'CodeIgniter\Session\Handlers\DatabaseHandler' driver.
INFO - 2024-11-09 18:00:34 --> Session: Class initialized using 'CodeIgniter\Session\Handlers\DatabaseHandler' driver.
INFO - 2024-11-09 18:00:36 --> Session: Class initialized using 'CodeIgniter\Session\Handlers\DatabaseHandler' driver.
INFO - 2024-11-09 18:00:39 --> Session: Class initialized using 'CodeIgniter\Session\Handlers\DatabaseHandler' driver.
INFO - 2024-11-09 18:00:41 --> Session: Class initialized using 'CodeIgniter\Session\Handlers\DatabaseHandler' driver.
INFO - 2024-11-09 18:00:44 --> Session: Class initialized using 'CodeIgniter\Session\Handlers\DatabaseHandler' driver.
INFO - 2024-11-09 18:00:46 --> Session: Class initialized using 'CodeIgniter\Session\Handlers\DatabaseHandler' driver.
INFO - 2024-11-09 18:00:49 --> Session: Class initialized using 'CodeIgniter\Session\Handlers\DatabaseHandler' driver.
INFO - 2024-11-09 18:00:51 --> Session: Class initialized using 'CodeIgniter\Session\Handlers\DatabaseHandler' driver.
INFO - 2024-11-09 18:00:54 --> Session: Class initialized using 'CodeIgniter\Session\Handlers\DatabaseHandler' driver.
INFO - 2024-11-09 18:00:56 --> Session: Class initialized using 'CodeIgniter\Session\Handlers\DatabaseHandler' driver.
INFO - 2024-11-09 18:00:59 --> Session: Class initialized using 'CodeIgniter\Session\Handlers\DatabaseHandler' driver.
INFO - 2024-11-09 18:01:02 --> Session: Class initialized using 'CodeIgniter\Session\Handlers\DatabaseHandler' driver.
INFO - 2024-11-09 18:01:04 --> Session: Class initialized using 'CodeIgniter\Session\Handlers\DatabaseHandler' driver.
INFO - 2024-11-09 18:01:07 --> Session: Class initialized using 'CodeIgniter\Session\Handlers\DatabaseHandler' driver.
INFO - 2024-11-09 18:01:09 --> Session: Class initialized using 'CodeIgniter\Session\Handlers\DatabaseHandler' driver.
INFO - 2024-11-09 18:01:12 --> Session: Class initialized using 'CodeIgniter\Session\Handlers\DatabaseHandler' driver.
INFO - 2024-11-09 18:01:14 --> Session: Class initialized using 'CodeIgniter\Session\Handlers\DatabaseHandler' driver.
INFO - 2024-11-09 18:01:17 --> Session: Class initialized using 'CodeIgniter\Session\Handlers\DatabaseHandler' driver.
INFO - 2024-11-09 18:01:19 --> Session: Class initialized using 'CodeIgniter\Session\Handlers\DatabaseHandler' driver.
INFO - 2024-11-09 18:01:22 --> Session: Class initialized using 'CodeIgniter\Session\Handlers\DatabaseHandler' driver.
INFO - 2024-11-09 18:01:25 --> Session: Class initialized using 'CodeIgniter\Session\Handlers\DatabaseHandler' driver.
INFO - 2024-11-09 18:01:27 --> Session: Class initialized using 'CodeIgniter\Session\Handlers\DatabaseHandler' driver.
INFO - 2024-11-09 18:01:30 --> Session: Class initialized using 'CodeIgniter\Session\Handlers\DatabaseHandler' driver.
INFO - 2024-11-09 18:01:33 --> Session: Class initialized using 'CodeIgniter\Session\Handlers\DatabaseHandler' driver.
INFO - 2024-11-09 18:01:35 --> Session: Class initialized using 'CodeIgniter\Session\Handlers\DatabaseHandler' driver.
INFO - 2024-11-09 18:01:38 --> Session: Class initialized using 'CodeIgniter\Session\Handlers\DatabaseHandler' driver.
INFO - 2024-11-09 18:01:40 --> Session: Class initialized using 'CodeIgniter\Session\Handlers\DatabaseHandler' driver.
INFO - 2024-11-09 18:01:43 --> Session: Class initialized using 'CodeIgniter\Session\Handlers\DatabaseHandler' driver.
INFO - 2024-11-09 18:01:45 --> Session: Class initialized using 'CodeIgniter\Session\Handlers\DatabaseHandler' driver.
INFO - 2024-11-09 18:01:48 --> Session: Class initialized using 'CodeIgniter\Session\Handlers\DatabaseHandler' driver.
INFO - 2024-11-09 18:10:20 --> Session: Class initialized using 'CodeIgniter\Session\Handlers\DatabaseHandler' driver.
INFO - 2024-11-09 18:10:21 --> Session: Class initialized using 'CodeIgniter\Session\Handlers\DatabaseHandler' driver.
INFO - 2024-11-09 18:10:21 --> Session: Class initialized using 'CodeIgniter\Session\Handlers\DatabaseHandler' driver.
INFO - 2024-11-09 18:10:21 --> CSRF token verified.
INFO - 2024-11-09 18:12:23 --> Session: Class initialized using 'CodeIgniter\Session\Handlers\DatabaseHandler' driver.
CRITICAL - 2024-11-09 18:12:23 --> CodeIgniter\HTTP\Exceptions\BadRequestException: The URI you submitted has disallowed characters: "لايف-ستايل"
[Method: GET, Route: ar/blog/%D9%84%D8%A7%D9%8A%D9%81-%D8%B3%D8%AA%D8%A7%D9%8A%D9%84/%D8%AA%D8%B7%D9%88%D8%B1%D8%AA-%D8%A5%D8%B5%D8%AF%D8%A7%D8%B1%D8%A7%D8%AA-%D9%85%D8%AE%D8%AA%D9%84%D9%81%D8%A9-%D8%B9%D9%84%D9%89-%D9%85%D8%B1-%D8%A7%D9%84%D8%B3%D9%86%D9%8A%D9%86]
in SYSTEMPATH/Router/Router.php on line 737.
 1 SYSTEMPATH/Router/Router.php(204): CodeIgniter\Router\Router->checkDisallowedChars('ar/blog/لايف-ستايل/تطورت-إصدارات-مختلفة-على-مر-السنين')
 2 SYSTEMPATH/CodeIgniter.php(834): CodeIgniter\Router\Router->handle('ar/blog/لايف-ستايل/تطورت-إصدارات-مختلفة-على-مر-السنين')
 3 SYSTEMPATH/CodeIgniter.php(457): CodeIgniter\CodeIgniter->tryToRouteIt(Object(CodeIgniter\Router\RouteCollection))
 4 SYSTEMPATH/CodeIgniter.php(355): CodeIgniter\CodeIgniter->handleRequest(null, Object(Config\Cache), false)
 5 SYSTEMPATH/Boot.php(325): CodeIgniter\CodeIgniter->run()
 6 SYSTEMPATH/Boot.php(67): CodeIgniter\Boot::runCodeIgniter(Object(CodeIgniter\CodeIgniter))
 7 FCPATH/index.php(56): CodeIgniter\Boot::bootWeb(Object(Config\Paths))
CRITICAL - 2024-11-09 18:12:23 --> ErrorException: Uncaught Error: Class "Locale" not found in /home/carttalog/public_html/system/Helpers/number_helper.php:140
Stack trace:
#0 /home/carttalog/public_html/system/Helpers/number_helper.php(58): format_number(12.0, 2, NULL, Array)
#1 /home/carttalog/public_html/system/Debug/BaseExceptionHandler.php(154): number_to_size(12.0, 2)
#2 /home/carttalog/public_html/app/Views/errors/html/error_exception.php(365): CodeIgniter\Debug\BaseExceptionHandler::describeMemory(12582912)
#3 /home/carttalog/public_html/system/Debug/BaseExceptionHandler.php(266): include('/home/carttalog...')
#4 /home/carttalog/public_html/system/Debug/BaseExceptionHandler.php(269): CodeIgniter\Debug\BaseExceptionHandler->CodeIgniter\Debug\{closure}()
#5 /home/carttalog/public_html/system/Debug/ExceptionHandler.php(114): CodeIgniter\Debug\BaseExceptionHandler->render(Object(CodeIgniter\HTTP\Exceptions\BadRequestException), 400, '/home/carttalog...')
#6 /home/carttalog/public_html/system/Debug/Exceptions.php(164): CodeIgniter\Debug\ExceptionHandler->handle(Object(CodeIgniter\HTTP\Exceptions\BadRequestException), Object(CodeIgniter\HTTP\IncomingRequest), Object(CodeIgniter\HTTP\Response), 400, 1)
#7 [internal function]: CodeIgniter\Debug\Exceptions->exceptionHandler(Object(CodeIgniter\HTTP\Exceptions\BadRequestException))
#8 {main}
  thrown
【Previous Exception】
CodeIgniter\HTTP\Exceptions\BadRequestException
The URI you submitted has disallowed characters: "لايف-ستايل"
#0 /home/carttalog/public_html/system/Router/Router.php(204): CodeIgniter\Router\Router->checkDisallowedChars('ar/blog/\xD9\x84\xD8\xA7\xD9\x8A\xD9...')
#1 /home/carttalog/public_html/system/CodeIgniter.php(834): CodeIgniter\Router\Router->handle('ar/blog/\xD9\x84\xD8\xA7\xD9\x8A\xD9...')
#2 /home/carttalog/public_html/system/CodeIgniter.php(457): CodeIgniter\CodeIgniter->tryToRouteIt(Object(CodeIgniter\Router\RouteCollection))
#3 /home/carttalog/public_html/system/CodeIgniter.php(355): CodeIgniter\CodeIgniter->handleRequest(NULL, Object(Config\Cache), false)
#4 /home/carttalog/public_html/system/Boot.php(325): CodeIgniter\CodeIgniter->run()
#5 /home/carttalog/public_html/system/Boot.php(67): CodeIgniter\Boot::runCodeIgniter(Object(CodeIgniter\CodeIgniter))
#6 /home/carttalog/public_html/index.php(56): CodeIgniter\Boot::bootWeb(Object(Config\Paths))
#7 {main}
[Method: GET, Route: ar/blog/%D9%84%D8%A7%D9%8A%D9%81-%D8%B3%D8%AA%D8%A7%D9%8A%D9%84/%D8%AA%D8%B7%D9%88%D8%B1%D8%AA-%D8%A5%D8%B5%D8%AF%D8%A7%D8%B1%D8%A7%D8%AA-%D9%85%D8%AE%D8%AA%D9%84%D9%81%D8%A9-%D8%B9%D9%84%D9%89-%D9%85%D8%B1-%D8%A7%D9%84%D8%B3%D9%86%D9%8A%D9%86]
in SYSTEMPATH/Helpers/number_helper.php on line 140.
 1 [internal function]: CodeIgniter\Debug\Exceptions->shutdownHandler()
INFO - 2024-11-09 18:18:18 --> Session: Class initialized using 'CodeIgniter\Session\Handlers\DatabaseHandler' driver.
INFO - 2024-11-09 18:18:37 --> Session: Class initialized using 'CodeIgniter\Session\Handlers\DatabaseHandler' driver.
INFO - 2024-11-09 18:19:05 --> Session: Class initialized using 'CodeIgniter\Session\Handlers\DatabaseHandler' driver.
INFO - 2024-11-09 18:19:19 --> Session: Class initialized using 'CodeIgniter\Session\Handlers\DatabaseHandler' driver.
INFO - 2024-11-09 18:19:58 --> Session: Class initialized using 'CodeIgniter\Session\Handlers\DatabaseHandler' driver.
INFO - 2024-11-09 18:20:18 --> Session: Class initialized using 'CodeIgniter\Session\Handlers\DatabaseHandler' driver.
INFO - 2024-11-09 18:20:41 --> Session: Class initialized using 'CodeIgniter\Session\Handlers\DatabaseHandler' driver.
INFO - 2024-11-09 18:20:51 --> Session: Class initialized using 'CodeIgniter\Session\Handlers\DatabaseHandler' driver.
INFO - 2024-11-09 18:21:25 --> Session: Class initialized using 'CodeIgniter\Session\Handlers\DatabaseHandler' driver.
INFO - 2024-11-09 18:22:01 --> Session: Class initialized using 'CodeIgniter\Session\Handlers\DatabaseHandler' driver.
INFO - 2024-11-09 18:22:44 --> Session: Class initialized using 'CodeIgniter\Session\Handlers\DatabaseHandler' driver.
INFO - 2024-11-09 18:23:27 --> Session: Class initialized using 'CodeIgniter\Session\Handlers\DatabaseHandler' driver.
INFO - 2024-11-09 18:24:08 --> Session: Class initialized using 'CodeIgniter\Session\Handlers\DatabaseHandler' driver.
INFO - 2024-11-09 18:24:47 --> Session: Class initialized using 'CodeIgniter\Session\Handlers\DatabaseHandler' driver.
INFO - 2024-11-09 18:25:30 --> Session: Class initialized using 'CodeIgniter\Session\Handlers\DatabaseHandler' driver.
INFO - 2024-11-09 18:25:55 --> Session: Class initialized using 'CodeIgniter\Session\Handlers\DatabaseHandler' driver.
INFO - 2024-11-09 18:26:11 --> Session: Class initialized using 'CodeIgniter\Session\Handlers\DatabaseHandler' driver.
INFO - 2024-11-09 18:27:00 --> Session: Class initialized using 'CodeIgniter\Session\Handlers\DatabaseHandler' driver.
INFO - 2024-11-09 18:28:29 --> Session: Class initialized using 'CodeIgniter\Session\Handlers\DatabaseHandler' driver.
INFO - 2024-11-09 18:29:59 --> Session: Class initialized using 'CodeIgniter\Session\Handlers\DatabaseHandler' driver.
INFO - 2024-11-09 18:31:27 --> Session: Class initialized using 'CodeIgniter\Session\Handlers\DatabaseHandler' driver.
INFO - 2024-11-09 18:40:19 --> Session: Class initialized using 'CodeIgniter\Session\Handlers\DatabaseHandler' driver.
INFO - 2024-11-09 18:49:17 --> Session: Class initialized using 'CodeIgniter\Session\Handlers\DatabaseHandler' driver.
INFO - 2024-11-09 18:58:15 --> Session: Class initialized using 'CodeIgniter\Session\Handlers\DatabaseHandler' driver.
INFO - 2024-11-09 19:00:21 --> Session: Class initialized using 'CodeIgniter\Session\Handlers\DatabaseHandler' driver.
INFO - 2024-11-09 19:02:35 --> Session: Class initialized using 'CodeIgniter\Session\Handlers\DatabaseHandler' driver.
INFO - 2024-11-09 19:03:39 --> Session: Class initialized using 'CodeIgniter\Session\Handlers\DatabaseHandler' driver.
INFO - 2024-11-09 19:09:50 --> Session: Class initialized using 'CodeIgniter\Session\Handlers\DatabaseHandler' driver.
INFO - 2024-11-09 19:10:17 --> Session: Class initialized using 'CodeIgniter\Session\Handlers\DatabaseHandler' driver.
INFO - 2024-11-09 19:10:55 --> Session: Class initialized using 'CodeIgniter\Session\Handlers\DatabaseHandler' driver.
INFO - 2024-11-09 19:11:35 --> Session: Class initialized using 'CodeIgniter\Session\Handlers\DatabaseHandler' driver.
INFO - 2024-11-09 19:12:11 --> Session: Class initialized using 'CodeIgniter\Session\Handlers\DatabaseHandler' driver.
INFO - 2024-11-09 19:12:51 --> Session: Class initialized using 'CodeIgniter\Session\Handlers\DatabaseHandler' driver.
INFO - 2024-11-09 19:13:30 --> Session: Class initialized using 'CodeIgniter\Session\Handlers\DatabaseHandler' driver.
INFO - 2024-11-09 19:14:15 --> Session: Class initialized using 'CodeIgniter\Session\Handlers\DatabaseHandler' driver.
INFO - 2024-11-09 19:15:03 --> Session: Class initialized using 'CodeIgniter\Session\Handlers\DatabaseHandler' driver.
INFO - 2024-11-09 19:15:45 --> Session: Class initialized using 'CodeIgniter\Session\Handlers\DatabaseHandler' driver.
INFO - 2024-11-09 19:16:26 --> Session: Class initialized using 'CodeIgniter\Session\Handlers\DatabaseHandler' driver.
INFO - 2024-11-09 19:17:09 --> Session: Class initialized using 'CodeIgniter\Session\Handlers\DatabaseHandler' driver.
INFO - 2024-11-09 19:17:29 --> Session: Class initialized using 'CodeIgniter\Session\Handlers\DatabaseHandler' driver.
INFO - 2024-11-09 19:17:43 --> Session: Class initialized using 'CodeIgniter\Session\Handlers\DatabaseHandler' driver.
INFO - 2024-11-09 19:18:21 --> Session: Class initialized using 'CodeIgniter\Session\Handlers\DatabaseHandler' driver.
INFO - 2024-11-09 19:19:01 --> Session: Class initialized using 'CodeIgniter\Session\Handlers\DatabaseHandler' driver.
INFO - 2024-11-09 19:19:07 --> Session: Class initialized using 'CodeIgniter\Session\Handlers\DatabaseHandler' driver.
INFO - 2024-11-09 19:19:23 --> Session: Class initialized using 'CodeIgniter\Session\Handlers\DatabaseHandler' driver.
INFO - 2024-11-09 19:19:39 --> Session: Class initialized using 'CodeIgniter\Session\Handlers\DatabaseHandler' driver.
INFO - 2024-11-09 19:20:18 --> Session: Class initialized using 'CodeIgniter\Session\Handlers\DatabaseHandler' driver.
INFO - 2024-11-09 19:20:52 --> Session: Class initialized using 'CodeIgniter\Session\Handlers\DatabaseHandler' driver.
INFO - 2024-11-09 19:30:54 --> Session: Class initialized using 'CodeIgniter\Session\Handlers\DatabaseHandler' driver.
INFO - 2024-11-09 19:31:19 --> Session: Class initialized using 'CodeIgniter\Session\Handlers\DatabaseHandler' driver.
INFO - 2024-11-09 19:32:01 --> Session: Class initialized using 'CodeIgniter\Session\Handlers\DatabaseHandler' driver.
INFO - 2024-11-09 19:35:22 --> Session: Class initialized using 'CodeIgniter\Session\Handlers\DatabaseHandler' driver.
INFO - 2024-11-09 19:39:58 --> Session: Class initialized using 'CodeIgniter\Session\Handlers\DatabaseHandler' driver.
INFO - 2024-11-09 19:40:32 --> Session: Class initialized using 'CodeIgniter\Session\Handlers\DatabaseHandler' driver.
INFO - 2024-11-09 19:41:03 --> Session: Class initialized using 'CodeIgniter\Session\Handlers\DatabaseHandler' driver.
INFO - 2024-11-09 19:41:30 --> Session: Class initialized using 'CodeIgniter\Session\Handlers\DatabaseHandler' driver.
INFO - 2024-11-09 19:43:43 --> Session: Class initialized using 'CodeIgniter\Session\Handlers\DatabaseHandler' driver.
INFO - 2024-11-09 19:44:58 --> Session: Class initialized using 'CodeIgniter\Session\Handlers\DatabaseHandler' driver.
INFO - 2024-11-09 19:47:06 --> Session: Class initialized using 'CodeIgniter\Session\Handlers\DatabaseHandler' driver.
INFO - 2024-11-09 19:51:18 --> Session: Class initialized using 'CodeIgniter\Session\Handlers\DatabaseHandler' driver.
INFO - 2024-11-09 19:52:08 --> Session: Class initialized using 'CodeIgniter\Session\Handlers\DatabaseHandler' driver.
INFO - 2024-11-09 19:57:33 --> Session: Class initialized using 'CodeIgniter\Session\Handlers\DatabaseHandler' driver.
INFO - 2024-11-09 19:59:45 --> Session: Class initialized using 'CodeIgniter\Session\Handlers\DatabaseHandler' driver.
INFO - 2024-11-09 20:00:27 --> Session: Class initialized using 'CodeIgniter\Session\Handlers\DatabaseHandler' driver.
INFO - 2024-11-09 20:00:42 --> Session: Class initialized using 'CodeIgniter\Session\Handlers\DatabaseHandler' driver.
INFO - 2024-11-09 20:01:08 --> Session: Class initialized using 'CodeIgniter\Session\Handlers\DatabaseHandler' driver.
INFO - 2024-11-09 20:01:42 --> Session: Class initialized using 'CodeIgniter\Session\Handlers\DatabaseHandler' driver.
INFO - 2024-11-09 20:02:16 --> Session: Class initialized using 'CodeIgniter\Session\Handlers\DatabaseHandler' driver.
INFO - 2024-11-09 20:02:26 --> Session: Class initialized using 'CodeIgniter\Session\Handlers\DatabaseHandler' driver.
INFO - 2024-11-09 20:02:55 --> Session: Class initialized using 'CodeIgniter\Session\Handlers\DatabaseHandler' driver.
INFO - 2024-11-09 20:03:35 --> Session: Class initialized using 'CodeIgniter\Session\Handlers\DatabaseHandler' driver.
INFO - 2024-11-09 20:04:20 --> Session: Class initialized using 'CodeIgniter\Session\Handlers\DatabaseHandler' driver.
INFO - 2024-11-09 20:05:05 --> Session: Class initialized using 'CodeIgniter\Session\Handlers\DatabaseHandler' driver.
INFO - 2024-11-09 20:05:50 --> Session: Class initialized using 'CodeIgniter\Session\Handlers\DatabaseHandler' driver.
INFO - 2024-11-09 20:06:33 --> Session: Class initialized using 'CodeIgniter\Session\Handlers\DatabaseHandler' driver.
INFO - 2024-11-09 20:07:04 --> Session: Class initialized using 'CodeIgniter\Session\Handlers\DatabaseHandler' driver.
INFO - 2024-11-09 20:07:13 --> Session: Class initialized using 'CodeIgniter\Session\Handlers\DatabaseHandler' driver.
INFO - 2024-11-09 20:07:52 --> Session: Class initialized using 'CodeIgniter\Session\Handlers\DatabaseHandler' driver.
INFO - 2024-11-09 20:08:27 --> Session: Class initialized using 'CodeIgniter\Session\Handlers\DatabaseHandler' driver.
INFO - 2024-11-09 20:09:06 --> Session: Class initialized using 'CodeIgniter\Session\Handlers\DatabaseHandler' driver.
INFO - 2024-11-09 20:09:36 --> Session: Class initialized using 'CodeIgniter\Session\Handlers\DatabaseHandler' driver.
INFO - 2024-11-09 20:09:45 --> Session: Class initialized using 'CodeIgniter\Session\Handlers\DatabaseHandler' driver.
INFO - 2024-11-09 20:10:19 --> Session: Class initialized using 'CodeIgniter\Session\Handlers\DatabaseHandler' driver.
INFO - 2024-11-09 20:10:52 --> Session: Class initialized using 'CodeIgniter\Session\Handlers\DatabaseHandler' driver.
INFO - 2024-11-09 20:20:19 --> Session: Class initialized using 'CodeIgniter\Session\Handlers\DatabaseHandler' driver.
CRITICAL - 2024-11-09 20:20:19 --> CodeIgniter\HTTP\Exceptions\BadRequestException: The URI you submitted has disallowed characters: "موضه"
[Method: GET, Route: ar/blog/%D9%85%D9%88%D8%B6%D9%87/%D8%AA%D8%B6%D9%8A%D8%B9-%D9%84%D9%85%D8%A7%D8%B0%D8%A7-%D9%86%D8%B5%D9%81-%D9%82%D8%AF-%D8%A7%D9%82%D8%AA%D8%B1%D8%A8%D8%AA]
in SYSTEMPATH/Router/Router.php on line 737.
 1 SYSTEMPATH/Router/Router.php(204): CodeIgniter\Router\Router->checkDisallowedChars('ar/blog/موضه/تضيع-لماذا-نصف-قد-اقتربت')
 2 SYSTEMPATH/CodeIgniter.php(834): CodeIgniter\Router\Router->handle('ar/blog/موضه/تضيع-لماذا-نصف-قد-اقتربت')
 3 SYSTEMPATH/CodeIgniter.php(457): CodeIgniter\CodeIgniter->tryToRouteIt(Object(CodeIgniter\Router\RouteCollection))
 4 SYSTEMPATH/CodeIgniter.php(355): CodeIgniter\CodeIgniter->handleRequest(null, Object(Config\Cache), false)
 5 SYSTEMPATH/Boot.php(325): CodeIgniter\CodeIgniter->run()
 6 SYSTEMPATH/Boot.php(67): CodeIgniter\Boot::runCodeIgniter(Object(CodeIgniter\CodeIgniter))
 7 FCPATH/index.php(56): CodeIgniter\Boot::bootWeb(Object(Config\Paths))
CRITICAL - 2024-11-09 20:20:19 --> ErrorException: Uncaught Error: Class "Locale" not found in /home/carttalog/public_html/system/Helpers/number_helper.php:140
Stack trace:
#0 /home/carttalog/public_html/system/Helpers/number_helper.php(58): format_number(12.0, 2, NULL, Array)
#1 /home/carttalog/public_html/system/Debug/BaseExceptionHandler.php(154): number_to_size(12.0, 2)
#2 /home/carttalog/public_html/app/Views/errors/html/error_exception.php(365): CodeIgniter\Debug\BaseExceptionHandler::describeMemory(12582912)
#3 /home/carttalog/public_html/system/Debug/BaseExceptionHandler.php(266): include('/home/carttalog...')
#4 /home/carttalog/public_html/system/Debug/BaseExceptionHandler.php(269): CodeIgniter\Debug\BaseExceptionHandler->CodeIgniter\Debug\{closure}()
#5 /home/carttalog/public_html/system/Debug/ExceptionHandler.php(114): CodeIgniter\Debug\BaseExceptionHandler->render(Object(CodeIgniter\HTTP\Exceptions\BadRequestException), 400, '/home/carttalog...')
#6 /home/carttalog/public_html/system/Debug/Exceptions.php(164): CodeIgniter\Debug\ExceptionHandler->handle(Object(CodeIgniter\HTTP\Exceptions\BadRequestException), Object(CodeIgniter\HTTP\IncomingRequest), Object(CodeIgniter\HTTP\Response), 400, 1)
#7 [internal function]: CodeIgniter\Debug\Exceptions->exceptionHandler(Object(CodeIgniter\HTTP\Exceptions\BadRequestException))
#8 {main}
  thrown
【Previous Exception】
CodeIgniter\HTTP\Exceptions\BadRequestException
The URI you submitted has disallowed characters: "موضه"
#0 /home/carttalog/public_html/system/Router/Router.php(204): CodeIgniter\Router\Router->checkDisallowedChars('ar/blog/\xD9\x85\xD9\x88\xD8\xB6\xD9...')
#1 /home/carttalog/public_html/system/CodeIgniter.php(834): CodeIgniter\Router\Router->handle('ar/blog/\xD9\x85\xD9\x88\xD8\xB6\xD9...')
#2 /home/carttalog/public_html/system/CodeIgniter.php(457): CodeIgniter\CodeIgniter->tryToRouteIt(Object(CodeIgniter\Router\RouteCollection))
#3 /home/carttalog/public_html/system/CodeIgniter.php(355): CodeIgniter\CodeIgniter->handleRequest(NULL, Object(Config\Cache), false)
#4 /home/carttalog/public_html/system/Boot.php(325): CodeIgniter\CodeIgniter->run()
#5 /home/carttalog/public_html/system/Boot.php(67): CodeIgniter\Boot::runCodeIgniter(Object(CodeIgniter\CodeIgniter))
#6 /home/carttalog/public_html/index.php(56): CodeIgniter\Boot::bootWeb(Object(Config\Paths))
#7 {main}
[Method: GET, Route: ar/blog/%D9%85%D9%88%D8%B6%D9%87/%D8%AA%D8%B6%D9%8A%D8%B9-%D9%84%D9%85%D8%A7%D8%B0%D8%A7-%D9%86%D8%B5%D9%81-%D9%82%D8%AF-%D8%A7%D9%82%D8%AA%D8%B1%D8%A8%D8%AA]
in SYSTEMPATH/Helpers/number_helper.php on line 140.
 1 [internal function]: CodeIgniter\Debug\Exceptions->shutdownHandler()
INFO - 2024-11-09 20:27:20 --> Session: Class initialized using 'CodeIgniter\Session\Handlers\DatabaseHandler' driver.
INFO - 2024-11-09 20:27:37 --> Session: Class initialized using 'CodeIgniter\Session\Handlers\DatabaseHandler' driver.
INFO - 2024-11-09 20:38:37 --> Session: Class initialized using 'CodeIgniter\Session\Handlers\DatabaseHandler' driver.
INFO - 2024-11-09 20:44:08 --> Session: Class initialized using 'CodeIgniter\Session\Handlers\DatabaseHandler' driver.
INFO - 2024-11-09 20:50:20 --> Session: Class initialized using 'CodeIgniter\Session\Handlers\DatabaseHandler' driver.
CRITICAL - 2024-11-09 20:50:20 --> CodeIgniter\HTTP\Exceptions\BadRequestException: The URI you submitted has disallowed characters: "الاختلافات"
[Method: GET, Route: ar/blog/tag/%D8%A7%D9%84%D8%A7%D8%AE%D8%AA%D9%84%D8%A7%D9%81%D8%A7%D8%AA]
in SYSTEMPATH/Router/Router.php on line 737.
 1 SYSTEMPATH/Router/Router.php(204): CodeIgniter\Router\Router->checkDisallowedChars('ar/blog/tag/الاختلافات')
 2 SYSTEMPATH/CodeIgniter.php(834): CodeIgniter\Router\Router->handle('ar/blog/tag/الاختلافات')
 3 SYSTEMPATH/CodeIgniter.php(457): CodeIgniter\CodeIgniter->tryToRouteIt(Object(CodeIgniter\Router\RouteCollection))
 4 SYSTEMPATH/CodeIgniter.php(355): CodeIgniter\CodeIgniter->handleRequest(null, Object(Config\Cache), false)
 5 SYSTEMPATH/Boot.php(325): CodeIgniter\CodeIgniter->run()
 6 SYSTEMPATH/Boot.php(67): CodeIgniter\Boot::runCodeIgniter(Object(CodeIgniter\CodeIgniter))
 7 FCPATH/index.php(56): CodeIgniter\Boot::bootWeb(Object(Config\Paths))
CRITICAL - 2024-11-09 20:50:20 --> ErrorException: Uncaught Error: Class "Locale" not found in /home/carttalog/public_html/system/Helpers/number_helper.php:140
Stack trace:
#0 /home/carttalog/public_html/system/Helpers/number_helper.php(58): format_number(12.0, 2, NULL, Array)
#1 /home/carttalog/public_html/system/Debug/BaseExceptionHandler.php(154): number_to_size(12.0, 2)
#2 /home/carttalog/public_html/app/Views/errors/html/error_exception.php(365): CodeIgniter\Debug\BaseExceptionHandler::describeMemory(12582912)
#3 /home/carttalog/public_html/system/Debug/BaseExceptionHandler.php(266): include('/home/carttalog...')
#4 /home/carttalog/public_html/system/Debug/BaseExceptionHandler.php(269): CodeIgniter\Debug\BaseExceptionHandler->CodeIgniter\Debug\{closure}()
#5 /home/carttalog/public_html/system/Debug/ExceptionHandler.php(114): CodeIgniter\Debug\BaseExceptionHandler->render(Object(CodeIgniter\HTTP\Exceptions\BadRequestException), 400, '/home/carttalog...')
#6 /home/carttalog/public_html/system/Debug/Exceptions.php(164): CodeIgniter\Debug\ExceptionHandler->handle(Object(CodeIgniter\HTTP\Exceptions\BadRequestException), Object(CodeIgniter\HTTP\IncomingRequest), Object(CodeIgniter\HTTP\Response), 400, 1)
#7 [internal function]: CodeIgniter\Debug\Exceptions->exceptionHandler(Object(CodeIgniter\HTTP\Exceptions\BadRequestException))
#8 {main}
  thrown
【Previous Exception】
CodeIgniter\HTTP\Exceptions\BadRequestException
The URI you submitted has disallowed characters: "الاختلافات"
#0 /home/carttalog/public_html/system/Router/Router.php(204): CodeIgniter\Router\Router->checkDisallowedChars('ar/blog/tag/\xD8\xA7\xD9...')
#1 /home/carttalog/public_html/system/CodeIgniter.php(834): CodeIgniter\Router\Router->handle('ar/blog/tag/\xD8\xA7\xD9...')
#2 /home/carttalog/public_html/system/CodeIgniter.php(457): CodeIgniter\CodeIgniter->tryToRouteIt(Object(CodeIgniter\Router\RouteCollection))
#3 /home/carttalog/public_html/system/CodeIgniter.php(355): CodeIgniter\CodeIgniter->handleRequest(NULL, Object(Config\Cache), false)
#4 /home/carttalog/public_html/system/Boot.php(325): CodeIgniter\CodeIgniter->run()
#5 /home/carttalog/public_html/system/Boot.php(67): CodeIgniter\Boot::runCodeIgniter(Object(CodeIgniter\CodeIgniter))
#6 /home/carttalog/public_html/index.php(56): CodeIgniter\Boot::bootWeb(Object(Config\Paths))
#7 {main}
[Method: GET, Route: ar/blog/tag/%D8%A7%D9%84%D8%A7%D8%AE%D8%AA%D9%84%D8%A7%D9%81%D8%A7%D8%AA]
in SYSTEMPATH/Helpers/number_helper.php on line 140.
 1 [internal function]: CodeIgniter\Debug\Exceptions->shutdownHandler()
INFO - 2024-11-09 20:50:25 --> Session: Class initialized using 'CodeIgniter\Session\Handlers\DatabaseHandler' driver.
CRITICAL - 2024-11-09 20:50:25 --> CodeIgniter\HTTP\Exceptions\BadRequestException: The URI you submitted has disallowed characters: "الحزم"
[Method: GET, Route: ar/blog/tag/%D8%A7%D9%84%D8%AD%D8%B2%D9%85]
in SYSTEMPATH/Router/Router.php on line 737.
 1 SYSTEMPATH/Router/Router.php(204): CodeIgniter\Router\Router->checkDisallowedChars('ar/blog/tag/الحزم')
 2 SYSTEMPATH/CodeIgniter.php(834): CodeIgniter\Router\Router->handle('ar/blog/tag/الحزم')
 3 SYSTEMPATH/CodeIgniter.php(457): CodeIgniter\CodeIgniter->tryToRouteIt(Object(CodeIgniter\Router\RouteCollection))
 4 SYSTEMPATH/CodeIgniter.php(355): CodeIgniter\CodeIgniter->handleRequest(null, Object(Config\Cache), false)
 5 SYSTEMPATH/Boot.php(325): CodeIgniter\CodeIgniter->run()
 6 SYSTEMPATH/Boot.php(67): CodeIgniter\Boot::runCodeIgniter(Object(CodeIgniter\CodeIgniter))
 7 FCPATH/index.php(56): CodeIgniter\Boot::bootWeb(Object(Config\Paths))
CRITICAL - 2024-11-09 20:50:25 --> ErrorException: Uncaught Error: Class "Locale" not found in /home/carttalog/public_html/system/Helpers/number_helper.php:140
Stack trace:
#0 /home/carttalog/public_html/system/Helpers/number_helper.php(58): format_number(12.0, 2, NULL, Array)
#1 /home/carttalog/public_html/system/Debug/BaseExceptionHandler.php(154): number_to_size(12.0, 2)
#2 /home/carttalog/public_html/app/Views/errors/html/error_exception.php(365): CodeIgniter\Debug\BaseExceptionHandler::describeMemory(12582912)
#3 /home/carttalog/public_html/system/Debug/BaseExceptionHandler.php(266): include('/home/carttalog...')
#4 /home/carttalog/public_html/system/Debug/BaseExceptionHandler.php(269): CodeIgniter\Debug\BaseExceptionHandler->CodeIgniter\Debug\{closure}()
#5 /home/carttalog/public_html/system/Debug/ExceptionHandler.php(114): CodeIgniter\Debug\BaseExceptionHandler->render(Object(CodeIgniter\HTTP\Exceptions\BadRequestException), 400, '/home/carttalog...')
#6 /home/carttalog/public_html/system/Debug/Exceptions.php(164): CodeIgniter\Debug\ExceptionHandler->handle(Object(CodeIgniter\HTTP\Exceptions\BadRequestException), Object(CodeIgniter\HTTP\IncomingRequest), Object(CodeIgniter\HTTP\Response), 400, 1)
#7 [internal function]: CodeIgniter\Debug\Exceptions->exceptionHandler(Object(CodeIgniter\HTTP\Exceptions\BadRequestException))
#8 {main}
  thrown
【Previous Exception】
CodeIgniter\HTTP\Exceptions\BadRequestException
The URI you submitted has disallowed characters: "الحزم"
#0 /home/carttalog/public_html/system/Router/Router.php(204): CodeIgniter\Router\Router->checkDisallowedChars('ar/blog/tag/\xD8\xA7\xD9...')
#1 /home/carttalog/public_html/system/CodeIgniter.php(834): CodeIgniter\Router\Router->handle('ar/blog/tag/\xD8\xA7\xD9...')
#2 /home/carttalog/public_html/system/CodeIgniter.php(457): CodeIgniter\CodeIgniter->tryToRouteIt(Object(CodeIgniter\Router\RouteCollection))
#3 /home/carttalog/public_html/system/CodeIgniter.php(355): CodeIgniter\CodeIgniter->handleRequest(NULL, Object(Config\Cache), false)
#4 /home/carttalog/public_html/system/Boot.php(325): CodeIgniter\CodeIgniter->run()
#5 /home/carttalog/public_html/system/Boot.php(67): CodeIgniter\Boot::runCodeIgniter(Object(CodeIgniter\CodeIgniter))
#6 /home/carttalog/public_html/index.php(56): CodeIgniter\Boot::bootWeb(Object(Config\Paths))
#7 {main}
[Method: GET, Route: ar/blog/tag/%D8%A7%D9%84%D8%AD%D8%B2%D9%85]
in SYSTEMPATH/Helpers/number_helper.php on line 140.
 1 [internal function]: CodeIgniter\Debug\Exceptions->shutdownHandler()
INFO - 2024-11-09 20:50:29 --> Session: Class initialized using 'CodeIgniter\Session\Handlers\DatabaseHandler' driver.
CRITICAL - 2024-11-09 20:50:29 --> CodeIgniter\HTTP\Exceptions\BadRequestException: The URI you submitted has disallowed characters: "الظروف"
[Method: GET, Route: ar/blog/tag/%D8%A7%D9%84%D8%B8%D8%B1%D9%88%D9%81]
in SYSTEMPATH/Router/Router.php on line 737.
 1 SYSTEMPATH/Router/Router.php(204): CodeIgniter\Router\Router->checkDisallowedChars('ar/blog/tag/الظروف')
 2 SYSTEMPATH/CodeIgniter.php(834): CodeIgniter\Router\Router->handle('ar/blog/tag/الظروف')
 3 SYSTEMPATH/CodeIgniter.php(457): CodeIgniter\CodeIgniter->tryToRouteIt(Object(CodeIgniter\Router\RouteCollection))
 4 SYSTEMPATH/CodeIgniter.php(355): CodeIgniter\CodeIgniter->handleRequest(null, Object(Config\Cache), false)
 5 SYSTEMPATH/Boot.php(325): CodeIgniter\CodeIgniter->run()
 6 SYSTEMPATH/Boot.php(67): CodeIgniter\Boot::runCodeIgniter(Object(CodeIgniter\CodeIgniter))
 7 FCPATH/index.php(56): CodeIgniter\Boot::bootWeb(Object(Config\Paths))
CRITICAL - 2024-11-09 20:50:29 --> ErrorException: Uncaught Error: Class "Locale" not found in /home/carttalog/public_html/system/Helpers/number_helper.php:140
Stack trace:
#0 /home/carttalog/public_html/system/Helpers/number_helper.php(58): format_number(12.0, 2, NULL, Array)
#1 /home/carttalog/public_html/system/Debug/BaseExceptionHandler.php(154): number_to_size(12.0, 2)
#2 /home/carttalog/public_html/app/Views/errors/html/error_exception.php(365): CodeIgniter\Debug\BaseExceptionHandler::describeMemory(12582912)
#3 /home/carttalog/public_html/system/Debug/BaseExceptionHandler.php(266): include('/home/carttalog...')
#4 /home/carttalog/public_html/system/Debug/BaseExceptionHandler.php(269): CodeIgniter\Debug\BaseExceptionHandler->CodeIgniter\Debug\{closure}()
#5 /home/carttalog/public_html/system/Debug/ExceptionHandler.php(114): CodeIgniter\Debug\BaseExceptionHandler->render(Object(CodeIgniter\HTTP\Exceptions\BadRequestException), 400, '/home/carttalog...')
#6 /home/carttalog/public_html/system/Debug/Exceptions.php(164): CodeIgniter\Debug\ExceptionHandler->handle(Object(CodeIgniter\HTTP\Exceptions\BadRequestException), Object(CodeIgniter\HTTP\IncomingRequest), Object(CodeIgniter\HTTP\Response), 400, 1)
#7 [internal function]: CodeIgniter\Debug\Exceptions->exceptionHandler(Object(CodeIgniter\HTTP\Exceptions\BadRequestException))
#8 {main}
  thrown
【Previous Exception】
CodeIgniter\HTTP\Exceptions\BadRequestException
The URI you submitted has disallowed characters: "الظروف"
#0 /home/carttalog/public_html/system/Router/Router.php(204): CodeIgniter\Router\Router->checkDisallowedChars('ar/blog/tag/\xD8\xA7\xD9...')
#1 /home/carttalog/public_html/system/CodeIgniter.php(834): CodeIgniter\Router\Router->handle('ar/blog/tag/\xD8\xA7\xD9...')
#2 /home/carttalog/public_html/system/CodeIgniter.php(457): CodeIgniter\CodeIgniter->tryToRouteIt(Object(CodeIgniter\Router\RouteCollection))
#3 /home/carttalog/public_html/system/CodeIgniter.php(355): CodeIgniter\CodeIgniter->handleRequest(NULL, Object(Config\Cache), false)
#4 /home/carttalog/public_html/system/Boot.php(325): CodeIgniter\CodeIgniter->run()
#5 /home/carttalog/public_html/system/Boot.php(67): CodeIgniter\Boot::runCodeIgniter(Object(CodeIgniter\CodeIgniter))
#6 /home/carttalog/public_html/index.php(56): CodeIgniter\Boot::bootWeb(Object(Config\Paths))
#7 {main}
[Method: GET, Route: ar/blog/tag/%D8%A7%D9%84%D8%B8%D8%B1%D9%88%D9%81]
in SYSTEMPATH/Helpers/number_helper.php on line 140.
 1 [internal function]: CodeIgniter\Debug\Exceptions->shutdownHandler()
INFO - 2024-11-09 20:50:35 --> Session: Class initialized using 'CodeIgniter\Session\Handlers\DatabaseHandler' driver.
CRITICAL - 2024-11-09 20:50:35 --> CodeIgniter\HTTP\Exceptions\BadRequestException: The URI you submitted has disallowed characters: "الفقرات"
[Method: GET, Route: ar/blog/tag/%D8%A7%D9%84%D9%81%D9%82%D8%B1%D8%A7%D8%AA]
in SYSTEMPATH/Router/Router.php on line 737.
 1 SYSTEMPATH/Router/Router.php(204): CodeIgniter\Router\Router->checkDisallowedChars('ar/blog/tag/الفقرات')
 2 SYSTEMPATH/CodeIgniter.php(834): CodeIgniter\Router\Router->handle('ar/blog/tag/الفقرات')
 3 SYSTEMPATH/CodeIgniter.php(457): CodeIgniter\CodeIgniter->tryToRouteIt(Object(CodeIgniter\Router\RouteCollection))
 4 SYSTEMPATH/CodeIgniter.php(355): CodeIgniter\CodeIgniter->handleRequest(null, Object(Config\Cache), false)
 5 SYSTEMPATH/Boot.php(325): CodeIgniter\CodeIgniter->run()
 6 SYSTEMPATH/Boot.php(67): CodeIgniter\Boot::runCodeIgniter(Object(CodeIgniter\CodeIgniter))
 7 FCPATH/index.php(56): CodeIgniter\Boot::bootWeb(Object(Config\Paths))
CRITICAL - 2024-11-09 20:50:35 --> ErrorException: Uncaught Error: Class "Locale" not found in /home/carttalog/public_html/system/Helpers/number_helper.php:140
Stack trace:
#0 /home/carttalog/public_html/system/Helpers/number_helper.php(58): format_number(12.0, 2, NULL, Array)
#1 /home/carttalog/public_html/system/Debug/BaseExceptionHandler.php(154): number_to_size(12.0, 2)
#2 /home/carttalog/public_html/app/Views/errors/html/error_exception.php(365): CodeIgniter\Debug\BaseExceptionHandler::describeMemory(12582912)
#3 /home/carttalog/public_html/system/Debug/BaseExceptionHandler.php(266): include('/home/carttalog...')
#4 /home/carttalog/public_html/system/Debug/BaseExceptionHandler.php(269): CodeIgniter\Debug\BaseExceptionHandler->CodeIgniter\Debug\{closure}()
#5 /home/carttalog/public_html/system/Debug/ExceptionHandler.php(114): CodeIgniter\Debug\BaseExceptionHandler->render(Object(CodeIgniter\HTTP\Exceptions\BadRequestException), 400, '/home/carttalog...')
#6 /home/carttalog/public_html/system/Debug/Exceptions.php(164): CodeIgniter\Debug\ExceptionHandler->handle(Object(CodeIgniter\HTTP\Exceptions\BadRequestException), Object(CodeIgniter\HTTP\IncomingRequest), Object(CodeIgniter\HTTP\Response), 400, 1)
#7 [internal function]: CodeIgniter\Debug\Exceptions->exceptionHandler(Object(CodeIgniter\HTTP\Exceptions\BadRequestException))
#8 {main}
  thrown
【Previous Exception】
CodeIgniter\HTTP\Exceptions\BadRequestException
The URI you submitted has disallowed characters: "الفقرات"
#0 /home/carttalog/public_html/system/Router/Router.php(204): CodeIgniter\Router\Router->checkDisallowedChars('ar/blog/tag/\xD8\xA7\xD9...')
#1 /home/carttalog/public_html/system/CodeIgniter.php(834): CodeIgniter\Router\Router->handle('ar/blog/tag/\xD8\xA7\xD9...')
#2 /home/carttalog/public_html/system/CodeIgniter.php(457): CodeIgniter\CodeIgniter->tryToRouteIt(Object(CodeIgniter\Router\RouteCollection))
#3 /home/carttalog/public_html/system/CodeIgniter.php(355): CodeIgniter\CodeIgniter->handleRequest(NULL, Object(Config\Cache), false)
#4 /home/carttalog/public_html/system/Boot.php(325): CodeIgniter\CodeIgniter->run()
#5 /home/carttalog/public_html/system/Boot.php(67): CodeIgniter\Boot::runCodeIgniter(Object(CodeIgniter\CodeIgniter))
#6 /home/carttalog/public_html/index.php(56): CodeIgniter\Boot::bootWeb(Object(Config\Paths))
#7 {main}
[Method: GET, Route: ar/blog/tag/%D8%A7%D9%84%D9%81%D9%82%D8%B1%D8%A7%D8%AA]
in SYSTEMPATH/Helpers/number_helper.php on line 140.
 1 [internal function]: CodeIgniter\Debug\Exceptions->shutdownHandler()
INFO - 2024-11-09 20:50:40 --> Session: Class initialized using 'CodeIgniter\Session\Handlers\DatabaseHandler' driver.
CRITICAL - 2024-11-09 20:50:40 --> CodeIgniter\HTTP\Exceptions\BadRequestException: The URI you submitted has disallowed characters: "بسبب"
[Method: GET, Route: ar/blog/tag/%D8%A8%D8%B3%D8%A8%D8%A8]
in SYSTEMPATH/Router/Router.php on line 737.
 1 SYSTEMPATH/Router/Router.php(204): CodeIgniter\Router\Router->checkDisallowedChars('ar/blog/tag/بسبب')
 2 SYSTEMPATH/CodeIgniter.php(834): CodeIgniter\Router\Router->handle('ar/blog/tag/بسبب')
 3 SYSTEMPATH/CodeIgniter.php(457): CodeIgniter\CodeIgniter->tryToRouteIt(Object(CodeIgniter\Router\RouteCollection))
 4 SYSTEMPATH/CodeIgniter.php(355): CodeIgniter\CodeIgniter->handleRequest(null, Object(Config\Cache), false)
 5 SYSTEMPATH/Boot.php(325): CodeIgniter\CodeIgniter->run()
 6 SYSTEMPATH/Boot.php(67): CodeIgniter\Boot::runCodeIgniter(Object(CodeIgniter\CodeIgniter))
 7 FCPATH/index.php(56): CodeIgniter\Boot::bootWeb(Object(Config\Paths))
CRITICAL - 2024-11-09 20:50:40 --> ErrorException: Uncaught Error: Class "Locale" not found in /home/carttalog/public_html/system/Helpers/number_helper.php:140
Stack trace:
#0 /home/carttalog/public_html/system/Helpers/number_helper.php(58): format_number(12.0, 2, NULL, Array)
#1 /home/carttalog/public_html/system/Debug/BaseExceptionHandler.php(154): number_to_size(12.0, 2)
#2 /home/carttalog/public_html/app/Views/errors/html/error_exception.php(365): CodeIgniter\Debug\BaseExceptionHandler::describeMemory(12582912)
#3 /home/carttalog/public_html/system/Debug/BaseExceptionHandler.php(266): include('/home/carttalog...')
#4 /home/carttalog/public_html/system/Debug/BaseExceptionHandler.php(269): CodeIgniter\Debug\BaseExceptionHandler->CodeIgniter\Debug\{closure}()
#5 /home/carttalog/public_html/system/Debug/ExceptionHandler.php(114): CodeIgniter\Debug\BaseExceptionHandler->render(Object(CodeIgniter\HTTP\Exceptions\BadRequestException), 400, '/home/carttalog...')
#6 /home/carttalog/public_html/system/Debug/Exceptions.php(164): CodeIgniter\Debug\ExceptionHandler->handle(Object(CodeIgniter\HTTP\Exceptions\BadRequestException), Object(CodeIgniter\HTTP\IncomingRequest), Object(CodeIgniter\HTTP\Response), 400, 1)
#7 [internal function]: CodeIgniter\Debug\Exceptions->exceptionHandler(Object(CodeIgniter\HTTP\Exceptions\BadRequestException))
#8 {main}
  thrown
【Previous Exception】
CodeIgniter\HTTP\Exceptions\BadRequestException
The URI you submitted has disallowed characters: "بسبب"
#0 /home/carttalog/public_html/system/Router/Router.php(204): CodeIgniter\Router\Router->checkDisallowedChars('ar/blog/tag/\xD8\xA8\xD8...')
#1 /home/carttalog/public_html/system/CodeIgniter.php(834): CodeIgniter\Router\Router->handle('ar/blog/tag/\xD8\xA8\xD8...')
#2 /home/carttalog/public_html/system/CodeIgniter.php(457): CodeIgniter\CodeIgniter->tryToRouteIt(Object(CodeIgniter\Router\RouteCollection))
#3 /home/carttalog/public_html/system/CodeIgniter.php(355): CodeIgniter\CodeIgniter->handleRequest(NULL, Object(Config\Cache), false)
#4 /home/carttalog/public_html/system/Boot.php(325): CodeIgniter\CodeIgniter->run()
#5 /home/carttalog/public_html/system/Boot.php(67): CodeIgniter\Boot::runCodeIgniter(Object(CodeIgniter\CodeIgniter))
#6 /home/carttalog/public_html/index.php(56): CodeIgniter\Boot::bootWeb(Object(Config\Paths))
#7 {main}
[Method: GET, Route: ar/blog/tag/%D8%A8%D8%B3%D8%A8%D8%A8]
in SYSTEMPATH/Helpers/number_helper.php on line 140.
 1 [internal function]: CodeIgniter\Debug\Exceptions->shutdownHandler()
INFO - 2024-11-09 20:50:45 --> Session: Class initialized using 'CodeIgniter\Session\Handlers\DatabaseHandler' driver.
CRITICAL - 2024-11-09 20:50:45 --> CodeIgniter\HTTP\Exceptions\BadRequestException: The URI you submitted has disallowed characters: "بسخط"
[Method: GET, Route: ar/blog/tag/%D8%A8%D8%B3%D8%AE%D8%B7]
in SYSTEMPATH/Router/Router.php on line 737.
 1 SYSTEMPATH/Router/Router.php(204): CodeIgniter\Router\Router->checkDisallowedChars('ar/blog/tag/بسخط')
 2 SYSTEMPATH/CodeIgniter.php(834): CodeIgniter\Router\Router->handle('ar/blog/tag/بسخط')
 3 SYSTEMPATH/CodeIgniter.php(457): CodeIgniter\CodeIgniter->tryToRouteIt(Object(CodeIgniter\Router\RouteCollection))
 4 SYSTEMPATH/CodeIgniter.php(355): CodeIgniter\CodeIgniter->handleRequest(null, Object(Config\Cache), false)
 5 SYSTEMPATH/Boot.php(325): CodeIgniter\CodeIgniter->run()
 6 SYSTEMPATH/Boot.php(67): CodeIgniter\Boot::runCodeIgniter(Object(CodeIgniter\CodeIgniter))
 7 FCPATH/index.php(56): CodeIgniter\Boot::bootWeb(Object(Config\Paths))
CRITICAL - 2024-11-09 20:50:45 --> ErrorException: Uncaught Error: Class "Locale" not found in /home/carttalog/public_html/system/Helpers/number_helper.php:140
Stack trace:
#0 /home/carttalog/public_html/system/Helpers/number_helper.php(58): format_number(12.0, 2, NULL, Array)
#1 /home/carttalog/public_html/system/Debug/BaseExceptionHandler.php(154): number_to_size(12.0, 2)
#2 /home/carttalog/public_html/app/Views/errors/html/error_exception.php(365): CodeIgniter\Debug\BaseExceptionHandler::describeMemory(12582912)
#3 /home/carttalog/public_html/system/Debug/BaseExceptionHandler.php(266): include('/home/carttalog...')
#4 /home/carttalog/public_html/system/Debug/BaseExceptionHandler.php(269): CodeIgniter\Debug\BaseExceptionHandler->CodeIgniter\Debug\{closure}()
#5 /home/carttalog/public_html/system/Debug/ExceptionHandler.php(114): CodeIgniter\Debug\BaseExceptionHandler->render(Object(CodeIgniter\HTTP\Exceptions\BadRequestException), 400, '/home/carttalog...')
#6 /home/carttalog/public_html/system/Debug/Exceptions.php(164): CodeIgniter\Debug\ExceptionHandler->handle(Object(CodeIgniter\HTTP\Exceptions\BadRequestException), Object(CodeIgniter\HTTP\IncomingRequest), Object(CodeIgniter\HTTP\Response), 400, 1)
#7 [internal function]: CodeIgniter\Debug\Exceptions->exceptionHandler(Object(CodeIgniter\HTTP\Exceptions\BadRequestException))
#8 {main}
  thrown
【Previous Exception】
CodeIgniter\HTTP\Exceptions\BadRequestException
The URI you submitted has disallowed characters: "بسخط"
#0 /home/carttalog/public_html/system/Router/Router.php(204): CodeIgniter\Router\Router->checkDisallowedChars('ar/blog/tag/\xD8\xA8\xD8...')
#1 /home/carttalog/public_html/system/CodeIgniter.php(834): CodeIgniter\Router\Router->handle('ar/blog/tag/\xD8\xA8\xD8...')
#2 /home/carttalog/public_html/system/CodeIgniter.php(457): CodeIgniter\CodeIgniter->tryToRouteIt(Object(CodeIgniter\Router\RouteCollection))
#3 /home/carttalog/public_html/system/CodeIgniter.php(355): CodeIgniter\CodeIgniter->handleRequest(NULL, Object(Config\Cache), false)
#4 /home/carttalog/public_html/system/Boot.php(325): CodeIgniter\CodeIgniter->run()
#5 /home/carttalog/public_html/system/Boot.php(67): CodeIgniter\Boot::runCodeIgniter(Object(CodeIgniter\CodeIgniter))
#6 /home/carttalog/public_html/index.php(56): CodeIgniter\Boot::bootWeb(Object(Config\Paths))
#7 {main}
[Method: GET, Route: ar/blog/tag/%D8%A8%D8%B3%D8%AE%D8%B7]
in SYSTEMPATH/Helpers/number_helper.php on line 140.
 1 [internal function]: CodeIgniter\Debug\Exceptions->shutdownHandler()
INFO - 2024-11-09 20:50:50 --> Session: Class initialized using 'CodeIgniter\Session\Handlers\DatabaseHandler' driver.
CRITICAL - 2024-11-09 20:50:50 --> CodeIgniter\HTTP\Exceptions\BadRequestException: The URI you submitted has disallowed characters: "تعبير"
[Method: GET, Route: ar/blog/tag/%D8%AA%D8%B9%D8%A8%D9%8A%D8%B1]
in SYSTEMPATH/Router/Router.php on line 737.
 1 SYSTEMPATH/Router/Router.php(204): CodeIgniter\Router\Router->checkDisallowedChars('ar/blog/tag/تعبير')
 2 SYSTEMPATH/CodeIgniter.php(834): CodeIgniter\Router\Router->handle('ar/blog/tag/تعبير')
 3 SYSTEMPATH/CodeIgniter.php(457): CodeIgniter\CodeIgniter->tryToRouteIt(Object(CodeIgniter\Router\RouteCollection))
 4 SYSTEMPATH/CodeIgniter.php(355): CodeIgniter\CodeIgniter->handleRequest(null, Object(Config\Cache), false)
 5 SYSTEMPATH/Boot.php(325): CodeIgniter\CodeIgniter->run()
 6 SYSTEMPATH/Boot.php(67): CodeIgniter\Boot::runCodeIgniter(Object(CodeIgniter\CodeIgniter))
 7 FCPATH/index.php(56): CodeIgniter\Boot::bootWeb(Object(Config\Paths))
CRITICAL - 2024-11-09 20:50:50 --> ErrorException: Uncaught Error: Class "Locale" not found in /home/carttalog/public_html/system/Helpers/number_helper.php:140
Stack trace:
#0 /home/carttalog/public_html/system/Helpers/number_helper.php(58): format_number(12.0, 2, NULL, Array)
#1 /home/carttalog/public_html/system/Debug/BaseExceptionHandler.php(154): number_to_size(12.0, 2)
#2 /home/carttalog/public_html/app/Views/errors/html/error_exception.php(365): CodeIgniter\Debug\BaseExceptionHandler::describeMemory(12582912)
#3 /home/carttalog/public_html/system/Debug/BaseExceptionHandler.php(266): include('/home/carttalog...')
#4 /home/carttalog/public_html/system/Debug/BaseExceptionHandler.php(269): CodeIgniter\Debug\BaseExceptionHandler->CodeIgniter\Debug\{closure}()
#5 /home/carttalog/public_html/system/Debug/ExceptionHandler.php(114): CodeIgniter\Debug\BaseExceptionHandler->render(Object(CodeIgniter\HTTP\Exceptions\BadRequestException), 400, '/home/carttalog...')
#6 /home/carttalog/public_html/system/Debug/Exceptions.php(164): CodeIgniter\Debug\ExceptionHandler->handle(Object(CodeIgniter\HTTP\Exceptions\BadRequestException), Object(CodeIgniter\HTTP\IncomingRequest), Object(CodeIgniter\HTTP\Response), 400, 1)
#7 [internal function]: CodeIgniter\Debug\Exceptions->exceptionHandler(Object(CodeIgniter\HTTP\Exceptions\BadRequestException))
#8 {main}
  thrown
【Previous Exception】
CodeIgniter\HTTP\Exceptions\BadRequestException
The URI you submitted has disallowed characters: "تعبير"
#0 /home/carttalog/public_html/system/Router/Router.php(204): CodeIgniter\Router\Router->checkDisallowedChars('ar/blog/tag/\xD8\xAA\xD8...')
#1 /home/carttalog/public_html/system/CodeIgniter.php(834): CodeIgniter\Router\Router->handle('ar/blog/tag/\xD8\xAA\xD8...')
#2 /home/carttalog/public_html/system/CodeIgniter.php(457): CodeIgniter\CodeIgniter->tryToRouteIt(Object(CodeIgniter\Router\RouteCollection))
#3 /home/carttalog/public_html/system/CodeIgniter.php(355): CodeIgniter\CodeIgniter->handleRequest(NULL, Object(Config\Cache), false)
#4 /home/carttalog/public_html/system/Boot.php(325): CodeIgniter\CodeIgniter->run()
#5 /home/carttalog/public_html/system/Boot.php(67): CodeIgniter\Boot::runCodeIgniter(Object(CodeIgniter\CodeIgniter))
#6 /home/carttalog/public_html/index.php(56): CodeIgniter\Boot::bootWeb(Object(Config\Paths))
#7 {main}
[Method: GET, Route: ar/blog/tag/%D8%AA%D8%B9%D8%A8%D9%8A%D8%B1]
in SYSTEMPATH/Helpers/number_helper.php on line 140.
 1 [internal function]: CodeIgniter\Debug\Exceptions->shutdownHandler()
INFO - 2024-11-09 20:50:56 --> Session: Class initialized using 'CodeIgniter\Session\Handlers\DatabaseHandler' driver.
CRITICAL - 2024-11-09 20:50:56 --> CodeIgniter\HTTP\Exceptions\BadRequestException: The URI you submitted has disallowed characters: "حاسمة"
[Method: GET, Route: ar/blog/tag/%D8%AD%D8%A7%D8%B3%D9%85%D8%A9]
in SYSTEMPATH/Router/Router.php on line 737.
 1 SYSTEMPATH/Router/Router.php(204): CodeIgniter\Router\Router->checkDisallowedChars('ar/blog/tag/حاسمة')
 2 SYSTEMPATH/CodeIgniter.php(834): CodeIgniter\Router\Router->handle('ar/blog/tag/حاسمة')
 3 SYSTEMPATH/CodeIgniter.php(457): CodeIgniter\CodeIgniter->tryToRouteIt(Object(CodeIgniter\Router\RouteCollection))
 4 SYSTEMPATH/CodeIgniter.php(355): CodeIgniter\CodeIgniter->handleRequest(null, Object(Config\Cache), false)
 5 SYSTEMPATH/Boot.php(325): CodeIgniter\CodeIgniter->run()
 6 SYSTEMPATH/Boot.php(67): CodeIgniter\Boot::runCodeIgniter(Object(CodeIgniter\CodeIgniter))
 7 FCPATH/index.php(56): CodeIgniter\Boot::bootWeb(Object(Config\Paths))
CRITICAL - 2024-11-09 20:50:57 --> ErrorException: Uncaught Error: Class "Locale" not found in /home/carttalog/public_html/system/Helpers/number_helper.php:140
Stack trace:
#0 /home/carttalog/public_html/system/Helpers/number_helper.php(58): format_number(12.0, 2, NULL, Array)
#1 /home/carttalog/public_html/system/Debug/BaseExceptionHandler.php(154): number_to_size(12.0, 2)
#2 /home/carttalog/public_html/app/Views/errors/html/error_exception.php(365): CodeIgniter\Debug\BaseExceptionHandler::describeMemory(12582912)
#3 /home/carttalog/public_html/system/Debug/BaseExceptionHandler.php(266): include('/home/carttalog...')
#4 /home/carttalog/public_html/system/Debug/BaseExceptionHandler.php(269): CodeIgniter\Debug\BaseExceptionHandler->CodeIgniter\Debug\{closure}()
#5 /home/carttalog/public_html/system/Debug/ExceptionHandler.php(114): CodeIgniter\Debug\BaseExceptionHandler->render(Object(CodeIgniter\HTTP\Exceptions\BadRequestException), 400, '/home/carttalog...')
#6 /home/carttalog/public_html/system/Debug/Exceptions.php(164): CodeIgniter\Debug\ExceptionHandler->handle(Object(CodeIgniter\HTTP\Exceptions\BadRequestException), Object(CodeIgniter\HTTP\IncomingRequest), Object(CodeIgniter\HTTP\Response), 400, 1)
#7 [internal function]: CodeIgniter\Debug\Exceptions->exceptionHandler(Object(CodeIgniter\HTTP\Exceptions\BadRequestException))
#8 {main}
  thrown
【Previous Exception】
CodeIgniter\HTTP\Exceptions\BadRequestException
The URI you submitted has disallowed characters: "حاسمة"
#0 /home/carttalog/public_html/system/Router/Router.php(204): CodeIgniter\Router\Router->checkDisallowedChars('ar/blog/tag/\xD8\xAD\xD8...')
#1 /home/carttalog/public_html/system/CodeIgniter.php(834): CodeIgniter\Router\Router->handle('ar/blog/tag/\xD8\xAD\xD8...')
#2 /home/carttalog/public_html/system/CodeIgniter.php(457): CodeIgniter\CodeIgniter->tryToRouteIt(Object(CodeIgniter\Router\RouteCollection))
#3 /home/carttalog/public_html/system/CodeIgniter.php(355): CodeIgniter\CodeIgniter->handleRequest(NULL, Object(Config\Cache), false)
#4 /home/carttalog/public_html/system/Boot.php(325): CodeIgniter\CodeIgniter->run()
#5 /home/carttalog/public_html/system/Boot.php(67): CodeIgniter\Boot::runCodeIgniter(Object(CodeIgniter\CodeIgniter))
#6 /home/carttalog/public_html/index.php(56): CodeIgniter\Boot::bootWeb(Object(Config\Paths))
#7 {main}
[Method: GET, Route: ar/blog/tag/%D8%AD%D8%A7%D8%B3%D9%85%D8%A9]
in SYSTEMPATH/Helpers/number_helper.php on line 140.
 1 [internal function]: CodeIgniter\Debug\Exceptions->shutdownHandler()
INFO - 2024-11-09 20:51:03 --> Session: Class initialized using 'CodeIgniter\Session\Handlers\DatabaseHandler' driver.
CRITICAL - 2024-11-09 20:51:03 --> CodeIgniter\HTTP\Exceptions\BadRequestException: The URI you submitted has disallowed characters: "للاعتقاد"
[Method: GET, Route: ar/blog/tag/%D9%84%D9%84%D8%A7%D8%B9%D8%AA%D9%82%D8%A7%D8%AF]
in SYSTEMPATH/Router/Router.php on line 737.
 1 SYSTEMPATH/Router/Router.php(204): CodeIgniter\Router\Router->checkDisallowedChars('ar/blog/tag/للاعتقاد')
 2 SYSTEMPATH/CodeIgniter.php(834): CodeIgniter\Router\Router->handle('ar/blog/tag/للاعتقاد')
 3 SYSTEMPATH/CodeIgniter.php(457): CodeIgniter\CodeIgniter->tryToRouteIt(Object(CodeIgniter\Router\RouteCollection))
 4 SYSTEMPATH/CodeIgniter.php(355): CodeIgniter\CodeIgniter->handleRequest(null, Object(Config\Cache), false)
 5 SYSTEMPATH/Boot.php(325): CodeIgniter\CodeIgniter->run()
 6 SYSTEMPATH/Boot.php(67): CodeIgniter\Boot::runCodeIgniter(Object(CodeIgniter\CodeIgniter))
 7 FCPATH/index.php(56): CodeIgniter\Boot::bootWeb(Object(Config\Paths))
CRITICAL - 2024-11-09 20:51:03 --> ErrorException: Uncaught Error: Class "Locale" not found in /home/carttalog/public_html/system/Helpers/number_helper.php:140
Stack trace:
#0 /home/carttalog/public_html/system/Helpers/number_helper.php(58): format_number(12.0, 2, NULL, Array)
#1 /home/carttalog/public_html/system/Debug/BaseExceptionHandler.php(154): number_to_size(12.0, 2)
#2 /home/carttalog/public_html/app/Views/errors/html/error_exception.php(365): CodeIgniter\Debug\BaseExceptionHandler::describeMemory(12582912)
#3 /home/carttalog/public_html/system/Debug/BaseExceptionHandler.php(266): include('/home/carttalog...')
#4 /home/carttalog/public_html/system/Debug/BaseExceptionHandler.php(269): CodeIgniter\Debug\BaseExceptionHandler->CodeIgniter\Debug\{closure}()
#5 /home/carttalog/public_html/system/Debug/ExceptionHandler.php(114): CodeIgniter\Debug\BaseExceptionHandler->render(Object(CodeIgniter\HTTP\Exceptions\BadRequestException), 400, '/home/carttalog...')
#6 /home/carttalog/public_html/system/Debug/Exceptions.php(164): CodeIgniter\Debug\ExceptionHandler->handle(Object(CodeIgniter\HTTP\Exceptions\BadRequestException), Object(CodeIgniter\HTTP\IncomingRequest), Object(CodeIgniter\HTTP\Response), 400, 1)
#7 [internal function]: CodeIgniter\Debug\Exceptions->exceptionHandler(Object(CodeIgniter\HTTP\Exceptions\BadRequestException))
#8 {main}
  thrown
【Previous Exception】
CodeIgniter\HTTP\Exceptions\BadRequestException
The URI you submitted has disallowed characters: "للاعتقاد"
#0 /home/carttalog/public_html/system/Router/Router.php(204): CodeIgniter\Router\Router->checkDisallowedChars('ar/blog/tag/\xD9\x84\xD9...')
#1 /home/carttalog/public_html/system/CodeIgniter.php(834): CodeIgniter\Router\Router->handle('ar/blog/tag/\xD9\x84\xD9...')
#2 /home/carttalog/public_html/system/CodeIgniter.php(457): CodeIgniter\CodeIgniter->tryToRouteIt(Object(CodeIgniter\Router\RouteCollection))
#3 /home/carttalog/public_html/system/CodeIgniter.php(355): CodeIgniter\CodeIgniter->handleRequest(NULL, Object(Config\Cache), false)
#4 /home/carttalog/public_html/system/Boot.php(325): CodeIgniter\CodeIgniter->run()
#5 /home/carttalog/public_html/system/Boot.php(67): CodeIgniter\Boot::runCodeIgniter(Object(CodeIgniter\CodeIgniter))
#6 /home/carttalog/public_html/index.php(56): CodeIgniter\Boot::bootWeb(Object(Config\Paths))
#7 {main}
[Method: GET, Route: ar/blog/tag/%D9%84%D9%84%D8%A7%D8%B9%D8%AA%D9%82%D8%A7%D8%AF]
in SYSTEMPATH/Helpers/number_helper.php on line 140.
 1 [internal function]: CodeIgniter\Debug\Exceptions->shutdownHandler()
INFO - 2024-11-09 20:51:10 --> Session: Class initialized using 'CodeIgniter\Session\Handlers\DatabaseHandler' driver.
CRITICAL - 2024-11-09 20:51:10 --> CodeIgniter\HTTP\Exceptions\BadRequestException: The URI you submitted has disallowed characters: "مولدات"
[Method: GET, Route: ar/blog/tag/%D9%85%D9%88%D9%84%D8%AF%D8%A7%D8%AA]
in SYSTEMPATH/Router/Router.php on line 737.
 1 SYSTEMPATH/Router/Router.php(204): CodeIgniter\Router\Router->checkDisallowedChars('ar/blog/tag/مولدات')
 2 SYSTEMPATH/CodeIgniter.php(834): CodeIgniter\Router\Router->handle('ar/blog/tag/مولدات')
 3 SYSTEMPATH/CodeIgniter.php(457): CodeIgniter\CodeIgniter->tryToRouteIt(Object(CodeIgniter\Router\RouteCollection))
 4 SYSTEMPATH/CodeIgniter.php(355): CodeIgniter\CodeIgniter->handleRequest(null, Object(Config\Cache), false)
 5 SYSTEMPATH/Boot.php(325): CodeIgniter\CodeIgniter->run()
 6 SYSTEMPATH/Boot.php(67): CodeIgniter\Boot::runCodeIgniter(Object(CodeIgniter\CodeIgniter))
 7 FCPATH/index.php(56): CodeIgniter\Boot::bootWeb(Object(Config\Paths))
CRITICAL - 2024-11-09 20:51:10 --> ErrorException: Uncaught Error: Class "Locale" not found in /home/carttalog/public_html/system/Helpers/number_helper.php:140
Stack trace:
#0 /home/carttalog/public_html/system/Helpers/number_helper.php(58): format_number(12.0, 2, NULL, Array)
#1 /home/carttalog/public_html/system/Debug/BaseExceptionHandler.php(154): number_to_size(12.0, 2)
#2 /home/carttalog/public_html/app/Views/errors/html/error_exception.php(365): CodeIgniter\Debug\BaseExceptionHandler::describeMemory(12582912)
#3 /home/carttalog/public_html/system/Debug/BaseExceptionHandler.php(266): include('/home/carttalog...')
#4 /home/carttalog/public_html/system/Debug/BaseExceptionHandler.php(269): CodeIgniter\Debug\BaseExceptionHandler->CodeIgniter\Debug\{closure}()
#5 /home/carttalog/public_html/system/Debug/ExceptionHandler.php(114): CodeIgniter\Debug\BaseExceptionHandler->render(Object(CodeIgniter\HTTP\Exceptions\BadRequestException), 400, '/home/carttalog...')
#6 /home/carttalog/public_html/system/Debug/Exceptions.php(164): CodeIgniter\Debug\ExceptionHandler->handle(Object(CodeIgniter\HTTP\Exceptions\BadRequestException), Object(CodeIgniter\HTTP\IncomingRequest), Object(CodeIgniter\HTTP\Response), 400, 1)
#7 [internal function]: CodeIgniter\Debug\Exceptions->exceptionHandler(Object(CodeIgniter\HTTP\Exceptions\BadRequestException))
#8 {main}
  thrown
【Previous Exception】
CodeIgniter\HTTP\Exceptions\BadRequestException
The URI you submitted has disallowed characters: "مولدات"
#0 /home/carttalog/public_html/system/Router/Router.php(204): CodeIgniter\Router\Router->checkDisallowedChars('ar/blog/tag/\xD9\x85\xD9...')
#1 /home/carttalog/public_html/system/CodeIgniter.php(834): CodeIgniter\Router\Router->handle('ar/blog/tag/\xD9\x85\xD9...')
#2 /home/carttalog/public_html/system/CodeIgniter.php(457): CodeIgniter\CodeIgniter->tryToRouteIt(Object(CodeIgniter\Router\RouteCollection))
#3 /home/carttalog/public_html/system/CodeIgniter.php(355): CodeIgniter\CodeIgniter->handleRequest(NULL, Object(Config\Cache), false)
#4 /home/carttalog/public_html/system/Boot.php(325): CodeIgniter\CodeIgniter->run()
#5 /home/carttalog/public_html/system/Boot.php(67): CodeIgniter\Boot::runCodeIgniter(Object(CodeIgniter\CodeIgniter))
#6 /home/carttalog/public_html/index.php(56): CodeIgniter\Boot::bootWeb(Object(Config\Paths))
#7 {main}
[Method: GET, Route: ar/blog/tag/%D9%85%D9%88%D9%84%D8%AF%D8%A7%D8%AA]
in SYSTEMPATH/Helpers/number_helper.php on line 140.
 1 [internal function]: CodeIgniter\Debug\Exceptions->shutdownHandler()
INFO - 2024-11-09 20:51:14 --> Session: Class initialized using 'CodeIgniter\Session\Handlers\DatabaseHandler' driver.
CRITICAL - 2024-11-09 20:51:14 --> CodeIgniter\HTTP\Exceptions\BadRequestException: The URI you submitted has disallowed characters: "نص"
[Method: GET, Route: ar/blog/tag/%D9%86%D8%B5]
in SYSTEMPATH/Router/Router.php on line 737.
 1 SYSTEMPATH/Router/Router.php(204): CodeIgniter\Router\Router->checkDisallowedChars('ar/blog/tag/نص')
 2 SYSTEMPATH/CodeIgniter.php(834): CodeIgniter\Router\Router->handle('ar/blog/tag/نص')
 3 SYSTEMPATH/CodeIgniter.php(457): CodeIgniter\CodeIgniter->tryToRouteIt(Object(CodeIgniter\Router\RouteCollection))
 4 SYSTEMPATH/CodeIgniter.php(355): CodeIgniter\CodeIgniter->handleRequest(null, Object(Config\Cache), false)
 5 SYSTEMPATH/Boot.php(325): CodeIgniter\CodeIgniter->run()
 6 SYSTEMPATH/Boot.php(67): CodeIgniter\Boot::runCodeIgniter(Object(CodeIgniter\CodeIgniter))
 7 FCPATH/index.php(56): CodeIgniter\Boot::bootWeb(Object(Config\Paths))
CRITICAL - 2024-11-09 20:51:14 --> ErrorException: Uncaught Error: Class "Locale" not found in /home/carttalog/public_html/system/Helpers/number_helper.php:140
Stack trace:
#0 /home/carttalog/public_html/system/Helpers/number_helper.php(58): format_number(12.0, 2, NULL, Array)
#1 /home/carttalog/public_html/system/Debug/BaseExceptionHandler.php(154): number_to_size(12.0, 2)
#2 /home/carttalog/public_html/app/Views/errors/html/error_exception.php(365): CodeIgniter\Debug\BaseExceptionHandler::describeMemory(12582912)
#3 /home/carttalog/public_html/system/Debug/BaseExceptionHandler.php(266): include('/home/carttalog...')
#4 /home/carttalog/public_html/system/Debug/BaseExceptionHandler.php(269): CodeIgniter\Debug\BaseExceptionHandler->CodeIgniter\Debug\{closure}()
#5 /home/carttalog/public_html/system/Debug/ExceptionHandler.php(114): CodeIgniter\Debug\BaseExceptionHandler->render(Object(CodeIgniter\HTTP\Exceptions\BadRequestException), 400, '/home/carttalog...')
#6 /home/carttalog/public_html/system/Debug/Exceptions.php(164): CodeIgniter\Debug\ExceptionHandler->handle(Object(CodeIgniter\HTTP\Exceptions\BadRequestException), Object(CodeIgniter\HTTP\IncomingRequest), Object(CodeIgniter\HTTP\Response), 400, 1)
#7 [internal function]: CodeIgniter\Debug\Exceptions->exceptionHandler(Object(CodeIgniter\HTTP\Exceptions\BadRequestException))
#8 {main}
  thrown
【Previous Exception】
CodeIgniter\HTTP\Exceptions\BadRequestException
The URI you submitted has disallowed characters: "نص"
#0 /home/carttalog/public_html/system/Router/Router.php(204): CodeIgniter\Router\Router->checkDisallowedChars('ar/blog/tag/\xD9\x86\xD8...')
#1 /home/carttalog/public_html/system/CodeIgniter.php(834): CodeIgniter\Router\Router->handle('ar/blog/tag/\xD9\x86\xD8...')
#2 /home/carttalog/public_html/system/CodeIgniter.php(457): CodeIgniter\CodeIgniter->tryToRouteIt(Object(CodeIgniter\Router\RouteCollection))
#3 /home/carttalog/public_html/system/CodeIgniter.php(355): CodeIgniter\CodeIgniter->handleRequest(NULL, Object(Config\Cache), false)
#4 /home/carttalog/public_html/system/Boot.php(325): CodeIgniter\CodeIgniter->run()
#5 /home/carttalog/public_html/system/Boot.php(67): CodeIgniter\Boot::runCodeIgniter(Object(CodeIgniter\CodeIgniter))
#6 /home/carttalog/public_html/index.php(56): CodeIgniter\Boot::bootWeb(Object(Config\Paths))
#7 {main}
[Method: GET, Route: ar/blog/tag/%D9%86%D8%B5]
in SYSTEMPATH/Helpers/number_helper.php on line 140.
 1 [internal function]: CodeIgniter\Debug\Exceptions->shutdownHandler()
INFO - 2024-11-09 20:51:20 --> Session: Class initialized using 'CodeIgniter\Session\Handlers\DatabaseHandler' driver.
CRITICAL - 2024-11-09 20:51:20 --> CodeIgniter\HTTP\Exceptions\BadRequestException: The URI you submitted has disallowed characters: "وإحباطهم"
[Method: GET, Route: ar/blog/tag/%D9%88%D8%A5%D8%AD%D8%A8%D8%A7%D8%B7%D9%87%D9%85]
in SYSTEMPATH/Router/Router.php on line 737.
 1 SYSTEMPATH/Router/Router.php(204): CodeIgniter\Router\Router->checkDisallowedChars('ar/blog/tag/وإحباطهم')
 2 SYSTEMPATH/CodeIgniter.php(834): CodeIgniter\Router\Router->handle('ar/blog/tag/وإحباطهم')
 3 SYSTEMPATH/CodeIgniter.php(457): CodeIgniter\CodeIgniter->tryToRouteIt(Object(CodeIgniter\Router\RouteCollection))
 4 SYSTEMPATH/CodeIgniter.php(355): CodeIgniter\CodeIgniter->handleRequest(null, Object(Config\Cache), false)
 5 SYSTEMPATH/Boot.php(325): CodeIgniter\CodeIgniter->run()
 6 SYSTEMPATH/Boot.php(67): CodeIgniter\Boot::runCodeIgniter(Object(CodeIgniter\CodeIgniter))
 7 FCPATH/index.php(56): CodeIgniter\Boot::bootWeb(Object(Config\Paths))
CRITICAL - 2024-11-09 20:51:20 --> ErrorException: Uncaught Error: Class "Locale" not found in /home/carttalog/public_html/system/Helpers/number_helper.php:140
Stack trace:
#0 /home/carttalog/public_html/system/Helpers/number_helper.php(58): format_number(12.0, 2, NULL, Array)
#1 /home/carttalog/public_html/system/Debug/BaseExceptionHandler.php(154): number_to_size(12.0, 2)
#2 /home/carttalog/public_html/app/Views/errors/html/error_exception.php(365): CodeIgniter\Debug\BaseExceptionHandler::describeMemory(12582912)
#3 /home/carttalog/public_html/system/Debug/BaseExceptionHandler.php(266): include('/home/carttalog...')
#4 /home/carttalog/public_html/system/Debug/BaseExceptionHandler.php(269): CodeIgniter\Debug\BaseExceptionHandler->CodeIgniter\Debug\{closure}()
#5 /home/carttalog/public_html/system/Debug/ExceptionHandler.php(114): CodeIgniter\Debug\BaseExceptionHandler->render(Object(CodeIgniter\HTTP\Exceptions\BadRequestException), 400, '/home/carttalog...')
#6 /home/carttalog/public_html/system/Debug/Exceptions.php(164): CodeIgniter\Debug\ExceptionHandler->handle(Object(CodeIgniter\HTTP\Exceptions\BadRequestException), Object(CodeIgniter\HTTP\IncomingRequest), Object(CodeIgniter\HTTP\Response), 400, 1)
#7 [internal function]: CodeIgniter\Debug\Exceptions->exceptionHandler(Object(CodeIgniter\HTTP\Exceptions\BadRequestException))
#8 {main}
  thrown
【Previous Exception】
CodeIgniter\HTTP\Exceptions\BadRequestException
The URI you submitted has disallowed characters: "وإحباطهم"
#0 /home/carttalog/public_html/system/Router/Router.php(204): CodeIgniter\Router\Router->checkDisallowedChars('ar/blog/tag/\xD9\x88\xD8...')
#1 /home/carttalog/public_html/system/CodeIgniter.php(834): CodeIgniter\Router\Router->handle('ar/blog/tag/\xD9\x88\xD8...')
#2 /home/carttalog/public_html/system/CodeIgniter.php(457): CodeIgniter\CodeIgniter->tryToRouteIt(Object(CodeIgniter\Router\RouteCollection))
#3 /home/carttalog/public_html/system/CodeIgniter.php(355): CodeIgniter\CodeIgniter->handleRequest(NULL, Object(Config\Cache), false)
#4 /home/carttalog/public_html/system/Boot.php(325): CodeIgniter\CodeIgniter->run()
#5 /home/carttalog/public_html/system/Boot.php(67): CodeIgniter\Boot::runCodeIgniter(Object(CodeIgniter\CodeIgniter))
#6 /home/carttalog/public_html/index.php(56): CodeIgniter\Boot::bootWeb(Object(Config\Paths))
#7 {main}
[Method: GET, Route: ar/blog/tag/%D9%88%D8%A5%D8%AD%D8%A8%D8%A7%D8%B7%D9%87%D9%85]
in SYSTEMPATH/Helpers/number_helper.php on line 140.
 1 [internal function]: CodeIgniter\Debug\Exceptions->shutdownHandler()
INFO - 2024-11-09 20:51:27 --> Session: Class initialized using 'CodeIgniter\Session\Handlers\DatabaseHandler' driver.
CRITICAL - 2024-11-09 20:51:27 --> CodeIgniter\HTTP\Exceptions\BadRequestException: The URI you submitted has disallowed characters: "والمحررين"
[Method: GET, Route: ar/blog/tag/%D9%88%D8%A7%D9%84%D9%85%D8%AD%D8%B1%D8%B1%D9%8A%D9%86]
in SYSTEMPATH/Router/Router.php on line 737.
 1 SYSTEMPATH/Router/Router.php(204): CodeIgniter\Router\Router->checkDisallowedChars('ar/blog/tag/والمحررين')
 2 SYSTEMPATH/CodeIgniter.php(834): CodeIgniter\Router\Router->handle('ar/blog/tag/والمحررين')
 3 SYSTEMPATH/CodeIgniter.php(457): CodeIgniter\CodeIgniter->tryToRouteIt(Object(CodeIgniter\Router\RouteCollection))
 4 SYSTEMPATH/CodeIgniter.php(355): CodeIgniter\CodeIgniter->handleRequest(null, Object(Config\Cache), false)
 5 SYSTEMPATH/Boot.php(325): CodeIgniter\CodeIgniter->run()
 6 SYSTEMPATH/Boot.php(67): CodeIgniter\Boot::runCodeIgniter(Object(CodeIgniter\CodeIgniter))
 7 FCPATH/index.php(56): CodeIgniter\Boot::bootWeb(Object(Config\Paths))
CRITICAL - 2024-11-09 20:51:27 --> ErrorException: Uncaught Error: Class "Locale" not found in /home/carttalog/public_html/system/Helpers/number_helper.php:140
Stack trace:
#0 /home/carttalog/public_html/system/Helpers/number_helper.php(58): format_number(12.0, 2, NULL, Array)
#1 /home/carttalog/public_html/system/Debug/BaseExceptionHandler.php(154): number_to_size(12.0, 2)
#2 /home/carttalog/public_html/app/Views/errors/html/error_exception.php(365): CodeIgniter\Debug\BaseExceptionHandler::describeMemory(12582912)
#3 /home/carttalog/public_html/system/Debug/BaseExceptionHandler.php(266): include('/home/carttalog...')
#4 /home/carttalog/public_html/system/Debug/BaseExceptionHandler.php(269): CodeIgniter\Debug\BaseExceptionHandler->CodeIgniter\Debug\{closure}()
#5 /home/carttalog/public_html/system/Debug/ExceptionHandler.php(114): CodeIgniter\Debug\BaseExceptionHandler->render(Object(CodeIgniter\HTTP\Exceptions\BadRequestException), 400, '/home/carttalog...')
#6 /home/carttalog/public_html/system/Debug/Exceptions.php(164): CodeIgniter\Debug\ExceptionHandler->handle(Object(CodeIgniter\HTTP\Exceptions\BadRequestException), Object(CodeIgniter\HTTP\IncomingRequest), Object(CodeIgniter\HTTP\Response), 400, 1)
#7 [internal function]: CodeIgniter\Debug\Exceptions->exceptionHandler(Object(CodeIgniter\HTTP\Exceptions\BadRequestException))
#8 {main}
  thrown
【Previous Exception】
CodeIgniter\HTTP\Exceptions\BadRequestException
The URI you submitted has disallowed characters: "والمحررين"
#0 /home/carttalog/public_html/system/Router/Router.php(204): CodeIgniter\Router\Router->checkDisallowedChars('ar/blog/tag/\xD9\x88\xD8...')
#1 /home/carttalog/public_html/system/CodeIgniter.php(834): CodeIgniter\Router\Router->handle('ar/blog/tag/\xD9\x88\xD8...')
#2 /home/carttalog/public_html/system/CodeIgniter.php(457): CodeIgniter\CodeIgniter->tryToRouteIt(Object(CodeIgniter\Router\RouteCollection))
#3 /home/carttalog/public_html/system/CodeIgniter.php(355): CodeIgniter\CodeIgniter->handleRequest(NULL, Object(Config\Cache), false)
#4 /home/carttalog/public_html/system/Boot.php(325): CodeIgniter\CodeIgniter->run()
#5 /home/carttalog/public_html/system/Boot.php(67): CodeIgniter\Boot::runCodeIgniter(Object(CodeIgniter\CodeIgniter))
#6 /home/carttalog/public_html/index.php(56): CodeIgniter\Boot::bootWeb(Object(Config\Paths))
#7 {main}
[Method: GET, Route: ar/blog/tag/%D9%88%D8%A7%D9%84%D9%85%D8%AD%D8%B1%D8%B1%D9%8A%D9%86]
in SYSTEMPATH/Helpers/number_helper.php on line 140.
 1 [internal function]: CodeIgniter\Debug\Exceptions->shutdownHandler()
INFO - 2024-11-09 20:51:34 --> Session: Class initialized using 'CodeIgniter\Session\Handlers\DatabaseHandler' driver.
CRITICAL - 2024-11-09 20:51:34 --> CodeIgniter\HTTP\Exceptions\BadRequestException: The URI you submitted has disallowed characters: "اعمال"
[Method: GET, Route: ar/blog/%D8%A7%D8%B9%D9%85%D8%A7%D9%84]
in SYSTEMPATH/Router/Router.php on line 737.
 1 SYSTEMPATH/Router/Router.php(204): CodeIgniter\Router\Router->checkDisallowedChars('ar/blog/اعمال')
 2 SYSTEMPATH/CodeIgniter.php(834): CodeIgniter\Router\Router->handle('ar/blog/اعمال')
 3 SYSTEMPATH/CodeIgniter.php(457): CodeIgniter\CodeIgniter->tryToRouteIt(Object(CodeIgniter\Router\RouteCollection))
 4 SYSTEMPATH/CodeIgniter.php(355): CodeIgniter\CodeIgniter->handleRequest(null, Object(Config\Cache), false)
 5 SYSTEMPATH/Boot.php(325): CodeIgniter\CodeIgniter->run()
 6 SYSTEMPATH/Boot.php(67): CodeIgniter\Boot::runCodeIgniter(Object(CodeIgniter\CodeIgniter))
 7 FCPATH/index.php(56): CodeIgniter\Boot::bootWeb(Object(Config\Paths))
CRITICAL - 2024-11-09 20:51:34 --> ErrorException: Uncaught Error: Class "Locale" not found in /home/carttalog/public_html/system/Helpers/number_helper.php:140
Stack trace:
#0 /home/carttalog/public_html/system/Helpers/number_helper.php(58): format_number(12.0, 2, NULL, Array)
#1 /home/carttalog/public_html/system/Debug/BaseExceptionHandler.php(154): number_to_size(12.0, 2)
#2 /home/carttalog/public_html/app/Views/errors/html/error_exception.php(365): CodeIgniter\Debug\BaseExceptionHandler::describeMemory(12582912)
#3 /home/carttalog/public_html/system/Debug/BaseExceptionHandler.php(266): include('/home/carttalog...')
#4 /home/carttalog/public_html/system/Debug/BaseExceptionHandler.php(269): CodeIgniter\Debug\BaseExceptionHandler->CodeIgniter\Debug\{closure}()
#5 /home/carttalog/public_html/system/Debug/ExceptionHandler.php(114): CodeIgniter\Debug\BaseExceptionHandler->render(Object(CodeIgniter\HTTP\Exceptions\BadRequestException), 400, '/home/carttalog...')
#6 /home/carttalog/public_html/system/Debug/Exceptions.php(164): CodeIgniter\Debug\ExceptionHandler->handle(Object(CodeIgniter\HTTP\Exceptions\BadRequestException), Object(CodeIgniter\HTTP\IncomingRequest), Object(CodeIgniter\HTTP\Response), 400, 1)
#7 [internal function]: CodeIgniter\Debug\Exceptions->exceptionHandler(Object(CodeIgniter\HTTP\Exceptions\BadRequestException))
#8 {main}
  thrown
【Previous Exception】
CodeIgniter\HTTP\Exceptions\BadRequestException
The URI you submitted has disallowed characters: "اعمال"
#0 /home/carttalog/public_html/system/Router/Router.php(204): CodeIgniter\Router\Router->checkDisallowedChars('ar/blog/\xD8\xA7\xD8\xB9\xD9\x85\xD8...')
#1 /home/carttalog/public_html/system/CodeIgniter.php(834): CodeIgniter\Router\Router->handle('ar/blog/\xD8\xA7\xD8\xB9\xD9\x85\xD8...')
#2 /home/carttalog/public_html/system/CodeIgniter.php(457): CodeIgniter\CodeIgniter->tryToRouteIt(Object(CodeIgniter\Router\RouteCollection))
#3 /home/carttalog/public_html/system/CodeIgniter.php(355): CodeIgniter\CodeIgniter->handleRequest(NULL, Object(Config\Cache), false)
#4 /home/carttalog/public_html/system/Boot.php(325): CodeIgniter\CodeIgniter->run()
#5 /home/carttalog/public_html/system/Boot.php(67): CodeIgniter\Boot::runCodeIgniter(Object(CodeIgniter\CodeIgniter))
#6 /home/carttalog/public_html/index.php(56): CodeIgniter\Boot::bootWeb(Object(Config\Paths))
#7 {main}
[Method: GET, Route: ar/blog/%D8%A7%D8%B9%D9%85%D8%A7%D9%84]
in SYSTEMPATH/Helpers/number_helper.php on line 140.
 1 [internal function]: CodeIgniter\Debug\Exceptions->shutdownHandler()
INFO - 2024-11-09 20:51:41 --> Session: Class initialized using 'CodeIgniter\Session\Handlers\DatabaseHandler' driver.
CRITICAL - 2024-11-09 20:51:41 --> CodeIgniter\HTTP\Exceptions\BadRequestException: The URI you submitted has disallowed characters: "اعمال"
[Method: GET, Route: ar/blog/%D8%A7%D8%B9%D9%85%D8%A7%D9%84/%D8%A7%D9%84%D8%B9%D8%AF%D9%8A%D8%AF-%D9%85%D9%86-%D8%AD%D8%B2%D9%85-%D8%A7%D9%84%D9%86%D8%B4%D8%B1-%D8%A7%D9%84%D9%85%D9%83%D8%AA%D8%A8%D9%8A]
in SYSTEMPATH/Router/Router.php on line 737.
 1 SYSTEMPATH/Router/Router.php(204): CodeIgniter\Router\Router->checkDisallowedChars('ar/blog/اعمال/العديد-من-حزم-النشر-المكتبي')
 2 SYSTEMPATH/CodeIgniter.php(834): CodeIgniter\Router\Router->handle('ar/blog/اعمال/العديد-من-حزم-النشر-المكتبي')
 3 SYSTEMPATH/CodeIgniter.php(457): CodeIgniter\CodeIgniter->tryToRouteIt(Object(CodeIgniter\Router\RouteCollection))
 4 SYSTEMPATH/CodeIgniter.php(355): CodeIgniter\CodeIgniter->handleRequest(null, Object(Config\Cache), false)
 5 SYSTEMPATH/Boot.php(325): CodeIgniter\CodeIgniter->run()
 6 SYSTEMPATH/Boot.php(67): CodeIgniter\Boot::runCodeIgniter(Object(CodeIgniter\CodeIgniter))
 7 FCPATH/index.php(56): CodeIgniter\Boot::bootWeb(Object(Config\Paths))
CRITICAL - 2024-11-09 20:51:41 --> ErrorException: Uncaught Error: Class "Locale" not found in /home/carttalog/public_html/system/Helpers/number_helper.php:140
Stack trace:
#0 /home/carttalog/public_html/system/Helpers/number_helper.php(58): format_number(12.0, 2, NULL, Array)
#1 /home/carttalog/public_html/system/Debug/BaseExceptionHandler.php(154): number_to_size(12.0, 2)
#2 /home/carttalog/public_html/app/Views/errors/html/error_exception.php(365): CodeIgniter\Debug\BaseExceptionHandler::describeMemory(12582912)
#3 /home/carttalog/public_html/system/Debug/BaseExceptionHandler.php(266): include('/home/carttalog...')
#4 /home/carttalog/public_html/system/Debug/BaseExceptionHandler.php(269): CodeIgniter\Debug\BaseExceptionHandler->CodeIgniter\Debug\{closure}()
#5 /home/carttalog/public_html/system/Debug/ExceptionHandler.php(114): CodeIgniter\Debug\BaseExceptionHandler->render(Object(CodeIgniter\HTTP\Exceptions\BadRequestException), 400, '/home/carttalog...')
#6 /home/carttalog/public_html/system/Debug/Exceptions.php(164): CodeIgniter\Debug\ExceptionHandler->handle(Object(CodeIgniter\HTTP\Exceptions\BadRequestException), Object(CodeIgniter\HTTP\IncomingRequest), Object(CodeIgniter\HTTP\Response), 400, 1)
#7 [internal function]: CodeIgniter\Debug\Exceptions->exceptionHandler(Object(CodeIgniter\HTTP\Exceptions\BadRequestException))
#8 {main}
  thrown
【Previous Exception】
CodeIgniter\HTTP\Exceptions\BadRequestException
The URI you submitted has disallowed characters: "اعمال"
#0 /home/carttalog/public_html/system/Router/Router.php(204): CodeIgniter\Router\Router->checkDisallowedChars('ar/blog/\xD8\xA7\xD8\xB9\xD9\x85\xD8...')
#1 /home/carttalog/public_html/system/CodeIgniter.php(834): CodeIgniter\Router\Router->handle('ar/blog/\xD8\xA7\xD8\xB9\xD9\x85\xD8...')
#2 /home/carttalog/public_html/system/CodeIgniter.php(457): CodeIgniter\CodeIgniter->tryToRouteIt(Object(CodeIgniter\Router\RouteCollection))
#3 /home/carttalog/public_html/system/CodeIgniter.php(355): CodeIgniter\CodeIgniter->handleRequest(NULL, Object(Config\Cache), false)
#4 /home/carttalog/public_html/system/Boot.php(325): CodeIgniter\CodeIgniter->run()
#5 /home/carttalog/public_html/system/Boot.php(67): CodeIgniter\Boot::runCodeIgniter(Object(CodeIgniter\CodeIgniter))
#6 /home/carttalog/public_html/index.php(56): CodeIgniter\Boot::bootWeb(Object(Config\Paths))
#7 {main}
[Method: GET, Route: ar/blog/%D8%A7%D8%B9%D9%85%D8%A7%D9%84/%D8%A7%D9%84%D8%B9%D8%AF%D9%8A%D8%AF-%D9%85%D9%86-%D8%AD%D8%B2%D9%85-%D8%A7%D9%84%D9%86%D8%B4%D8%B1-%D8%A7%D9%84%D9%85%D9%83%D8%AA%D8%A8%D9%8A]
in SYSTEMPATH/Helpers/number_helper.php on line 140.
 1 [internal function]: CodeIgniter\Debug\Exceptions->shutdownHandler()
INFO - 2024-11-09 20:51:46 --> Session: Class initialized using 'CodeIgniter\Session\Handlers\DatabaseHandler' driver.
CRITICAL - 2024-11-09 20:51:46 --> CodeIgniter\HTTP\Exceptions\BadRequestException: The URI you submitted has disallowed characters: "اعمال"
[Method: GET, Route: ar/blog/%D8%A7%D8%B9%D9%85%D8%A7%D9%84/%D8%AE%D9%84%D8%A7%D9%81%D8%A7-%D9%84%D9%84%D8%A7%D8%B9%D8%AA%D9%82%D8%A7%D8%AF-%D8%A7%D9%84%D8%B4%D8%A7%D8%A6%D8%B9-%D9%84%D9%8A%D8%B3-%D9%85%D8%AC%D8%B1%D8%AF-%D9%86%D8%B5-%D8%B9%D8%B4%D9%88%D8%A7%D8%A6%D9%8A]
in SYSTEMPATH/Router/Router.php on line 737.
 1 SYSTEMPATH/Router/Router.php(204): CodeIgniter\Router\Router->checkDisallowedChars('ar/blog/اعمال/خلافا-للاعتقاد-الشائع-ليس-مجرد-نص-عشوائي')
 2 SYSTEMPATH/CodeIgniter.php(834): CodeIgniter\Router\Router->handle('ar/blog/اعمال/خلافا-للاعتقاد-الشائع-ليس-مجرد-نص-عشوائي')
 3 SYSTEMPATH/CodeIgniter.php(457): CodeIgniter\CodeIgniter->tryToRouteIt(Object(CodeIgniter\Router\RouteCollection))
 4 SYSTEMPATH/CodeIgniter.php(355): CodeIgniter\CodeIgniter->handleRequest(null, Object(Config\Cache), false)
 5 SYSTEMPATH/Boot.php(325): CodeIgniter\CodeIgniter->run()
 6 SYSTEMPATH/Boot.php(67): CodeIgniter\Boot::runCodeIgniter(Object(CodeIgniter\CodeIgniter))
 7 FCPATH/index.php(56): CodeIgniter\Boot::bootWeb(Object(Config\Paths))
CRITICAL - 2024-11-09 20:51:46 --> ErrorException: Uncaught Error: Class "Locale" not found in /home/carttalog/public_html/system/Helpers/number_helper.php:140
Stack trace:
#0 /home/carttalog/public_html/system/Helpers/number_helper.php(58): format_number(12.0, 2, NULL, Array)
#1 /home/carttalog/public_html/system/Debug/BaseExceptionHandler.php(154): number_to_size(12.0, 2)
#2 /home/carttalog/public_html/app/Views/errors/html/error_exception.php(365): CodeIgniter\Debug\BaseExceptionHandler::describeMemory(12582912)
#3 /home/carttalog/public_html/system/Debug/BaseExceptionHandler.php(266): include('/home/carttalog...')
#4 /home/carttalog/public_html/system/Debug/BaseExceptionHandler.php(269): CodeIgniter\Debug\BaseExceptionHandler->CodeIgniter\Debug\{closure}()
#5 /home/carttalog/public_html/system/Debug/ExceptionHandler.php(114): CodeIgniter\Debug\BaseExceptionHandler->render(Object(CodeIgniter\HTTP\Exceptions\BadRequestException), 400, '/home/carttalog...')
#6 /home/carttalog/public_html/system/Debug/Exceptions.php(164): CodeIgniter\Debug\ExceptionHandler->handle(Object(CodeIgniter\HTTP\Exceptions\BadRequestException), Object(CodeIgniter\HTTP\IncomingRequest), Object(CodeIgniter\HTTP\Response), 400, 1)
#7 [internal function]: CodeIgniter\Debug\Exceptions->exceptionHandler(Object(CodeIgniter\HTTP\Exceptions\BadRequestException))
#8 {main}
  thrown
【Previous Exception】
CodeIgniter\HTTP\Exceptions\BadRequestException
The URI you submitted has disallowed characters: "اعمال"
#0 /home/carttalog/public_html/system/Router/Router.php(204): CodeIgniter\Router\Router->checkDisallowedChars('ar/blog/\xD8\xA7\xD8\xB9\xD9\x85\xD8...')
#1 /home/carttalog/public_html/system/CodeIgniter.php(834): CodeIgniter\Router\Router->handle('ar/blog/\xD8\xA7\xD8\xB9\xD9\x85\xD8...')
#2 /home/carttalog/public_html/system/CodeIgniter.php(457): CodeIgniter\CodeIgniter->tryToRouteIt(Object(CodeIgniter\Router\RouteCollection))
#3 /home/carttalog/public_html/system/CodeIgniter.php(355): CodeIgniter\CodeIgniter->handleRequest(NULL, Object(Config\Cache), false)
#4 /home/carttalog/public_html/system/Boot.php(325): CodeIgniter\CodeIgniter->run()
#5 /home/carttalog/public_html/system/Boot.php(67): CodeIgniter\Boot::runCodeIgniter(Object(CodeIgniter\CodeIgniter))
#6 /home/carttalog/public_html/index.php(56): CodeIgniter\Boot::bootWeb(Object(Config\Paths))
#7 {main}
[Method: GET, Route: ar/blog/%D8%A7%D8%B9%D9%85%D8%A7%D9%84/%D8%AE%D9%84%D8%A7%D9%81%D8%A7-%D9%84%D9%84%D8%A7%D8%B9%D8%AA%D9%82%D8%A7%D8%AF-%D8%A7%D9%84%D8%B4%D8%A7%D8%A6%D8%B9-%D9%84%D9%8A%D8%B3-%D9%85%D8%AC%D8%B1%D8%AF-%D9%86%D8%B5-%D8%B9%D8%B4%D9%88%D8%A7%D8%A6%D9%8A]
in SYSTEMPATH/Helpers/number_helper.php on line 140.
 1 [internal function]: CodeIgniter\Debug\Exceptions->shutdownHandler()
INFO - 2024-11-09 20:51:51 --> Session: Class initialized using 'CodeIgniter\Session\Handlers\DatabaseHandler' driver.
CRITICAL - 2024-11-09 20:51:51 --> CodeIgniter\HTTP\Exceptions\BadRequestException: The URI you submitted has disallowed characters: "اعمال"
[Method: GET, Route: ar/blog/%D8%A7%D8%B9%D9%85%D8%A7%D9%84/%D8%B8%D8%B1%D9%88%D9%81-%D9%85%D8%B9%D9%8A%D9%86%D8%A9-%D9%88%D8%A8%D8%B3%D8%A8%D8%A8-%D8%A7%D9%84%D9%85%D8%B7%D8%A7%D9%84%D8%A8%D8%A7%D8%AA]
in SYSTEMPATH/Router/Router.php on line 737.
 1 SYSTEMPATH/Router/Router.php(204): CodeIgniter\Router\Router->checkDisallowedChars('ar/blog/اعمال/ظروف-معينة-وبسبب-المطالبات')
 2 SYSTEMPATH/CodeIgniter.php(834): CodeIgniter\Router\Router->handle('ar/blog/اعمال/ظروف-معينة-وبسبب-المطالبات')
 3 SYSTEMPATH/CodeIgniter.php(457): CodeIgniter\CodeIgniter->tryToRouteIt(Object(CodeIgniter\Router\RouteCollection))
 4 SYSTEMPATH/CodeIgniter.php(355): CodeIgniter\CodeIgniter->handleRequest(null, Object(Config\Cache), false)
 5 SYSTEMPATH/Boot.php(325): CodeIgniter\CodeIgniter->run()
 6 SYSTEMPATH/Boot.php(67): CodeIgniter\Boot::runCodeIgniter(Object(CodeIgniter\CodeIgniter))
 7 FCPATH/index.php(56): CodeIgniter\Boot::bootWeb(Object(Config\Paths))
CRITICAL - 2024-11-09 20:51:51 --> ErrorException: Uncaught Error: Class "Locale" not found in /home/carttalog/public_html/system/Helpers/number_helper.php:140
Stack trace:
#0 /home/carttalog/public_html/system/Helpers/number_helper.php(58): format_number(12.0, 2, NULL, Array)
#1 /home/carttalog/public_html/system/Debug/BaseExceptionHandler.php(154): number_to_size(12.0, 2)
#2 /home/carttalog/public_html/app/Views/errors/html/error_exception.php(365): CodeIgniter\Debug\BaseExceptionHandler::describeMemory(12582912)
#3 /home/carttalog/public_html/system/Debug/BaseExceptionHandler.php(266): include('/home/carttalog...')
#4 /home/carttalog/public_html/system/Debug/BaseExceptionHandler.php(269): CodeIgniter\Debug\BaseExceptionHandler->CodeIgniter\Debug\{closure}()
#5 /home/carttalog/public_html/system/Debug/ExceptionHandler.php(114): CodeIgniter\Debug\BaseExceptionHandler->render(Object(CodeIgniter\HTTP\Exceptions\BadRequestException), 400, '/home/carttalog...')
#6 /home/carttalog/public_html/system/Debug/Exceptions.php(164): CodeIgniter\Debug\ExceptionHandler->handle(Object(CodeIgniter\HTTP\Exceptions\BadRequestException), Object(CodeIgniter\HTTP\IncomingRequest), Object(CodeIgniter\HTTP\Response), 400, 1)
#7 [internal function]: CodeIgniter\Debug\Exceptions->exceptionHandler(Object(CodeIgniter\HTTP\Exceptions\BadRequestException))
#8 {main}
  thrown
【Previous Exception】
CodeIgniter\HTTP\Exceptions\BadRequestException
The URI you submitted has disallowed characters: "اعمال"
#0 /home/carttalog/public_html/system/Router/Router.php(204): CodeIgniter\Router\Router->checkDisallowedChars('ar/blog/\xD8\xA7\xD8\xB9\xD9\x85\xD8...')
#1 /home/carttalog/public_html/system/CodeIgniter.php(834): CodeIgniter\Router\Router->handle('ar/blog/\xD8\xA7\xD8\xB9\xD9\x85\xD8...')
#2 /home/carttalog/public_html/system/CodeIgniter.php(457): CodeIgniter\CodeIgniter->tryToRouteIt(Object(CodeIgniter\Router\RouteCollection))
#3 /home/carttalog/public_html/system/CodeIgniter.php(355): CodeIgniter\CodeIgniter->handleRequest(NULL, Object(Config\Cache), false)
#4 /home/carttalog/public_html/system/Boot.php(325): CodeIgniter\CodeIgniter->run()
#5 /home/carttalog/public_html/system/Boot.php(67): CodeIgniter\Boot::runCodeIgniter(Object(CodeIgniter\CodeIgniter))
#6 /home/carttalog/public_html/index.php(56): CodeIgniter\Boot::bootWeb(Object(Config\Paths))
#7 {main}
[Method: GET, Route: ar/blog/%D8%A7%D8%B9%D9%85%D8%A7%D9%84/%D8%B8%D8%B1%D9%88%D9%81-%D9%85%D8%B9%D9%8A%D9%86%D8%A9-%D9%88%D8%A8%D8%B3%D8%A8%D8%A8-%D8%A7%D9%84%D9%85%D8%B7%D8%A7%D9%84%D8%A8%D8%A7%D8%AA]
in SYSTEMPATH/Helpers/number_helper.php on line 140.
 1 [internal function]: CodeIgniter\Debug\Exceptions->shutdownHandler()
INFO - 2024-11-09 20:51:57 --> Session: Class initialized using 'CodeIgniter\Session\Handlers\DatabaseHandler' driver.
CRITICAL - 2024-11-09 20:51:57 --> CodeIgniter\HTTP\Exceptions\BadRequestException: The URI you submitted has disallowed characters: "لايف-ستايل"
[Method: GET, Route: ar/blog/%D9%84%D8%A7%D9%8A%D9%81-%D8%B3%D8%AA%D8%A7%D9%8A%D9%84]
in SYSTEMPATH/Router/Router.php on line 737.
 1 SYSTEMPATH/Router/Router.php(204): CodeIgniter\Router\Router->checkDisallowedChars('ar/blog/لايف-ستايل')
 2 SYSTEMPATH/CodeIgniter.php(834): CodeIgniter\Router\Router->handle('ar/blog/لايف-ستايل')
 3 SYSTEMPATH/CodeIgniter.php(457): CodeIgniter\CodeIgniter->tryToRouteIt(Object(CodeIgniter\Router\RouteCollection))
 4 SYSTEMPATH/CodeIgniter.php(355): CodeIgniter\CodeIgniter->handleRequest(null, Object(Config\Cache), false)
 5 SYSTEMPATH/Boot.php(325): CodeIgniter\CodeIgniter->run()
 6 SYSTEMPATH/Boot.php(67): CodeIgniter\Boot::runCodeIgniter(Object(CodeIgniter\CodeIgniter))
 7 FCPATH/index.php(56): CodeIgniter\Boot::bootWeb(Object(Config\Paths))
CRITICAL - 2024-11-09 20:51:57 --> ErrorException: Uncaught Error: Class "Locale" not found in /home/carttalog/public_html/system/Helpers/number_helper.php:140
Stack trace:
#0 /home/carttalog/public_html/system/Helpers/number_helper.php(58): format_number(12.0, 2, NULL, Array)
#1 /home/carttalog/public_html/system/Debug/BaseExceptionHandler.php(154): number_to_size(12.0, 2)
#2 /home/carttalog/public_html/app/Views/errors/html/error_exception.php(365): CodeIgniter\Debug\BaseExceptionHandler::describeMemory(12582912)
#3 /home/carttalog/public_html/system/Debug/BaseExceptionHandler.php(266): include('/home/carttalog...')
#4 /home/carttalog/public_html/system/Debug/BaseExceptionHandler.php(269): CodeIgniter\Debug\BaseExceptionHandler->CodeIgniter\Debug\{closure}()
#5 /home/carttalog/public_html/system/Debug/ExceptionHandler.php(114): CodeIgniter\Debug\BaseExceptionHandler->render(Object(CodeIgniter\HTTP\Exceptions\BadRequestException), 400, '/home/carttalog...')
#6 /home/carttalog/public_html/system/Debug/Exceptions.php(164): CodeIgniter\Debug\ExceptionHandler->handle(Object(CodeIgniter\HTTP\Exceptions\BadRequestException), Object(CodeIgniter\HTTP\IncomingRequest), Object(CodeIgniter\HTTP\Response), 400, 1)
#7 [internal function]: CodeIgniter\Debug\Exceptions->exceptionHandler(Object(CodeIgniter\HTTP\Exceptions\BadRequestException))
#8 {main}
  thrown
【Previous Exception】
CodeIgniter\HTTP\Exceptions\BadRequestException
The URI you submitted has disallowed characters: "لايف-ستايل"
#0 /home/carttalog/public_html/system/Router/Router.php(204): CodeIgniter\Router\Router->checkDisallowedChars('ar/blog/\xD9\x84\xD8\xA7\xD9\x8A\xD9...')
#1 /home/carttalog/public_html/system/CodeIgniter.php(834): CodeIgniter\Router\Router->handle('ar/blog/\xD9\x84\xD8\xA7\xD9\x8A\xD9...')
#2 /home/carttalog/public_html/system/CodeIgniter.php(457): CodeIgniter\CodeIgniter->tryToRouteIt(Object(CodeIgniter\Router\RouteCollection))
#3 /home/carttalog/public_html/system/CodeIgniter.php(355): CodeIgniter\CodeIgniter->handleRequest(NULL, Object(Config\Cache), false)
#4 /home/carttalog/public_html/system/Boot.php(325): CodeIgniter\CodeIgniter->run()
#5 /home/carttalog/public_html/system/Boot.php(67): CodeIgniter\Boot::runCodeIgniter(Object(CodeIgniter\CodeIgniter))
#6 /home/carttalog/public_html/index.php(56): CodeIgniter\Boot::bootWeb(Object(Config\Paths))
#7 {main}
[Method: GET, Route: ar/blog/%D9%84%D8%A7%D9%8A%D9%81-%D8%B3%D8%AA%D8%A7%D9%8A%D9%84]
in SYSTEMPATH/Helpers/number_helper.php on line 140.
 1 [internal function]: CodeIgniter\Debug\Exceptions->shutdownHandler()
INFO - 2024-11-09 20:52:03 --> Session: Class initialized using 'CodeIgniter\Session\Handlers\DatabaseHandler' driver.
CRITICAL - 2024-11-09 20:52:03 --> CodeIgniter\HTTP\Exceptions\BadRequestException: The URI you submitted has disallowed characters: "لايف-ستايل"
[Method: GET, Route: ar/blog/%D9%84%D8%A7%D9%8A%D9%81-%D8%B3%D8%AA%D8%A7%D9%8A%D9%84/%D8%AA%D8%B7%D9%88%D8%B1%D8%AA-%D8%A5%D8%B5%D8%AF%D8%A7%D8%B1%D8%A7%D8%AA-%D9%85%D8%AE%D8%AA%D9%84%D9%81%D8%A9-%D8%B9%D9%84%D9%89-%D9%85%D8%B1-%D8%A7%D9%84%D8%B3%D9%86%D9%8A%D9%86]
in SYSTEMPATH/Router/Router.php on line 737.
 1 SYSTEMPATH/Router/Router.php(204): CodeIgniter\Router\Router->checkDisallowedChars('ar/blog/لايف-ستايل/تطورت-إصدارات-مختلفة-على-مر-السنين')
 2 SYSTEMPATH/CodeIgniter.php(834): CodeIgniter\Router\Router->handle('ar/blog/لايف-ستايل/تطورت-إصدارات-مختلفة-على-مر-السنين')
 3 SYSTEMPATH/CodeIgniter.php(457): CodeIgniter\CodeIgniter->tryToRouteIt(Object(CodeIgniter\Router\RouteCollection))
 4 SYSTEMPATH/CodeIgniter.php(355): CodeIgniter\CodeIgniter->handleRequest(null, Object(Config\Cache), false)
 5 SYSTEMPATH/Boot.php(325): CodeIgniter\CodeIgniter->run()
 6 SYSTEMPATH/Boot.php(67): CodeIgniter\Boot::runCodeIgniter(Object(CodeIgniter\CodeIgniter))
 7 FCPATH/index.php(56): CodeIgniter\Boot::bootWeb(Object(Config\Paths))
CRITICAL - 2024-11-09 20:52:03 --> ErrorException: Uncaught Error: Class "Locale" not found in /home/carttalog/public_html/system/Helpers/number_helper.php:140
Stack trace:
#0 /home/carttalog/public_html/system/Helpers/number_helper.php(58): format_number(12.0, 2, NULL, Array)
#1 /home/carttalog/public_html/system/Debug/BaseExceptionHandler.php(154): number_to_size(12.0, 2)
#2 /home/carttalog/public_html/app/Views/errors/html/error_exception.php(365): CodeIgniter\Debug\BaseExceptionHandler::describeMemory(12582912)
#3 /home/carttalog/public_html/system/Debug/BaseExceptionHandler.php(266): include('/home/carttalog...')
#4 /home/carttalog/public_html/system/Debug/BaseExceptionHandler.php(269): CodeIgniter\Debug\BaseExceptionHandler->CodeIgniter\Debug\{closure}()
#5 /home/carttalog/public_html/system/Debug/ExceptionHandler.php(114): CodeIgniter\Debug\BaseExceptionHandler->render(Object(CodeIgniter\HTTP\Exceptions\BadRequestException), 400, '/home/carttalog...')
#6 /home/carttalog/public_html/system/Debug/Exceptions.php(164): CodeIgniter\Debug\ExceptionHandler->handle(Object(CodeIgniter\HTTP\Exceptions\BadRequestException), Object(CodeIgniter\HTTP\IncomingRequest), Object(CodeIgniter\HTTP\Response), 400, 1)
#7 [internal function]: CodeIgniter\Debug\Exceptions->exceptionHandler(Object(CodeIgniter\HTTP\Exceptions\BadRequestException))
#8 {main}
  thrown
【Previous Exception】
CodeIgniter\HTTP\Exceptions\BadRequestException
The URI you submitted has disallowed characters: "لايف-ستايل"
#0 /home/carttalog/public_html/system/Router/Router.php(204): CodeIgniter\Router\Router->checkDisallowedChars('ar/blog/\xD9\x84\xD8\xA7\xD9\x8A\xD9...')
#1 /home/carttalog/public_html/system/CodeIgniter.php(834): CodeIgniter\Router\Router->handle('ar/blog/\xD9\x84\xD8\xA7\xD9\x8A\xD9...')
#2 /home/carttalog/public_html/system/CodeIgniter.php(457): CodeIgniter\CodeIgniter->tryToRouteIt(Object(CodeIgniter\Router\RouteCollection))
#3 /home/carttalog/public_html/system/CodeIgniter.php(355): CodeIgniter\CodeIgniter->handleRequest(NULL, Object(Config\Cache), false)
#4 /home/carttalog/public_html/system/Boot.php(325): CodeIgniter\CodeIgniter->run()
#5 /home/carttalog/public_html/system/Boot.php(67): CodeIgniter\Boot::runCodeIgniter(Object(CodeIgniter\CodeIgniter))
#6 /home/carttalog/public_html/index.php(56): CodeIgniter\Boot::bootWeb(Object(Config\Paths))
#7 {main}
[Method: GET, Route: ar/blog/%D9%84%D8%A7%D9%8A%D9%81-%D8%B3%D8%AA%D8%A7%D9%8A%D9%84/%D8%AA%D8%B7%D9%88%D8%B1%D8%AA-%D8%A5%D8%B5%D8%AF%D8%A7%D8%B1%D8%A7%D8%AA-%D9%85%D8%AE%D8%AA%D9%84%D9%81%D8%A9-%D8%B9%D9%84%D9%89-%D9%85%D8%B1-%D8%A7%D9%84%D8%B3%D9%86%D9%8A%D9%86]
in SYSTEMPATH/Helpers/number_helper.php on line 140.
 1 [internal function]: CodeIgniter\Debug\Exceptions->shutdownHandler()
INFO - 2024-11-09 20:52:04 --> Session: Class initialized using 'CodeIgniter\Session\Handlers\DatabaseHandler' driver.
INFO - 2024-11-09 20:52:08 --> Session: Class initialized using 'CodeIgniter\Session\Handlers\DatabaseHandler' driver.
CRITICAL - 2024-11-09 20:52:08 --> CodeIgniter\HTTP\Exceptions\BadRequestException: The URI you submitted has disallowed characters: "لايف-ستايل"
[Method: GET, Route: ar/blog/%D9%84%D8%A7%D9%8A%D9%81-%D8%B3%D8%AA%D8%A7%D9%8A%D9%84/%D9%87%D9%86%D8%A7%D9%83-%D8%A7%D9%84%D8%B9%D8%AF%D9%8A%D8%AF-%D9%85%D9%86-%D8%A7%D9%84%D8%A7%D8%AE%D8%AA%D9%84%D8%A7%D9%81%D8%A7%D8%AA-%D9%81%D9%8A-%D8%A7%D9%84%D9%81%D9%82%D8%B1%D8%A7%D8%AA]
in SYSTEMPATH/Router/Router.php on line 737.
 1 SYSTEMPATH/Router/Router.php(204): CodeIgniter\Router\Router->checkDisallowedChars('ar/blog/لايف-ستايل/هناك-العديد-من-الاختلافات-في-الفقرات')
 2 SYSTEMPATH/CodeIgniter.php(834): CodeIgniter\Router\Router->handle('ar/blog/لايف-ستايل/هناك-العديد-من-الاختلافات-في-الفقرات')
 3 SYSTEMPATH/CodeIgniter.php(457): CodeIgniter\CodeIgniter->tryToRouteIt(Object(CodeIgniter\Router\RouteCollection))
 4 SYSTEMPATH/CodeIgniter.php(355): CodeIgniter\CodeIgniter->handleRequest(null, Object(Config\Cache), false)
 5 SYSTEMPATH/Boot.php(325): CodeIgniter\CodeIgniter->run()
 6 SYSTEMPATH/Boot.php(67): CodeIgniter\Boot::runCodeIgniter(Object(CodeIgniter\CodeIgniter))
 7 FCPATH/index.php(56): CodeIgniter\Boot::bootWeb(Object(Config\Paths))
CRITICAL - 2024-11-09 20:52:08 --> ErrorException: Uncaught Error: Class "Locale" not found in /home/carttalog/public_html/system/Helpers/number_helper.php:140
Stack trace:
#0 /home/carttalog/public_html/system/Helpers/number_helper.php(58): format_number(12.0, 2, NULL, Array)
#1 /home/carttalog/public_html/system/Debug/BaseExceptionHandler.php(154): number_to_size(12.0, 2)
#2 /home/carttalog/public_html/app/Views/errors/html/error_exception.php(365): CodeIgniter\Debug\BaseExceptionHandler::describeMemory(12582912)
#3 /home/carttalog/public_html/system/Debug/BaseExceptionHandler.php(266): include('/home/carttalog...')
#4 /home/carttalog/public_html/system/Debug/BaseExceptionHandler.php(269): CodeIgniter\Debug\BaseExceptionHandler->CodeIgniter\Debug\{closure}()
#5 /home/carttalog/public_html/system/Debug/ExceptionHandler.php(114): CodeIgniter\Debug\BaseExceptionHandler->render(Object(CodeIgniter\HTTP\Exceptions\BadRequestException), 400, '/home/carttalog...')
#6 /home/carttalog/public_html/system/Debug/Exceptions.php(164): CodeIgniter\Debug\ExceptionHandler->handle(Object(CodeIgniter\HTTP\Exceptions\BadRequestException), Object(CodeIgniter\HTTP\IncomingRequest), Object(CodeIgniter\HTTP\Response), 400, 1)
#7 [internal function]: CodeIgniter\Debug\Exceptions->exceptionHandler(Object(CodeIgniter\HTTP\Exceptions\BadRequestException))
#8 {main}
  thrown
【Previous Exception】
CodeIgniter\HTTP\Exceptions\BadRequestException
The URI you submitted has disallowed characters: "لايف-ستايل"
#0 /home/carttalog/public_html/system/Router/Router.php(204): CodeIgniter\Router\Router->checkDisallowedChars('ar/blog/\xD9\x84\xD8\xA7\xD9\x8A\xD9...')
#1 /home/carttalog/public_html/system/CodeIgniter.php(834): CodeIgniter\Router\Router->handle('ar/blog/\xD9\x84\xD8\xA7\xD9\x8A\xD9...')
#2 /home/carttalog/public_html/system/CodeIgniter.php(457): CodeIgniter\CodeIgniter->tryToRouteIt(Object(CodeIgniter\Router\RouteCollection))
#3 /home/carttalog/public_html/system/CodeIgniter.php(355): CodeIgniter\CodeIgniter->handleRequest(NULL, Object(Config\Cache), false)
#4 /home/carttalog/public_html/system/Boot.php(325): CodeIgniter\CodeIgniter->run()
#5 /home/carttalog/public_html/system/Boot.php(67): CodeIgniter\Boot::runCodeIgniter(Object(CodeIgniter\CodeIgniter))
#6 /home/carttalog/public_html/index.php(56): CodeIgniter\Boot::bootWeb(Object(Config\Paths))
#7 {main}
[Method: GET, Route: ar/blog/%D9%84%D8%A7%D9%8A%D9%81-%D8%B3%D8%AA%D8%A7%D9%8A%D9%84/%D9%87%D9%86%D8%A7%D9%83-%D8%A7%D9%84%D8%B9%D8%AF%D9%8A%D8%AF-%D9%85%D9%86-%D8%A7%D9%84%D8%A7%D8%AE%D8%AA%D9%84%D8%A7%D9%81%D8%A7%D8%AA-%D9%81%D9%8A-%D8%A7%D9%84%D9%81%D9%82%D8%B1%D8%A7%D8%AA]
in SYSTEMPATH/Helpers/number_helper.php on line 140.
 1 [internal function]: CodeIgniter\Debug\Exceptions->shutdownHandler()
INFO - 2024-11-09 20:52:12 --> Session: Class initialized using 'CodeIgniter\Session\Handlers\DatabaseHandler' driver.
CRITICAL - 2024-11-09 20:52:12 --> CodeIgniter\HTTP\Exceptions\BadRequestException: The URI you submitted has disallowed characters: "موضه"
[Method: GET, Route: ar/blog/%D9%85%D9%88%D8%B6%D9%87]
in SYSTEMPATH/Router/Router.php on line 737.
 1 SYSTEMPATH/Router/Router.php(204): CodeIgniter\Router\Router->checkDisallowedChars('ar/blog/موضه')
 2 SYSTEMPATH/CodeIgniter.php(834): CodeIgniter\Router\Router->handle('ar/blog/موضه')
 3 SYSTEMPATH/CodeIgniter.php(457): CodeIgniter\CodeIgniter->tryToRouteIt(Object(CodeIgniter\Router\RouteCollection))
 4 SYSTEMPATH/CodeIgniter.php(355): CodeIgniter\CodeIgniter->handleRequest(null, Object(Config\Cache), false)
 5 SYSTEMPATH/Boot.php(325): CodeIgniter\CodeIgniter->run()
 6 SYSTEMPATH/Boot.php(67): CodeIgniter\Boot::runCodeIgniter(Object(CodeIgniter\CodeIgniter))
 7 FCPATH/index.php(56): CodeIgniter\Boot::bootWeb(Object(Config\Paths))
CRITICAL - 2024-11-09 20:52:12 --> ErrorException: Uncaught Error: Class "Locale" not found in /home/carttalog/public_html/system/Helpers/number_helper.php:140
Stack trace:
#0 /home/carttalog/public_html/system/Helpers/number_helper.php(58): format_number(12.0, 2, NULL, Array)
#1 /home/carttalog/public_html/system/Debug/BaseExceptionHandler.php(154): number_to_size(12.0, 2)
#2 /home/carttalog/public_html/app/Views/errors/html/error_exception.php(365): CodeIgniter\Debug\BaseExceptionHandler::describeMemory(12582912)
#3 /home/carttalog/public_html/system/Debug/BaseExceptionHandler.php(266): include('/home/carttalog...')
#4 /home/carttalog/public_html/system/Debug/BaseExceptionHandler.php(269): CodeIgniter\Debug\BaseExceptionHandler->CodeIgniter\Debug\{closure}()
#5 /home/carttalog/public_html/system/Debug/ExceptionHandler.php(114): CodeIgniter\Debug\BaseExceptionHandler->render(Object(CodeIgniter\HTTP\Exceptions\BadRequestException), 400, '/home/carttalog...')
#6 /home/carttalog/public_html/system/Debug/Exceptions.php(164): CodeIgniter\Debug\ExceptionHandler->handle(Object(CodeIgniter\HTTP\Exceptions\BadRequestException), Object(CodeIgniter\HTTP\IncomingRequest), Object(CodeIgniter\HTTP\Response), 400, 1)
#7 [internal function]: CodeIgniter\Debug\Exceptions->exceptionHandler(Object(CodeIgniter\HTTP\Exceptions\BadRequestException))
#8 {main}
  thrown
【Previous Exception】
CodeIgniter\HTTP\Exceptions\BadRequestException
The URI you submitted has disallowed characters: "موضه"
#0 /home/carttalog/public_html/system/Router/Router.php(204): CodeIgniter\Router\Router->checkDisallowedChars('ar/blog/\xD9\x85\xD9\x88\xD8\xB6\xD9...')
#1 /home/carttalog/public_html/system/CodeIgniter.php(834): CodeIgniter\Router\Router->handle('ar/blog/\xD9\x85\xD9\x88\xD8\xB6\xD9...')
#2 /home/carttalog/public_html/system/CodeIgniter.php(457): CodeIgniter\CodeIgniter->tryToRouteIt(Object(CodeIgniter\Router\RouteCollection))
#3 /home/carttalog/public_html/system/CodeIgniter.php(355): CodeIgniter\CodeIgniter->handleRequest(NULL, Object(Config\Cache), false)
#4 /home/carttalog/public_html/system/Boot.php(325): CodeIgniter\CodeIgniter->run()
#5 /home/carttalog/public_html/system/Boot.php(67): CodeIgniter\Boot::runCodeIgniter(Object(CodeIgniter\CodeIgniter))
#6 /home/carttalog/public_html/index.php(56): CodeIgniter\Boot::bootWeb(Object(Config\Paths))
#7 {main}
[Method: GET, Route: ar/blog/%D9%85%D9%88%D8%B6%D9%87]
in SYSTEMPATH/Helpers/number_helper.php on line 140.
 1 [internal function]: CodeIgniter\Debug\Exceptions->shutdownHandler()
INFO - 2024-11-09 20:52:16 --> Session: Class initialized using 'CodeIgniter\Session\Handlers\DatabaseHandler' driver.
CRITICAL - 2024-11-09 20:52:16 --> CodeIgniter\HTTP\Exceptions\BadRequestException: The URI you submitted has disallowed characters: "موضه"
[Method: GET, Route: ar/blog/%D9%85%D9%88%D8%B6%D9%87/%D8%AA%D8%B6%D9%8A%D8%B9-%D9%84%D9%85%D8%A7%D8%B0%D8%A7-%D9%86%D8%B5%D9%81-%D9%82%D8%AF-%D8%A7%D9%82%D8%AA%D8%B1%D8%A8%D8%AA]
in SYSTEMPATH/Router/Router.php on line 737.
 1 SYSTEMPATH/Router/Router.php(204): CodeIgniter\Router\Router->checkDisallowedChars('ar/blog/موضه/تضيع-لماذا-نصف-قد-اقتربت')
 2 SYSTEMPATH/CodeIgniter.php(834): CodeIgniter\Router\Router->handle('ar/blog/موضه/تضيع-لماذا-نصف-قد-اقتربت')
 3 SYSTEMPATH/CodeIgniter.php(457): CodeIgniter\CodeIgniter->tryToRouteIt(Object(CodeIgniter\Router\RouteCollection))
 4 SYSTEMPATH/CodeIgniter.php(355): CodeIgniter\CodeIgniter->handleRequest(null, Object(Config\Cache), false)
 5 SYSTEMPATH/Boot.php(325): CodeIgniter\CodeIgniter->run()
 6 SYSTEMPATH/Boot.php(67): CodeIgniter\Boot::runCodeIgniter(Object(CodeIgniter\CodeIgniter))
 7 FCPATH/index.php(56): CodeIgniter\Boot::bootWeb(Object(Config\Paths))
CRITICAL - 2024-11-09 20:52:16 --> ErrorException: Uncaught Error: Class "Locale" not found in /home/carttalog/public_html/system/Helpers/number_helper.php:140
Stack trace:
#0 /home/carttalog/public_html/system/Helpers/number_helper.php(58): format_number(12.0, 2, NULL, Array)
#1 /home/carttalog/public_html/system/Debug/BaseExceptionHandler.php(154): number_to_size(12.0, 2)
#2 /home/carttalog/public_html/app/Views/errors/html/error_exception.php(365): CodeIgniter\Debug\BaseExceptionHandler::describeMemory(12582912)
#3 /home/carttalog/public_html/system/Debug/BaseExceptionHandler.php(266): include('/home/carttalog...')
#4 /home/carttalog/public_html/system/Debug/BaseExceptionHandler.php(269): CodeIgniter\Debug\BaseExceptionHandler->CodeIgniter\Debug\{closure}()
#5 /home/carttalog/public_html/system/Debug/ExceptionHandler.php(114): CodeIgniter\Debug\BaseExceptionHandler->render(Object(CodeIgniter\HTTP\Exceptions\BadRequestException), 400, '/home/carttalog...')
#6 /home/carttalog/public_html/system/Debug/Exceptions.php(164): CodeIgniter\Debug\ExceptionHandler->handle(Object(CodeIgniter\HTTP\Exceptions\BadRequestException), Object(CodeIgniter\HTTP\IncomingRequest), Object(CodeIgniter\HTTP\Response), 400, 1)
#7 [internal function]: CodeIgniter\Debug\Exceptions->exceptionHandler(Object(CodeIgniter\HTTP\Exceptions\BadRequestException))
#8 {main}
  thrown
【Previous Exception】
CodeIgniter\HTTP\Exceptions\BadRequestException
The URI you submitted has disallowed characters: "موضه"
#0 /home/carttalog/public_html/system/Router/Router.php(204): CodeIgniter\Router\Router->checkDisallowedChars('ar/blog/\xD9\x85\xD9\x88\xD8\xB6\xD9...')
#1 /home/carttalog/public_html/system/CodeIgniter.php(834): CodeIgniter\Router\Router->handle('ar/blog/\xD9\x85\xD9\x88\xD8\xB6\xD9...')
#2 /home/carttalog/public_html/system/CodeIgniter.php(457): CodeIgniter\CodeIgniter->tryToRouteIt(Object(CodeIgniter\Router\RouteCollection))
#3 /home/carttalog/public_html/system/CodeIgniter.php(355): CodeIgniter\CodeIgniter->handleRequest(NULL, Object(Config\Cache), false)
#4 /home/carttalog/public_html/system/Boot.php(325): CodeIgniter\CodeIgniter->run()
#5 /home/carttalog/public_html/system/Boot.php(67): CodeIgniter\Boot::runCodeIgniter(Object(CodeIgniter\CodeIgniter))
#6 /home/carttalog/public_html/index.php(56): CodeIgniter\Boot::bootWeb(Object(Config\Paths))
#7 {main}
[Method: GET, Route: ar/blog/%D9%85%D9%88%D8%B6%D9%87/%D8%AA%D8%B6%D9%8A%D8%B9-%D9%84%D9%85%D8%A7%D8%B0%D8%A7-%D9%86%D8%B5%D9%81-%D9%82%D8%AF-%D8%A7%D9%82%D8%AA%D8%B1%D8%A8%D8%AA]
in SYSTEMPATH/Helpers/number_helper.php on line 140.
 1 [internal function]: CodeIgniter\Debug\Exceptions->shutdownHandler()
INFO - 2024-11-09 20:52:23 --> Session: Class initialized using 'CodeIgniter\Session\Handlers\DatabaseHandler' driver.
CRITICAL - 2024-11-09 20:52:23 --> CodeIgniter\HTTP\Exceptions\BadRequestException: The URI you submitted has disallowed characters: "موضه"
[Method: GET, Route: ar/blog/%D9%85%D9%88%D8%B6%D9%87/%D8%AC%D9%85%D9%8A%D8%B9-%D8%A7%D9%84%D9%85%D9%88%D9%84%D8%AF%D8%A7%D8%AA-%D8%B9%D9%84%D9%89-%D8%A7%D9%84%D8%A5%D9%86%D8%AA%D8%B1%D9%86%D8%AA]
in SYSTEMPATH/Router/Router.php on line 737.
 1 SYSTEMPATH/Router/Router.php(204): CodeIgniter\Router\Router->checkDisallowedChars('ar/blog/موضه/جميع-المولدات-على-الإنترنت')
 2 SYSTEMPATH/CodeIgniter.php(834): CodeIgniter\Router\Router->handle('ar/blog/موضه/جميع-المولدات-على-الإنترنت')
 3 SYSTEMPATH/CodeIgniter.php(457): CodeIgniter\CodeIgniter->tryToRouteIt(Object(CodeIgniter\Router\RouteCollection))
 4 SYSTEMPATH/CodeIgniter.php(355): CodeIgniter\CodeIgniter->handleRequest(null, Object(Config\Cache), false)
 5 SYSTEMPATH/Boot.php(325): CodeIgniter\CodeIgniter->run()
 6 SYSTEMPATH/Boot.php(67): CodeIgniter\Boot::runCodeIgniter(Object(CodeIgniter\CodeIgniter))
 7 FCPATH/index.php(56): CodeIgniter\Boot::bootWeb(Object(Config\Paths))
CRITICAL - 2024-11-09 20:52:23 --> ErrorException: Uncaught Error: Class "Locale" not found in /home/carttalog/public_html/system/Helpers/number_helper.php:140
Stack trace:
#0 /home/carttalog/public_html/system/Helpers/number_helper.php(58): format_number(12.0, 2, NULL, Array)
#1 /home/carttalog/public_html/system/Debug/BaseExceptionHandler.php(154): number_to_size(12.0, 2)
#2 /home/carttalog/public_html/app/Views/errors/html/error_exception.php(365): CodeIgniter\Debug\BaseExceptionHandler::describeMemory(12582912)
#3 /home/carttalog/public_html/system/Debug/BaseExceptionHandler.php(266): include('/home/carttalog...')
#4 /home/carttalog/public_html/system/Debug/BaseExceptionHandler.php(269): CodeIgniter\Debug\BaseExceptionHandler->CodeIgniter\Debug\{closure}()
#5 /home/carttalog/public_html/system/Debug/ExceptionHandler.php(114): CodeIgniter\Debug\BaseExceptionHandler->render(Object(CodeIgniter\HTTP\Exceptions\BadRequestException), 400, '/home/carttalog...')
#6 /home/carttalog/public_html/system/Debug/Exceptions.php(164): CodeIgniter\Debug\ExceptionHandler->handle(Object(CodeIgniter\HTTP\Exceptions\BadRequestException), Object(CodeIgniter\HTTP\IncomingRequest), Object(CodeIgniter\HTTP\Response), 400, 1)
#7 [internal function]: CodeIgniter\Debug\Exceptions->exceptionHandler(Object(CodeIgniter\HTTP\Exceptions\BadRequestException))
#8 {main}
  thrown
【Previous Exception】
CodeIgniter\HTTP\Exceptions\BadRequestException
The URI you submitted has disallowed characters: "موضه"
#0 /home/carttalog/public_html/system/Router/Router.php(204): CodeIgniter\Router\Router->checkDisallowedChars('ar/blog/\xD9\x85\xD9\x88\xD8\xB6\xD9...')
#1 /home/carttalog/public_html/system/CodeIgniter.php(834): CodeIgniter\Router\Router->handle('ar/blog/\xD9\x85\xD9\x88\xD8\xB6\xD9...')
#2 /home/carttalog/public_html/system/CodeIgniter.php(457): CodeIgniter\CodeIgniter->tryToRouteIt(Object(CodeIgniter\Router\RouteCollection))
#3 /home/carttalog/public_html/system/CodeIgniter.php(355): CodeIgniter\CodeIgniter->handleRequest(NULL, Object(Config\Cache), false)
#4 /home/carttalog/public_html/system/Boot.php(325): CodeIgniter\CodeIgniter->run()
#5 /home/carttalog/public_html/system/Boot.php(67): CodeIgniter\Boot::runCodeIgniter(Object(CodeIgniter\CodeIgniter))
#6 /home/carttalog/public_html/index.php(56): CodeIgniter\Boot::bootWeb(Object(Config\Paths))
#7 {main}
[Method: GET, Route: ar/blog/%D9%85%D9%88%D8%B6%D9%87/%D8%AC%D9%85%D9%8A%D8%B9-%D8%A7%D9%84%D9%85%D9%88%D9%84%D8%AF%D8%A7%D8%AA-%D8%B9%D9%84%D9%89-%D8%A7%D9%84%D8%A5%D9%86%D8%AA%D8%B1%D9%86%D8%AA]
in SYSTEMPATH/Helpers/number_helper.php on line 140.
 1 [internal function]: CodeIgniter\Debug\Exceptions->shutdownHandler()
INFO - 2024-11-09 20:52:30 --> Session: Class initialized using 'CodeIgniter\Session\Handlers\DatabaseHandler' driver.
CRITICAL - 2024-11-09 20:52:30 --> CodeIgniter\HTTP\Exceptions\BadRequestException: The URI you submitted has disallowed characters: "موضه"
[Method: GET, Route: ar/blog/%D9%85%D9%88%D8%B6%D9%87/%D9%85%D8%B2%D8%A7%D9%8A%D8%A7-%D8%AD%D8%A7%D8%B3%D9%85%D8%A9-%D9%88%D9%84%D8%A7-%D8%AA%D8%B9%D8%A8%D9%8A%D8%B1]
in SYSTEMPATH/Router/Router.php on line 737.
 1 SYSTEMPATH/Router/Router.php(204): CodeIgniter\Router\Router->checkDisallowedChars('ar/blog/موضه/مزايا-حاسمة-ولا-تعبير')
 2 SYSTEMPATH/CodeIgniter.php(834): CodeIgniter\Router\Router->handle('ar/blog/موضه/مزايا-حاسمة-ولا-تعبير')
 3 SYSTEMPATH/CodeIgniter.php(457): CodeIgniter\CodeIgniter->tryToRouteIt(Object(CodeIgniter\Router\RouteCollection))
 4 SYSTEMPATH/CodeIgniter.php(355): CodeIgniter\CodeIgniter->handleRequest(null, Object(Config\Cache), false)
 5 SYSTEMPATH/Boot.php(325): CodeIgniter\CodeIgniter->run()
 6 SYSTEMPATH/Boot.php(67): CodeIgniter\Boot::runCodeIgniter(Object(CodeIgniter\CodeIgniter))
 7 FCPATH/index.php(56): CodeIgniter\Boot::bootWeb(Object(Config\Paths))
CRITICAL - 2024-11-09 20:52:30 --> ErrorException: Uncaught Error: Class "Locale" not found in /home/carttalog/public_html/system/Helpers/number_helper.php:140
Stack trace:
#0 /home/carttalog/public_html/system/Helpers/number_helper.php(58): format_number(12.0, 2, NULL, Array)
#1 /home/carttalog/public_html/system/Debug/BaseExceptionHandler.php(154): number_to_size(12.0, 2)
#2 /home/carttalog/public_html/app/Views/errors/html/error_exception.php(365): CodeIgniter\Debug\BaseExceptionHandler::describeMemory(12582912)
#3 /home/carttalog/public_html/system/Debug/BaseExceptionHandler.php(266): include('/home/carttalog...')
#4 /home/carttalog/public_html/system/Debug/BaseExceptionHandler.php(269): CodeIgniter\Debug\BaseExceptionHandler->CodeIgniter\Debug\{closure}()
#5 /home/carttalog/public_html/system/Debug/ExceptionHandler.php(114): CodeIgniter\Debug\BaseExceptionHandler->render(Object(CodeIgniter\HTTP\Exceptions\BadRequestException), 400, '/home/carttalog...')
#6 /home/carttalog/public_html/system/Debug/Exceptions.php(164): CodeIgniter\Debug\ExceptionHandler->handle(Object(CodeIgniter\HTTP\Exceptions\BadRequestException), Object(CodeIgniter\HTTP\IncomingRequest), Object(CodeIgniter\HTTP\Response), 400, 1)
#7 [internal function]: CodeIgniter\Debug\Exceptions->exceptionHandler(Object(CodeIgniter\HTTP\Exceptions\BadRequestException))
#8 {main}
  thrown
【Previous Exception】
CodeIgniter\HTTP\Exceptions\BadRequestException
The URI you submitted has disallowed characters: "موضه"
#0 /home/carttalog/public_html/system/Router/Router.php(204): CodeIgniter\Router\Router->checkDisallowedChars('ar/blog/\xD9\x85\xD9\x88\xD8\xB6\xD9...')
#1 /home/carttalog/public_html/system/CodeIgniter.php(834): CodeIgniter\Router\Router->handle('ar/blog/\xD9\x85\xD9\x88\xD8\xB6\xD9...')
#2 /home/carttalog/public_html/system/CodeIgniter.php(457): CodeIgniter\CodeIgniter->tryToRouteIt(Object(CodeIgniter\Router\RouteCollection))
#3 /home/carttalog/public_html/system/CodeIgniter.php(355): CodeIgniter\CodeIgniter->handleRequest(NULL, Object(Config\Cache), false)
#4 /home/carttalog/public_html/system/Boot.php(325): CodeIgniter\CodeIgniter->run()
#5 /home/carttalog/public_html/system/Boot.php(67): CodeIgniter\Boot::runCodeIgniter(Object(CodeIgniter\CodeIgniter))
#6 /home/carttalog/public_html/index.php(56): CodeIgniter\Boot::bootWeb(Object(Config\Paths))
#7 {main}
[Method: GET, Route: ar/blog/%D9%85%D9%88%D8%B6%D9%87/%D9%85%D8%B2%D8%A7%D9%8A%D8%A7-%D8%AD%D8%A7%D8%B3%D9%85%D8%A9-%D9%88%D9%84%D8%A7-%D8%AA%D8%B9%D8%A8%D9%8A%D8%B1]
in SYSTEMPATH/Helpers/number_helper.php on line 140.
 1 [internal function]: CodeIgniter\Debug\Exceptions->shutdownHandler()
INFO - 2024-11-09 20:52:34 --> Session: Class initialized using 'CodeIgniter\Session\Handlers\DatabaseHandler' driver.
CRITICAL - 2024-11-09 20:52:34 --> CodeIgniter\HTTP\Exceptions\BadRequestException: The URI you submitted has disallowed characters: "حساب"
[Method: GET, Route: ar/help-center/%D8%AD%D8%B3%D8%A7%D8%A8]
in SYSTEMPATH/Router/Router.php on line 737.
 1 SYSTEMPATH/Router/Router.php(204): CodeIgniter\Router\Router->checkDisallowedChars('ar/help-center/حساب')
 2 SYSTEMPATH/CodeIgniter.php(834): CodeIgniter\Router\Router->handle('ar/help-center/حساب')
 3 SYSTEMPATH/CodeIgniter.php(457): CodeIgniter\CodeIgniter->tryToRouteIt(Object(CodeIgniter\Router\RouteCollection))
 4 SYSTEMPATH/CodeIgniter.php(355): CodeIgniter\CodeIgniter->handleRequest(null, Object(Config\Cache), false)
 5 SYSTEMPATH/Boot.php(325): CodeIgniter\CodeIgniter->run()
 6 SYSTEMPATH/Boot.php(67): CodeIgniter\Boot::runCodeIgniter(Object(CodeIgniter\CodeIgniter))
 7 FCPATH/index.php(56): CodeIgniter\Boot::bootWeb(Object(Config\Paths))
CRITICAL - 2024-11-09 20:52:34 --> ErrorException: Uncaught Error: Class "Locale" not found in /home/carttalog/public_html/system/Helpers/number_helper.php:140
Stack trace:
#0 /home/carttalog/public_html/system/Helpers/number_helper.php(58): format_number(12.0, 2, NULL, Array)
#1 /home/carttalog/public_html/system/Debug/BaseExceptionHandler.php(154): number_to_size(12.0, 2)
#2 /home/carttalog/public_html/app/Views/errors/html/error_exception.php(365): CodeIgniter\Debug\BaseExceptionHandler::describeMemory(12582912)
#3 /home/carttalog/public_html/system/Debug/BaseExceptionHandler.php(266): include('/home/carttalog...')
#4 /home/carttalog/public_html/system/Debug/BaseExceptionHandler.php(269): CodeIgniter\Debug\BaseExceptionHandler->CodeIgniter\Debug\{closure}()
#5 /home/carttalog/public_html/system/Debug/ExceptionHandler.php(114): CodeIgniter\Debug\BaseExceptionHandler->render(Object(CodeIgniter\HTTP\Exceptions\BadRequestException), 400, '/home/carttalog...')
#6 /home/carttalog/public_html/system/Debug/Exceptions.php(164): CodeIgniter\Debug\ExceptionHandler->handle(Object(CodeIgniter\HTTP\Exceptions\BadRequestException), Object(CodeIgniter\HTTP\IncomingRequest), Object(CodeIgniter\HTTP\Response), 400, 1)
#7 [internal function]: CodeIgniter\Debug\Exceptions->exceptionHandler(Object(CodeIgniter\HTTP\Exceptions\BadRequestException))
#8 {main}
  thrown
【Previous Exception】
CodeIgniter\HTTP\Exceptions\BadRequestException
The URI you submitted has disallowed characters: "حساب"
#0 /home/carttalog/public_html/system/Router/Router.php(204): CodeIgniter\Router\Router->checkDisallowedChars('ar/help-center/...')
#1 /home/carttalog/public_html/system/CodeIgniter.php(834): CodeIgniter\Router\Router->handle('ar/help-center/...')
#2 /home/carttalog/public_html/system/CodeIgniter.php(457): CodeIgniter\CodeIgniter->tryToRouteIt(Object(CodeIgniter\Router\RouteCollection))
#3 /home/carttalog/public_html/system/CodeIgniter.php(355): CodeIgniter\CodeIgniter->handleRequest(NULL, Object(Config\Cache), false)
#4 /home/carttalog/public_html/system/Boot.php(325): CodeIgniter\CodeIgniter->run()
#5 /home/carttalog/public_html/system/Boot.php(67): CodeIgniter\Boot::runCodeIgniter(Object(CodeIgniter\CodeIgniter))
#6 /home/carttalog/public_html/index.php(56): CodeIgniter\Boot::bootWeb(Object(Config\Paths))
#7 {main}
[Method: GET, Route: ar/help-center/%D8%AD%D8%B3%D8%A7%D8%A8]
in SYSTEMPATH/Helpers/number_helper.php on line 140.
 1 [internal function]: CodeIgniter\Debug\Exceptions->shutdownHandler()
INFO - 2024-11-09 20:52:38 --> Session: Class initialized using 'CodeIgniter\Session\Handlers\DatabaseHandler' driver.
CRITICAL - 2024-11-09 20:52:38 --> CodeIgniter\HTTP\Exceptions\BadRequestException: The URI you submitted has disallowed characters: "حساب"
[Method: GET, Route: ar/help-center/%D8%AD%D8%B3%D8%A7%D8%A8/%D9%83%D9%8A%D9%81-%D8%AA%D8%BA%D9%8A%D8%B1-%D9%83%D9%84%D9%85%D8%A9-%D8%A7%D9%84%D8%B3%D8%B1-%D8%A7%D9%84%D8%AE%D8%A7%D8%B5%D8%A9-%D8%A8%D9%83]
in SYSTEMPATH/Router/Router.php on line 737.
 1 SYSTEMPATH/Router/Router.php(204): CodeIgniter\Router\Router->checkDisallowedChars('ar/help-center/حساب/كيف-تغير-كلمة-السر-الخاصة-بك')
 2 SYSTEMPATH/CodeIgniter.php(834): CodeIgniter\Router\Router->handle('ar/help-center/حساب/كيف-تغير-كلمة-السر-الخاصة-بك')
 3 SYSTEMPATH/CodeIgniter.php(457): CodeIgniter\CodeIgniter->tryToRouteIt(Object(CodeIgniter\Router\RouteCollection))
 4 SYSTEMPATH/CodeIgniter.php(355): CodeIgniter\CodeIgniter->handleRequest(null, Object(Config\Cache), false)
 5 SYSTEMPATH/Boot.php(325): CodeIgniter\CodeIgniter->run()
 6 SYSTEMPATH/Boot.php(67): CodeIgniter\Boot::runCodeIgniter(Object(CodeIgniter\CodeIgniter))
 7 FCPATH/index.php(56): CodeIgniter\Boot::bootWeb(Object(Config\Paths))
CRITICAL - 2024-11-09 20:52:38 --> ErrorException: Uncaught Error: Class "Locale" not found in /home/carttalog/public_html/system/Helpers/number_helper.php:140
Stack trace:
#0 /home/carttalog/public_html/system/Helpers/number_helper.php(58): format_number(12.0, 2, NULL, Array)
#1 /home/carttalog/public_html/system/Debug/BaseExceptionHandler.php(154): number_to_size(12.0, 2)
#2 /home/carttalog/public_html/app/Views/errors/html/error_exception.php(365): CodeIgniter\Debug\BaseExceptionHandler::describeMemory(12582912)
#3 /home/carttalog/public_html/system/Debug/BaseExceptionHandler.php(266): include('/home/carttalog...')
#4 /home/carttalog/public_html/system/Debug/BaseExceptionHandler.php(269): CodeIgniter\Debug\BaseExceptionHandler->CodeIgniter\Debug\{closure}()
#5 /home/carttalog/public_html/system/Debug/ExceptionHandler.php(114): CodeIgniter\Debug\BaseExceptionHandler->render(Object(CodeIgniter\HTTP\Exceptions\BadRequestException), 400, '/home/carttalog...')
#6 /home/carttalog/public_html/system/Debug/Exceptions.php(164): CodeIgniter\Debug\ExceptionHandler->handle(Object(CodeIgniter\HTTP\Exceptions\BadRequestException), Object(CodeIgniter\HTTP\IncomingRequest), Object(CodeIgniter\HTTP\Response), 400, 1)
#7 [internal function]: CodeIgniter\Debug\Exceptions->exceptionHandler(Object(CodeIgniter\HTTP\Exceptions\BadRequestException))
#8 {main}
  thrown
【Previous Exception】
CodeIgniter\HTTP\Exceptions\BadRequestException
The URI you submitted has disallowed characters: "حساب"
#0 /home/carttalog/public_html/system/Router/Router.php(204): CodeIgniter\Router\Router->checkDisallowedChars('ar/help-center/...')
#1 /home/carttalog/public_html/system/CodeIgniter.php(834): CodeIgniter\Router\Router->handle('ar/help-center/...')
#2 /home/carttalog/public_html/system/CodeIgniter.php(457): CodeIgniter\CodeIgniter->tryToRouteIt(Object(CodeIgniter\Router\RouteCollection))
#3 /home/carttalog/public_html/system/CodeIgniter.php(355): CodeIgniter\CodeIgniter->handleRequest(NULL, Object(Config\Cache), false)
#4 /home/carttalog/public_html/system/Boot.php(325): CodeIgniter\CodeIgniter->run()
#5 /home/carttalog/public_html/system/Boot.php(67): CodeIgniter\Boot::runCodeIgniter(Object(CodeIgniter\CodeIgniter))
#6 /home/carttalog/public_html/index.php(56): CodeIgniter\Boot::bootWeb(Object(Config\Paths))
#7 {main}
[Method: GET, Route: ar/help-center/%D8%AD%D8%B3%D8%A7%D8%A8/%D9%83%D9%8A%D9%81-%D8%AA%D8%BA%D9%8A%D8%B1-%D9%83%D9%84%D9%85%D8%A9-%D8%A7%D9%84%D8%B3%D8%B1-%D8%A7%D9%84%D8%AE%D8%A7%D8%B5%D8%A9-%D8%A8%D9%83]
in SYSTEMPATH/Helpers/number_helper.php on line 140.
 1 [internal function]: CodeIgniter\Debug\Exceptions->shutdownHandler()
INFO - 2024-11-09 20:52:42 --> Session: Class initialized using 'CodeIgniter\Session\Handlers\DatabaseHandler' driver.
CRITICAL - 2024-11-09 20:52:42 --> CodeIgniter\HTTP\Exceptions\BadRequestException: The URI you submitted has disallowed characters: "الظروف"
[Method: GET, Route: blog/tag/%D8%A7%D9%84%D8%B8%D8%B1%D9%88%D9%81]
in SYSTEMPATH/Router/Router.php on line 737.
 1 SYSTEMPATH/Router/Router.php(204): CodeIgniter\Router\Router->checkDisallowedChars('blog/tag/الظروف')
 2 SYSTEMPATH/CodeIgniter.php(834): CodeIgniter\Router\Router->handle('blog/tag/الظروف')
 3 SYSTEMPATH/CodeIgniter.php(457): CodeIgniter\CodeIgniter->tryToRouteIt(Object(CodeIgniter\Router\RouteCollection))
 4 SYSTEMPATH/CodeIgniter.php(355): CodeIgniter\CodeIgniter->handleRequest(null, Object(Config\Cache), false)
 5 SYSTEMPATH/Boot.php(325): CodeIgniter\CodeIgniter->run()
 6 SYSTEMPATH/Boot.php(67): CodeIgniter\Boot::runCodeIgniter(Object(CodeIgniter\CodeIgniter))
 7 FCPATH/index.php(56): CodeIgniter\Boot::bootWeb(Object(Config\Paths))
INFO - 2024-11-09 20:52:42 --> Session: Class initialized using 'CodeIgniter\Session\Handlers\DatabaseHandler' driver.
CRITICAL - 2024-11-09 20:52:42 --> ErrorException: Uncaught Error: Class "Locale" not found in /home/carttalog/public_html/system/Helpers/number_helper.php:140
Stack trace:
#0 /home/carttalog/public_html/system/Helpers/number_helper.php(58): format_number(12.0, 2, NULL, Array)
#1 /home/carttalog/public_html/system/Debug/BaseExceptionHandler.php(154): number_to_size(12.0, 2)
#2 /home/carttalog/public_html/app/Views/errors/html/error_exception.php(365): CodeIgniter\Debug\BaseExceptionHandler::describeMemory(12582912)
#3 /home/carttalog/public_html/system/Debug/BaseExceptionHandler.php(266): include('/home/carttalog...')
#4 /home/carttalog/public_html/system/Debug/BaseExceptionHandler.php(269): CodeIgniter\Debug\BaseExceptionHandler->CodeIgniter\Debug\{closure}()
#5 /home/carttalog/public_html/system/Debug/ExceptionHandler.php(114): CodeIgniter\Debug\BaseExceptionHandler->render(Object(CodeIgniter\HTTP\Exceptions\BadRequestException), 400, '/home/carttalog...')
#6 /home/carttalog/public_html/system/Debug/Exceptions.php(164): CodeIgniter\Debug\ExceptionHandler->handle(Object(CodeIgniter\HTTP\Exceptions\BadRequestException), Object(CodeIgniter\HTTP\IncomingRequest), Object(CodeIgniter\HTTP\Response), 400, 1)
#7 [internal function]: CodeIgniter\Debug\Exceptions->exceptionHandler(Object(CodeIgniter\HTTP\Exceptions\BadRequestException))
#8 {main}
  thrown
【Previous Exception】
CodeIgniter\HTTP\Exceptions\BadRequestException
The URI you submitted has disallowed characters: "الظروف"
#0 /home/carttalog/public_html/system/Router/Router.php(204): CodeIgniter\Router\Router->checkDisallowedChars('blog/tag/\xD8\xA7\xD9\x84\xD8\xB8...')
#1 /home/carttalog/public_html/system/CodeIgniter.php(834): CodeIgniter\Router\Router->handle('blog/tag/\xD8\xA7\xD9\x84\xD8\xB8...')
#2 /home/carttalog/public_html/system/CodeIgniter.php(457): CodeIgniter\CodeIgniter->tryToRouteIt(Object(CodeIgniter\Router\RouteCollection))
#3 /home/carttalog/public_html/system/CodeIgniter.php(355): CodeIgniter\CodeIgniter->handleRequest(NULL, Object(Config\Cache), false)
#4 /home/carttalog/public_html/system/Boot.php(325): CodeIgniter\CodeIgniter->run()
#5 /home/carttalog/public_html/system/Boot.php(67): CodeIgniter\Boot::runCodeIgniter(Object(CodeIgniter\CodeIgniter))
#6 /home/carttalog/public_html/index.php(56): CodeIgniter\Boot::bootWeb(Object(Config\Paths))
#7 {main}
[Method: GET, Route: blog/tag/%D8%A7%D9%84%D8%B8%D8%B1%D9%88%D9%81]
in SYSTEMPATH/Helpers/number_helper.php on line 140.
 1 [internal function]: CodeIgniter\Debug\Exceptions->shutdownHandler()
INFO - 2024-11-09 20:52:49 --> Session: Class initialized using 'CodeIgniter\Session\Handlers\DatabaseHandler' driver.
CRITICAL - 2024-11-09 20:52:49 --> CodeIgniter\HTTP\Exceptions\BadRequestException: The URI you submitted has disallowed characters: "حاسمة"
[Method: GET, Route: blog/tag/%D8%AD%D8%A7%D8%B3%D9%85%D8%A9]
in SYSTEMPATH/Router/Router.php on line 737.
 1 SYSTEMPATH/Router/Router.php(204): CodeIgniter\Router\Router->checkDisallowedChars('blog/tag/حاسمة')
 2 SYSTEMPATH/CodeIgniter.php(834): CodeIgniter\Router\Router->handle('blog/tag/حاسمة')
 3 SYSTEMPATH/CodeIgniter.php(457): CodeIgniter\CodeIgniter->tryToRouteIt(Object(CodeIgniter\Router\RouteCollection))
 4 SYSTEMPATH/CodeIgniter.php(355): CodeIgniter\CodeIgniter->handleRequest(null, Object(Config\Cache), false)
 5 SYSTEMPATH/Boot.php(325): CodeIgniter\CodeIgniter->run()
 6 SYSTEMPATH/Boot.php(67): CodeIgniter\Boot::runCodeIgniter(Object(CodeIgniter\CodeIgniter))
 7 FCPATH/index.php(56): CodeIgniter\Boot::bootWeb(Object(Config\Paths))
CRITICAL - 2024-11-09 20:52:49 --> ErrorException: Uncaught Error: Class "Locale" not found in /home/carttalog/public_html/system/Helpers/number_helper.php:140
Stack trace:
#0 /home/carttalog/public_html/system/Helpers/number_helper.php(58): format_number(12.0, 2, NULL, Array)
#1 /home/carttalog/public_html/system/Debug/BaseExceptionHandler.php(154): number_to_size(12.0, 2)
#2 /home/carttalog/public_html/app/Views/errors/html/error_exception.php(365): CodeIgniter\Debug\BaseExceptionHandler::describeMemory(12582912)
#3 /home/carttalog/public_html/system/Debug/BaseExceptionHandler.php(266): include('/home/carttalog...')
#4 /home/carttalog/public_html/system/Debug/BaseExceptionHandler.php(269): CodeIgniter\Debug\BaseExceptionHandler->CodeIgniter\Debug\{closure}()
#5 /home/carttalog/public_html/system/Debug/ExceptionHandler.php(114): CodeIgniter\Debug\BaseExceptionHandler->render(Object(CodeIgniter\HTTP\Exceptions\BadRequestException), 400, '/home/carttalog...')
#6 /home/carttalog/public_html/system/Debug/Exceptions.php(164): CodeIgniter\Debug\ExceptionHandler->handle(Object(CodeIgniter\HTTP\Exceptions\BadRequestException), Object(CodeIgniter\HTTP\IncomingRequest), Object(CodeIgniter\HTTP\Response), 400, 1)
#7 [internal function]: CodeIgniter\Debug\Exceptions->exceptionHandler(Object(CodeIgniter\HTTP\Exceptions\BadRequestException))
#8 {main}
  thrown
【Previous Exception】
CodeIgniter\HTTP\Exceptions\BadRequestException
The URI you submitted has disallowed characters: "حاسمة"
#0 /home/carttalog/public_html/system/Router/Router.php(204): CodeIgniter\Router\Router->checkDisallowedChars('blog/tag/\xD8\xAD\xD8\xA7\xD8\xB3...')
#1 /home/carttalog/public_html/system/CodeIgniter.php(834): CodeIgniter\Router\Router->handle('blog/tag/\xD8\xAD\xD8\xA7\xD8\xB3...')
#2 /home/carttalog/public_html/system/CodeIgniter.php(457): CodeIgniter\CodeIgniter->tryToRouteIt(Object(CodeIgniter\Router\RouteCollection))
#3 /home/carttalog/public_html/system/CodeIgniter.php(355): CodeIgniter\CodeIgniter->handleRequest(NULL, Object(Config\Cache), false)
#4 /home/carttalog/public_html/system/Boot.php(325): CodeIgniter\CodeIgniter->run()
#5 /home/carttalog/public_html/system/Boot.php(67): CodeIgniter\Boot::runCodeIgniter(Object(CodeIgniter\CodeIgniter))
#6 /home/carttalog/public_html/index.php(56): CodeIgniter\Boot::bootWeb(Object(Config\Paths))
#7 {main}
[Method: GET, Route: blog/tag/%D8%AD%D8%A7%D8%B3%D9%85%D8%A9]
in SYSTEMPATH/Helpers/number_helper.php on line 140.
 1 [internal function]: CodeIgniter\Debug\Exceptions->shutdownHandler()
INFO - 2024-11-09 20:52:53 --> Session: Class initialized using 'CodeIgniter\Session\Handlers\DatabaseHandler' driver.
CRITICAL - 2024-11-09 20:52:53 --> CodeIgniter\HTTP\Exceptions\BadRequestException: The URI you submitted has disallowed characters: "مولدات"
[Method: GET, Route: blog/tag/%D9%85%D9%88%D9%84%D8%AF%D8%A7%D8%AA]
in SYSTEMPATH/Router/Router.php on line 737.
 1 SYSTEMPATH/Router/Router.php(204): CodeIgniter\Router\Router->checkDisallowedChars('blog/tag/مولدات')
 2 SYSTEMPATH/CodeIgniter.php(834): CodeIgniter\Router\Router->handle('blog/tag/مولدات')
 3 SYSTEMPATH/CodeIgniter.php(457): CodeIgniter\CodeIgniter->tryToRouteIt(Object(CodeIgniter\Router\RouteCollection))
 4 SYSTEMPATH/CodeIgniter.php(355): CodeIgniter\CodeIgniter->handleRequest(null, Object(Config\Cache), false)
 5 SYSTEMPATH/Boot.php(325): CodeIgniter\CodeIgniter->run()
 6 SYSTEMPATH/Boot.php(67): CodeIgniter\Boot::runCodeIgniter(Object(CodeIgniter\CodeIgniter))
 7 FCPATH/index.php(56): CodeIgniter\Boot::bootWeb(Object(Config\Paths))
CRITICAL - 2024-11-09 20:52:53 --> ErrorException: Uncaught Error: Class "Locale" not found in /home/carttalog/public_html/system/Helpers/number_helper.php:140
Stack trace:
#0 /home/carttalog/public_html/system/Helpers/number_helper.php(58): format_number(12.0, 2, NULL, Array)
#1 /home/carttalog/public_html/system/Debug/BaseExceptionHandler.php(154): number_to_size(12.0, 2)
#2 /home/carttalog/public_html/app/Views/errors/html/error_exception.php(365): CodeIgniter\Debug\BaseExceptionHandler::describeMemory(12582912)
#3 /home/carttalog/public_html/system/Debug/BaseExceptionHandler.php(266): include('/home/carttalog...')
#4 /home/carttalog/public_html/system/Debug/BaseExceptionHandler.php(269): CodeIgniter\Debug\BaseExceptionHandler->CodeIgniter\Debug\{closure}()
#5 /home/carttalog/public_html/system/Debug/ExceptionHandler.php(114): CodeIgniter\Debug\BaseExceptionHandler->render(Object(CodeIgniter\HTTP\Exceptions\BadRequestException), 400, '/home/carttalog...')
#6 /home/carttalog/public_html/system/Debug/Exceptions.php(164): CodeIgniter\Debug\ExceptionHandler->handle(Object(CodeIgniter\HTTP\Exceptions\BadRequestException), Object(CodeIgniter\HTTP\IncomingRequest), Object(CodeIgniter\HTTP\Response), 400, 1)
#7 [internal function]: CodeIgniter\Debug\Exceptions->exceptionHandler(Object(CodeIgniter\HTTP\Exceptions\BadRequestException))
#8 {main}
  thrown
【Previous Exception】
CodeIgniter\HTTP\Exceptions\BadRequestException
The URI you submitted has disallowed characters: "مولدات"
#0 /home/carttalog/public_html/system/Router/Router.php(204): CodeIgniter\Router\Router->checkDisallowedChars('blog/tag/\xD9\x85\xD9\x88\xD9\x84...')
#1 /home/carttalog/public_html/system/CodeIgniter.php(834): CodeIgniter\Router\Router->handle('blog/tag/\xD9\x85\xD9\x88\xD9\x84...')
#2 /home/carttalog/public_html/system/CodeIgniter.php(457): CodeIgniter\CodeIgniter->tryToRouteIt(Object(CodeIgniter\Router\RouteCollection))
#3 /home/carttalog/public_html/system/CodeIgniter.php(355): CodeIgniter\CodeIgniter->handleRequest(NULL, Object(Config\Cache), false)
#4 /home/carttalog/public_html/system/Boot.php(325): CodeIgniter\CodeIgniter->run()
#5 /home/carttalog/public_html/system/Boot.php(67): CodeIgniter\Boot::runCodeIgniter(Object(CodeIgniter\CodeIgniter))
#6 /home/carttalog/public_html/index.php(56): CodeIgniter\Boot::bootWeb(Object(Config\Paths))
#7 {main}
[Method: GET, Route: blog/tag/%D9%85%D9%88%D9%84%D8%AF%D8%A7%D8%AA]
in SYSTEMPATH/Helpers/number_helper.php on line 140.
 1 [internal function]: CodeIgniter\Debug\Exceptions->shutdownHandler()
INFO - 2024-11-09 20:52:57 --> Session: Class initialized using 'CodeIgniter\Session\Handlers\DatabaseHandler' driver.
CRITICAL - 2024-11-09 20:52:57 --> CodeIgniter\HTTP\Exceptions\BadRequestException: The URI you submitted has disallowed characters: "وإحباطهم"
[Method: GET, Route: blog/tag/%D9%88%D8%A5%D8%AD%D8%A8%D8%A7%D8%B7%D9%87%D9%85]
in SYSTEMPATH/Router/Router.php on line 737.
 1 SYSTEMPATH/Router/Router.php(204): CodeIgniter\Router\Router->checkDisallowedChars('blog/tag/وإحباطهم')
 2 SYSTEMPATH/CodeIgniter.php(834): CodeIgniter\Router\Router->handle('blog/tag/وإحباطهم')
 3 SYSTEMPATH/CodeIgniter.php(457): CodeIgniter\CodeIgniter->tryToRouteIt(Object(CodeIgniter\Router\RouteCollection))
 4 SYSTEMPATH/CodeIgniter.php(355): CodeIgniter\CodeIgniter->handleRequest(null, Object(Config\Cache), false)
 5 SYSTEMPATH/Boot.php(325): CodeIgniter\CodeIgniter->run()
 6 SYSTEMPATH/Boot.php(67): CodeIgniter\Boot::runCodeIgniter(Object(CodeIgniter\CodeIgniter))
 7 FCPATH/index.php(56): CodeIgniter\Boot::bootWeb(Object(Config\Paths))
CRITICAL - 2024-11-09 20:52:57 --> ErrorException: Uncaught Error: Class "Locale" not found in /home/carttalog/public_html/system/Helpers/number_helper.php:140
Stack trace:
#0 /home/carttalog/public_html/system/Helpers/number_helper.php(58): format_number(12.0, 2, NULL, Array)
#1 /home/carttalog/public_html/system/Debug/BaseExceptionHandler.php(154): number_to_size(12.0, 2)
#2 /home/carttalog/public_html/app/Views/errors/html/error_exception.php(365): CodeIgniter\Debug\BaseExceptionHandler::describeMemory(12582912)
#3 /home/carttalog/public_html/system/Debug/BaseExceptionHandler.php(266): include('/home/carttalog...')
#4 /home/carttalog/public_html/system/Debug/BaseExceptionHandler.php(269): CodeIgniter\Debug\BaseExceptionHandler->CodeIgniter\Debug\{closure}()
#5 /home/carttalog/public_html/system/Debug/ExceptionHandler.php(114): CodeIgniter\Debug\BaseExceptionHandler->render(Object(CodeIgniter\HTTP\Exceptions\BadRequestException), 400, '/home/carttalog...')
#6 /home/carttalog/public_html/system/Debug/Exceptions.php(164): CodeIgniter\Debug\ExceptionHandler->handle(Object(CodeIgniter\HTTP\Exceptions\BadRequestException), Object(CodeIgniter\HTTP\IncomingRequest), Object(CodeIgniter\HTTP\Response), 400, 1)
#7 [internal function]: CodeIgniter\Debug\Exceptions->exceptionHandler(Object(CodeIgniter\HTTP\Exceptions\BadRequestException))
#8 {main}
  thrown
【Previous Exception】
CodeIgniter\HTTP\Exceptions\BadRequestException
The URI you submitted has disallowed characters: "وإحباطهم"
#0 /home/carttalog/public_html/system/Router/Router.php(204): CodeIgniter\Router\Router->checkDisallowedChars('blog/tag/\xD9\x88\xD8\xA5\xD8\xAD...')
#1 /home/carttalog/public_html/system/CodeIgniter.php(834): CodeIgniter\Router\Router->handle('blog/tag/\xD9\x88\xD8\xA5\xD8\xAD...')
#2 /home/carttalog/public_html/system/CodeIgniter.php(457): CodeIgniter\CodeIgniter->tryToRouteIt(Object(CodeIgniter\Router\RouteCollection))
#3 /home/carttalog/public_html/system/CodeIgniter.php(355): CodeIgniter\CodeIgniter->handleRequest(NULL, Object(Config\Cache), false)
#4 /home/carttalog/public_html/system/Boot.php(325): CodeIgniter\CodeIgniter->run()
#5 /home/carttalog/public_html/system/Boot.php(67): CodeIgniter\Boot::runCodeIgniter(Object(CodeIgniter\CodeIgniter))
#6 /home/carttalog/public_html/index.php(56): CodeIgniter\Boot::bootWeb(Object(Config\Paths))
#7 {main}
[Method: GET, Route: blog/tag/%D9%88%D8%A5%D8%AD%D8%A8%D8%A7%D8%B7%D9%87%D9%85]
in SYSTEMPATH/Helpers/number_helper.php on line 140.
 1 [internal function]: CodeIgniter\Debug\Exceptions->shutdownHandler()
INFO - 2024-11-09 20:53:02 --> Session: Class initialized using 'CodeIgniter\Session\Handlers\DatabaseHandler' driver.
CRITICAL - 2024-11-09 20:53:02 --> CodeIgniter\HTTP\Exceptions\BadRequestException: The URI you submitted has disallowed characters: "حساب"
[Method: GET, Route: help-center/%D8%AD%D8%B3%D8%A7%D8%A8/%D9%83%D9%8A%D9%81-%D8%AA%D8%BA%D9%8A%D8%B1-%D9%83%D9%84%D9%85%D8%A9-%D8%A7%D9%84%D8%B3%D8%B1-%D8%A7%D9%84%D8%AE%D8%A7%D8%B5%D8%A9-%D8%A8%D9%83]
in SYSTEMPATH/Router/Router.php on line 737.
 1 SYSTEMPATH/Router/Router.php(204): CodeIgniter\Router\Router->checkDisallowedChars('help-center/حساب/كيف-تغير-كلمة-السر-الخاصة-بك')
 2 SYSTEMPATH/CodeIgniter.php(834): CodeIgniter\Router\Router->handle('help-center/حساب/كيف-تغير-كلمة-السر-الخاصة-بك')
 3 SYSTEMPATH/CodeIgniter.php(457): CodeIgniter\CodeIgniter->tryToRouteIt(Object(CodeIgniter\Router\RouteCollection))
 4 SYSTEMPATH/CodeIgniter.php(355): CodeIgniter\CodeIgniter->handleRequest(null, Object(Config\Cache), false)
 5 SYSTEMPATH/Boot.php(325): CodeIgniter\CodeIgniter->run()
 6 SYSTEMPATH/Boot.php(67): CodeIgniter\Boot::runCodeIgniter(Object(CodeIgniter\CodeIgniter))
 7 FCPATH/index.php(56): CodeIgniter\Boot::bootWeb(Object(Config\Paths))
CRITICAL - 2024-11-09 20:53:02 --> ErrorException: Uncaught Error: Class "Locale" not found in /home/carttalog/public_html/system/Helpers/number_helper.php:140
Stack trace:
#0 /home/carttalog/public_html/system/Helpers/number_helper.php(58): format_number(12.0, 2, NULL, Array)
#1 /home/carttalog/public_html/system/Debug/BaseExceptionHandler.php(154): number_to_size(12.0, 2)
#2 /home/carttalog/public_html/app/Views/errors/html/error_exception.php(365): CodeIgniter\Debug\BaseExceptionHandler::describeMemory(12582912)
#3 /home/carttalog/public_html/system/Debug/BaseExceptionHandler.php(266): include('/home/carttalog...')
#4 /home/carttalog/public_html/system/Debug/BaseExceptionHandler.php(269): CodeIgniter\Debug\BaseExceptionHandler->CodeIgniter\Debug\{closure}()
#5 /home/carttalog/public_html/system/Debug/ExceptionHandler.php(114): CodeIgniter\Debug\BaseExceptionHandler->render(Object(CodeIgniter\HTTP\Exceptions\BadRequestException), 400, '/home/carttalog...')
#6 /home/carttalog/public_html/system/Debug/Exceptions.php(164): CodeIgniter\Debug\ExceptionHandler->handle(Object(CodeIgniter\HTTP\Exceptions\BadRequestException), Object(CodeIgniter\HTTP\IncomingRequest), Object(CodeIgniter\HTTP\Response), 400, 1)
#7 [internal function]: CodeIgniter\Debug\Exceptions->exceptionHandler(Object(CodeIgniter\HTTP\Exceptions\BadRequestException))
#8 {main}
  thrown
【Previous Exception】
CodeIgniter\HTTP\Exceptions\BadRequestException
The URI you submitted has disallowed characters: "حساب"
#0 /home/carttalog/public_html/system/Router/Router.php(204): CodeIgniter\Router\Router->checkDisallowedChars('help-center/\xD8\xAD\xD8...')
#1 /home/carttalog/public_html/system/CodeIgniter.php(834): CodeIgniter\Router\Router->handle('help-center/\xD8\xAD\xD8...')
#2 /home/carttalog/public_html/system/CodeIgniter.php(457): CodeIgniter\CodeIgniter->tryToRouteIt(Object(CodeIgniter\Router\RouteCollection))
#3 /home/carttalog/public_html/system/CodeIgniter.php(355): CodeIgniter\CodeIgniter->handleRequest(NULL, Object(Config\Cache), false)
#4 /home/carttalog/public_html/system/Boot.php(325): CodeIgniter\CodeIgniter->run()
#5 /home/carttalog/public_html/system/Boot.php(67): CodeIgniter\Boot::runCodeIgniter(Object(CodeIgniter\CodeIgniter))
#6 /home/carttalog/public_html/index.php(56): CodeIgniter\Boot::bootWeb(Object(Config\Paths))
#7 {main}
[Method: GET, Route: help-center/%D8%AD%D8%B3%D8%A7%D8%A8/%D9%83%D9%8A%D9%81-%D8%AA%D8%BA%D9%8A%D8%B1-%D9%83%D9%84%D9%85%D8%A9-%D8%A7%D9%84%D8%B3%D8%B1-%D8%A7%D9%84%D8%AE%D8%A7%D8%B5%D8%A9-%D8%A8%D9%83]
in SYSTEMPATH/Helpers/number_helper.php on line 140.
 1 [internal function]: CodeIgniter\Debug\Exceptions->shutdownHandler()
INFO - 2024-11-09 20:53:23 --> Session: Class initialized using 'CodeIgniter\Session\Handlers\DatabaseHandler' driver.
INFO - 2024-11-09 20:54:06 --> Session: Class initialized using 'CodeIgniter\Session\Handlers\DatabaseHandler' driver.
INFO - 2024-11-09 20:54:43 --> Session: Class initialized using 'CodeIgniter\Session\Handlers\DatabaseHandler' driver.
INFO - 2024-11-09 20:55:21 --> Session: Class initialized using 'CodeIgniter\Session\Handlers\DatabaseHandler' driver.
INFO - 2024-11-09 20:56:06 --> Session: Class initialized using 'CodeIgniter\Session\Handlers\DatabaseHandler' driver.
INFO - 2024-11-09 20:56:49 --> Session: Class initialized using 'CodeIgniter\Session\Handlers\DatabaseHandler' driver.
INFO - 2024-11-09 20:57:29 --> Session: Class initialized using 'CodeIgniter\Session\Handlers\DatabaseHandler' driver.
INFO - 2024-11-09 20:58:09 --> Session: Class initialized using 'CodeIgniter\Session\Handlers\DatabaseHandler' driver.
INFO - 2024-11-09 20:58:49 --> Session: Class initialized using 'CodeIgniter\Session\Handlers\DatabaseHandler' driver.
INFO - 2024-11-09 20:59:30 --> Session: Class initialized using 'CodeIgniter\Session\Handlers\DatabaseHandler' driver.
INFO - 2024-11-09 21:00:13 --> Session: Class initialized using 'CodeIgniter\Session\Handlers\DatabaseHandler' driver.
INFO - 2024-11-09 21:00:52 --> Session: Class initialized using 'CodeIgniter\Session\Handlers\DatabaseHandler' driver.
INFO - 2024-11-09 21:01:28 --> Session: Class initialized using 'CodeIgniter\Session\Handlers\DatabaseHandler' driver.
INFO - 2024-11-09 21:02:02 --> Session: Class initialized using 'CodeIgniter\Session\Handlers\DatabaseHandler' driver.
INFO - 2024-11-09 21:02:43 --> Session: Class initialized using 'CodeIgniter\Session\Handlers\DatabaseHandler' driver.
INFO - 2024-11-09 21:03:16 --> Session: Class initialized using 'CodeIgniter\Session\Handlers\DatabaseHandler' driver.
INFO - 2024-11-09 21:03:48 --> Session: Class initialized using 'CodeIgniter\Session\Handlers\DatabaseHandler' driver.
INFO - 2024-11-09 21:04:07 --> Session: Class initialized using 'CodeIgniter\Session\Handlers\DatabaseHandler' driver.
INFO - 2024-11-09 21:04:11 --> Session: Class initialized using 'CodeIgniter\Session\Handlers\DatabaseHandler' driver.
INFO - 2024-11-09 21:04:12 --> Session: Class initialized using 'CodeIgniter\Session\Handlers\DatabaseHandler' driver.
INFO - 2024-11-09 21:06:17 --> Session: Class initialized using 'CodeIgniter\Session\Handlers\DatabaseHandler' driver.
INFO - 2024-11-09 21:11:02 --> Session: Class initialized using 'CodeIgniter\Session\Handlers\DatabaseHandler' driver.
INFO - 2024-11-09 21:21:27 --> Session: Class initialized using 'CodeIgniter\Session\Handlers\DatabaseHandler' driver.
INFO - 2024-11-09 21:27:07 --> Session: Class initialized using 'CodeIgniter\Session\Handlers\DatabaseHandler' driver.
INFO - 2024-11-09 21:37:51 --> Session: Class initialized using 'CodeIgniter\Session\Handlers\DatabaseHandler' driver.
CRITICAL - 2024-11-09 21:37:51 --> CodeIgniter\HTTP\Exceptions\BadRequestException: The URI you submitted has disallowed characters: "اعمال"
[Method: GET, Route: ar/blog/%D8%A7%D8%B9%D9%85%D8%A7%D9%84/%D8%A7%D9%84%D8%B9%D8%AF%D9%8A%D8%AF-%D9%85%D9%86-%D8%AD%D8%B2%D9%85-%D8%A7%D9%84%D9%86%D8%B4%D8%B1-%D8%A7%D9%84%D9%85%D9%83%D8%AA%D8%A8%D9%8A]
in SYSTEMPATH/Router/Router.php on line 737.
 1 SYSTEMPATH/Router/Router.php(204): CodeIgniter\Router\Router->checkDisallowedChars('ar/blog/اعمال/العديد-من-حزم-النشر-المكتبي')
 2 SYSTEMPATH/CodeIgniter.php(834): CodeIgniter\Router\Router->handle('ar/blog/اعمال/العديد-من-حزم-النشر-المكتبي')
 3 SYSTEMPATH/CodeIgniter.php(457): CodeIgniter\CodeIgniter->tryToRouteIt(Object(CodeIgniter\Router\RouteCollection))
 4 SYSTEMPATH/CodeIgniter.php(355): CodeIgniter\CodeIgniter->handleRequest(null, Object(Config\Cache), false)
 5 SYSTEMPATH/Boot.php(325): CodeIgniter\CodeIgniter->run()
 6 SYSTEMPATH/Boot.php(67): CodeIgniter\Boot::runCodeIgniter(Object(CodeIgniter\CodeIgniter))
 7 FCPATH/index.php(56): CodeIgniter\Boot::bootWeb(Object(Config\Paths))
CRITICAL - 2024-11-09 21:37:51 --> ErrorException: Uncaught Error: Class "Locale" not found in /home/carttalog/public_html/system/Helpers/number_helper.php:140
Stack trace:
#0 /home/carttalog/public_html/system/Helpers/number_helper.php(58): format_number(12.0, 2, NULL, Array)
#1 /home/carttalog/public_html/system/Debug/BaseExceptionHandler.php(154): number_to_size(12.0, 2)
#2 /home/carttalog/public_html/app/Views/errors/html/error_exception.php(365): CodeIgniter\Debug\BaseExceptionHandler::describeMemory(12582912)
#3 /home/carttalog/public_html/system/Debug/BaseExceptionHandler.php(266): include('/home/carttalog...')
#4 /home/carttalog/public_html/system/Debug/BaseExceptionHandler.php(269): CodeIgniter\Debug\BaseExceptionHandler->CodeIgniter\Debug\{closure}()
#5 /home/carttalog/public_html/system/Debug/ExceptionHandler.php(114): CodeIgniter\Debug\BaseExceptionHandler->render(Object(CodeIgniter\HTTP\Exceptions\BadRequestException), 400, '/home/carttalog...')
#6 /home/carttalog/public_html/system/Debug/Exceptions.php(164): CodeIgniter\Debug\ExceptionHandler->handle(Object(CodeIgniter\HTTP\Exceptions\BadRequestException), Object(CodeIgniter\HTTP\IncomingRequest), Object(CodeIgniter\HTTP\Response), 400, 1)
#7 [internal function]: CodeIgniter\Debug\Exceptions->exceptionHandler(Object(CodeIgniter\HTTP\Exceptions\BadRequestException))
#8 {main}
  thrown
【Previous Exception】
CodeIgniter\HTTP\Exceptions\BadRequestException
The URI you submitted has disallowed characters: "اعمال"
#0 /home/carttalog/public_html/system/Router/Router.php(204): CodeIgniter\Router\Router->checkDisallowedChars('ar/blog/\xD8\xA7\xD8\xB9\xD9\x85\xD8...')
#1 /home/carttalog/public_html/system/CodeIgniter.php(834): CodeIgniter\Router\Router->handle('ar/blog/\xD8\xA7\xD8\xB9\xD9\x85\xD8...')
#2 /home/carttalog/public_html/system/CodeIgniter.php(457): CodeIgniter\CodeIgniter->tryToRouteIt(Object(CodeIgniter\Router\RouteCollection))
#3 /home/carttalog/public_html/system/CodeIgniter.php(355): CodeIgniter\CodeIgniter->handleRequest(NULL, Object(Config\Cache), false)
#4 /home/carttalog/public_html/system/Boot.php(325): CodeIgniter\CodeIgniter->run()
#5 /home/carttalog/public_html/system/Boot.php(67): CodeIgniter\Boot::runCodeIgniter(Object(CodeIgniter\CodeIgniter))
#6 /home/carttalog/public_html/index.php(56): CodeIgniter\Boot::bootWeb(Object(Config\Paths))
#7 {main}
[Method: GET, Route: ar/blog/%D8%A7%D8%B9%D9%85%D8%A7%D9%84/%D8%A7%D9%84%D8%B9%D8%AF%D9%8A%D8%AF-%D9%85%D9%86-%D8%AD%D8%B2%D9%85-%D8%A7%D9%84%D9%86%D8%B4%D8%B1-%D8%A7%D9%84%D9%85%D9%83%D8%AA%D8%A8%D9%8A]
in SYSTEMPATH/Helpers/number_helper.php on line 140.
 1 [internal function]: CodeIgniter\Debug\Exceptions->shutdownHandler()
INFO - 2024-11-09 21:42:11 --> Session: Class initialized using 'CodeIgniter\Session\Handlers\DatabaseHandler' driver.
INFO - 2024-11-09 21:42:54 --> Session: Class initialized using 'CodeIgniter\Session\Handlers\DatabaseHandler' driver.
INFO - 2024-11-09 21:43:34 --> Session: Class initialized using 'CodeIgniter\Session\Handlers\DatabaseHandler' driver.
INFO - 2024-11-09 21:43:50 --> Session: Class initialized using 'CodeIgniter\Session\Handlers\DatabaseHandler' driver.
CRITICAL - 2024-11-09 21:43:50 --> CodeIgniter\HTTP\Exceptions\BadRequestException: The URI you submitted has disallowed characters: "موضه"
[Method: GET, Route: ar/blog/%D9%85%D9%88%D8%B6%D9%87/%D9%85%D8%B2%D8%A7%D9%8A%D8%A7-%D8%AD%D8%A7%D8%B3%D9%85%D8%A9-%D9%88%D9%84%D8%A7-%D8%AA%D8%B9%D8%A8%D9%8A%D8%B1]
in SYSTEMPATH/Router/Router.php on line 737.
 1 SYSTEMPATH/Router/Router.php(204): CodeIgniter\Router\Router->checkDisallowedChars('ar/blog/موضه/مزايا-حاسمة-ولا-تعبير')
 2 SYSTEMPATH/CodeIgniter.php(834): CodeIgniter\Router\Router->handle('ar/blog/موضه/مزايا-حاسمة-ولا-تعبير')
 3 SYSTEMPATH/CodeIgniter.php(457): CodeIgniter\CodeIgniter->tryToRouteIt(Object(CodeIgniter\Router\RouteCollection))
 4 SYSTEMPATH/CodeIgniter.php(355): CodeIgniter\CodeIgniter->handleRequest(null, Object(Config\Cache), false)
 5 SYSTEMPATH/Boot.php(325): CodeIgniter\CodeIgniter->run()
 6 SYSTEMPATH/Boot.php(67): CodeIgniter\Boot::runCodeIgniter(Object(CodeIgniter\CodeIgniter))
 7 FCPATH/index.php(56): CodeIgniter\Boot::bootWeb(Object(Config\Paths))
CRITICAL - 2024-11-09 21:43:50 --> ErrorException: Uncaught Error: Class "Locale" not found in /home/carttalog/public_html/system/Helpers/number_helper.php:140
Stack trace:
#0 /home/carttalog/public_html/system/Helpers/number_helper.php(58): format_number(12.0, 2, NULL, Array)
#1 /home/carttalog/public_html/system/Debug/BaseExceptionHandler.php(154): number_to_size(12.0, 2)
#2 /home/carttalog/public_html/app/Views/errors/html/error_exception.php(365): CodeIgniter\Debug\BaseExceptionHandler::describeMemory(12582912)
#3 /home/carttalog/public_html/system/Debug/BaseExceptionHandler.php(266): include('/home/carttalog...')
#4 /home/carttalog/public_html/system/Debug/BaseExceptionHandler.php(269): CodeIgniter\Debug\BaseExceptionHandler->CodeIgniter\Debug\{closure}()
#5 /home/carttalog/public_html/system/Debug/ExceptionHandler.php(114): CodeIgniter\Debug\BaseExceptionHandler->render(Object(CodeIgniter\HTTP\Exceptions\BadRequestException), 400, '/home/carttalog...')
#6 /home/carttalog/public_html/system/Debug/Exceptions.php(164): CodeIgniter\Debug\ExceptionHandler->handle(Object(CodeIgniter\HTTP\Exceptions\BadRequestException), Object(CodeIgniter\HTTP\IncomingRequest), Object(CodeIgniter\HTTP\Response), 400, 1)
#7 [internal function]: CodeIgniter\Debug\Exceptions->exceptionHandler(Object(CodeIgniter\HTTP\Exceptions\BadRequestException))
#8 {main}
  thrown
【Previous Exception】
CodeIgniter\HTTP\Exceptions\BadRequestException
The URI you submitted has disallowed characters: "موضه"
#0 /home/carttalog/public_html/system/Router/Router.php(204): CodeIgniter\Router\Router->checkDisallowedChars('ar/blog/\xD9\x85\xD9\x88\xD8\xB6\xD9...')
#1 /home/carttalog/public_html/system/CodeIgniter.php(834): CodeIgniter\Router\Router->handle('ar/blog/\xD9\x85\xD9\x88\xD8\xB6\xD9...')
#2 /home/carttalog/public_html/system/CodeIgniter.php(457): CodeIgniter\CodeIgniter->tryToRouteIt(Object(CodeIgniter\Router\RouteCollection))
#3 /home/carttalog/public_html/system/CodeIgniter.php(355): CodeIgniter\CodeIgniter->handleRequest(NULL, Object(Config\Cache), false)
#4 /home/carttalog/public_html/system/Boot.php(325): CodeIgniter\CodeIgniter->run()
#5 /home/carttalog/public_html/system/Boot.php(67): CodeIgniter\Boot::runCodeIgniter(Object(CodeIgniter\CodeIgniter))
#6 /home/carttalog/public_html/index.php(56): CodeIgniter\Boot::bootWeb(Object(Config\Paths))
#7 {main}
[Method: GET, Route: ar/blog/%D9%85%D9%88%D8%B6%D9%87/%D9%85%D8%B2%D8%A7%D9%8A%D8%A7-%D8%AD%D8%A7%D8%B3%D9%85%D8%A9-%D9%88%D9%84%D8%A7-%D8%AA%D8%B9%D8%A8%D9%8A%D8%B1]
in SYSTEMPATH/Helpers/number_helper.php on line 140.
 1 [internal function]: CodeIgniter\Debug\Exceptions->shutdownHandler()
INFO - 2024-11-09 21:44:14 --> Session: Class initialized using 'CodeIgniter\Session\Handlers\DatabaseHandler' driver.
INFO - 2024-11-09 21:45:00 --> Session: Class initialized using 'CodeIgniter\Session\Handlers\DatabaseHandler' driver.
INFO - 2024-11-09 21:45:22 --> Session: Class initialized using 'CodeIgniter\Session\Handlers\DatabaseHandler' driver.
CRITICAL - 2024-11-09 21:45:22 --> ErrorException: Undefined variable $mainCategories
[Method: GET, Route: products]
in APPPATH/Views/product/products.php on line 123.
 1 APPPATH/Views/product/products.php(123): CodeIgniter\Debug\Exceptions->errorHandler(2, 'Undefined variable $mainCategories', '/home/carttalog/public_html/app/Views/product/products.php', 123)
 2 SYSTEMPATH/View/View.php(234): include('/home/carttalog/public_html/app/Views/product/products.php')
 3 SYSTEMPATH/View/View.php(237): CodeIgniter\View\View->CodeIgniter\View\{closure}()
 4 SYSTEMPATH/Common.php(1195): CodeIgniter\View\View->render('product/products', [], true)
 5 APPPATH/Controllers/HomeController.php(136): view('product/products', [...])
 6 SYSTEMPATH/CodeIgniter.php(933): App\Controllers\HomeController->products()
 7 SYSTEMPATH/CodeIgniter.php(509): CodeIgniter\CodeIgniter->runController(Object(App\Controllers\HomeController))
 8 SYSTEMPATH/CodeIgniter.php(355): CodeIgniter\CodeIgniter->handleRequest(null, Object(Config\Cache), false)
 9 SYSTEMPATH/Boot.php(325): CodeIgniter\CodeIgniter->run()
10 SYSTEMPATH/Boot.php(67): CodeIgniter\Boot::runCodeIgniter(Object(CodeIgniter\CodeIgniter))
11 FCPATH/index.php(56): CodeIgniter\Boot::bootWeb(Object(Config\Paths))
INFO - 2024-11-09 21:45:41 --> Session: Class initialized using 'CodeIgniter\Session\Handlers\DatabaseHandler' driver.
INFO - 2024-11-09 21:46:22 --> Session: Class initialized using 'CodeIgniter\Session\Handlers\DatabaseHandler' driver.
INFO - 2024-11-09 21:47:03 --> Session: Class initialized using 'CodeIgniter\Session\Handlers\DatabaseHandler' driver.
INFO - 2024-11-09 21:47:47 --> Session: Class initialized using 'CodeIgniter\Session\Handlers\DatabaseHandler' driver.
INFO - 2024-11-09 21:48:30 --> Session: Class initialized using 'CodeIgniter\Session\Handlers\DatabaseHandler' driver.
INFO - 2024-11-09 21:49:14 --> Session: Class initialized using 'CodeIgniter\Session\Handlers\DatabaseHandler' driver.
INFO - 2024-11-09 21:49:55 --> Session: Class initialized using 'CodeIgniter\Session\Handlers\DatabaseHandler' driver.
INFO - 2024-11-09 21:50:29 --> Session: Class initialized using 'CodeIgniter\Session\Handlers\DatabaseHandler' driver.
INFO - 2024-11-09 21:50:35 --> Session: Class initialized using 'CodeIgniter\Session\Handlers\DatabaseHandler' driver.
INFO - 2024-11-09 21:51:19 --> Session: Class initialized using 'CodeIgniter\Session\Handlers\DatabaseHandler' driver.
INFO - 2024-11-09 21:52:02 --> Session: Class initialized using 'CodeIgniter\Session\Handlers\DatabaseHandler' driver.
INFO - 2024-11-09 21:52:45 --> Session: Class initialized using 'CodeIgniter\Session\Handlers\DatabaseHandler' driver.
INFO - 2024-11-09 21:56:32 --> Session: Class initialized using 'CodeIgniter\Session\Handlers\DatabaseHandler' driver.
INFO - 2024-11-09 21:58:15 --> Session: Class initialized using 'CodeIgniter\Session\Handlers\DatabaseHandler' driver.
INFO - 2024-11-09 22:00:05 --> Session: Class initialized using 'CodeIgniter\Session\Handlers\DatabaseHandler' driver.
INFO - 2024-11-09 22:14:19 --> Session: Class initialized using 'CodeIgniter\Session\Handlers\DatabaseHandler' driver.
INFO - 2024-11-09 22:15:33 --> Session: Class initialized using 'CodeIgniter\Session\Handlers\DatabaseHandler' driver.
INFO - 2024-11-09 22:19:41 --> Session: Class initialized using 'CodeIgniter\Session\Handlers\DatabaseHandler' driver.
INFO - 2024-11-09 22:19:43 --> Session: Class initialized using 'CodeIgniter\Session\Handlers\DatabaseHandler' driver.
INFO - 2024-11-09 22:20:14 --> Session: Class initialized using 'CodeIgniter\Session\Handlers\DatabaseHandler' driver.
INFO - 2024-11-09 22:21:38 --> Session: Class initialized using 'CodeIgniter\Session\Handlers\DatabaseHandler' driver.
INFO - 2024-11-09 22:21:47 --> Session: Class initialized using 'CodeIgniter\Session\Handlers\DatabaseHandler' driver.
INFO - 2024-11-09 22:21:56 --> Session: Class initialized using 'CodeIgniter\Session\Handlers\DatabaseHandler' driver.
INFO - 2024-11-09 22:22:06 --> Session: Class initialized using 'CodeIgniter\Session\Handlers\DatabaseHandler' driver.
INFO - 2024-11-09 22:22:19 --> Session: Class initialized using 'CodeIgniter\Session\Handlers\DatabaseHandler' driver.
INFO - 2024-11-09 22:22:25 --> Session: Class initialized using 'CodeIgniter\Session\Handlers\DatabaseHandler' driver.
INFO - 2024-11-09 22:23:28 --> Session: Class initialized using 'CodeIgniter\Session\Handlers\DatabaseHandler' driver.
INFO - 2024-11-09 22:24:30 --> Session: Class initialized using 'CodeIgniter\Session\Handlers\DatabaseHandler' driver.
INFO - 2024-11-09 22:26:58 --> Session: Class initialized using 'CodeIgniter\Session\Handlers\DatabaseHandler' driver.
INFO - 2024-11-09 22:27:48 --> Session: Class initialized using 'CodeIgniter\Session\Handlers\DatabaseHandler' driver.
INFO - 2024-11-09 22:27:54 --> Session: Class initialized using 'CodeIgniter\Session\Handlers\DatabaseHandler' driver.
INFO - 2024-11-09 22:27:59 --> Session: Class initialized using 'CodeIgniter\Session\Handlers\DatabaseHandler' driver.
INFO - 2024-11-09 22:28:04 --> Session: Class initialized using 'CodeIgniter\Session\Handlers\DatabaseHandler' driver.
INFO - 2024-11-09 22:28:09 --> Session: Class initialized using 'CodeIgniter\Session\Handlers\DatabaseHandler' driver.
INFO - 2024-11-09 22:28:12 --> Session: Class initialized using 'CodeIgniter\Session\Handlers\DatabaseHandler' driver.
INFO - 2024-11-09 22:28:13 --> Session: Class initialized using 'CodeIgniter\Session\Handlers\DatabaseHandler' driver.
INFO - 2024-11-09 22:28:17 --> Session: Class initialized using 'CodeIgniter\Session\Handlers\DatabaseHandler' driver.
INFO - 2024-11-09 22:28:25 --> Session: Class initialized using 'CodeIgniter\Session\Handlers\DatabaseHandler' driver.
INFO - 2024-11-09 22:28:29 --> Session: Class initialized using 'CodeIgniter\Session\Handlers\DatabaseHandler' driver.
INFO - 2024-11-09 22:28:34 --> Session: Class initialized using 'CodeIgniter\Session\Handlers\DatabaseHandler' driver.
INFO - 2024-11-09 22:28:39 --> Session: Class initialized using 'CodeIgniter\Session\Handlers\DatabaseHandler' driver.
INFO - 2024-11-09 22:28:43 --> Session: Class initialized using 'CodeIgniter\Session\Handlers\DatabaseHandler' driver.
INFO - 2024-11-09 22:28:49 --> Session: Class initialized using 'CodeIgniter\Session\Handlers\DatabaseHandler' driver.
INFO - 2024-11-09 22:28:56 --> Session: Class initialized using 'CodeIgniter\Session\Handlers\DatabaseHandler' driver.
INFO - 2024-11-09 22:29:00 --> Session: Class initialized using 'CodeIgniter\Session\Handlers\DatabaseHandler' driver.
INFO - 2024-11-09 22:29:04 --> Session: Class initialized using 'CodeIgniter\Session\Handlers\DatabaseHandler' driver.
INFO - 2024-11-09 22:29:10 --> Session: Class initialized using 'CodeIgniter\Session\Handlers\DatabaseHandler' driver.
INFO - 2024-11-09 22:29:16 --> Session: Class initialized using 'CodeIgniter\Session\Handlers\DatabaseHandler' driver.
INFO - 2024-11-09 22:29:19 --> Session: Class initialized using 'CodeIgniter\Session\Handlers\DatabaseHandler' driver.
INFO - 2024-11-09 22:29:23 --> Session: Class initialized using 'CodeIgniter\Session\Handlers\DatabaseHandler' driver.
INFO - 2024-11-09 22:29:26 --> Session: Class initialized using 'CodeIgniter\Session\Handlers\DatabaseHandler' driver.
INFO - 2024-11-09 22:29:29 --> Session: Class initialized using 'CodeIgniter\Session\Handlers\DatabaseHandler' driver.
INFO - 2024-11-09 22:29:33 --> Session: Class initialized using 'CodeIgniter\Session\Handlers\DatabaseHandler' driver.
INFO - 2024-11-09 22:29:36 --> Session: Class initialized using 'CodeIgniter\Session\Handlers\DatabaseHandler' driver.
INFO - 2024-11-09 22:29:42 --> Session: Class initialized using 'CodeIgniter\Session\Handlers\DatabaseHandler' driver.
INFO - 2024-11-09 22:29:46 --> Session: Class initialized using 'CodeIgniter\Session\Handlers\DatabaseHandler' driver.
INFO - 2024-11-09 22:29:51 --> Session: Class initialized using 'CodeIgniter\Session\Handlers\DatabaseHandler' driver.
INFO - 2024-11-09 22:29:58 --> Session: Class initialized using 'CodeIgniter\Session\Handlers\DatabaseHandler' driver.
INFO - 2024-11-09 22:30:03 --> Session: Class initialized using 'CodeIgniter\Session\Handlers\DatabaseHandler' driver.
INFO - 2024-11-09 22:30:07 --> Session: Class initialized using 'CodeIgniter\Session\Handlers\DatabaseHandler' driver.
INFO - 2024-11-09 22:30:11 --> Session: Class initialized using 'CodeIgniter\Session\Handlers\DatabaseHandler' driver.
INFO - 2024-11-09 22:30:11 --> Session: Class initialized using 'CodeIgniter\Session\Handlers\DatabaseHandler' driver.
INFO - 2024-11-09 22:30:16 --> Session: Class initialized using 'CodeIgniter\Session\Handlers\DatabaseHandler' driver.
INFO - 2024-11-09 22:30:32 --> Session: Class initialized using 'CodeIgniter\Session\Handlers\DatabaseHandler' driver.
INFO - 2024-11-09 22:30:35 --> Session: Class initialized using 'CodeIgniter\Session\Handlers\DatabaseHandler' driver.
INFO - 2024-11-09 22:30:36 --> Session: Class initialized using 'CodeIgniter\Session\Handlers\DatabaseHandler' driver.
INFO - 2024-11-09 22:30:42 --> Session: Class initialized using 'CodeIgniter\Session\Handlers\DatabaseHandler' driver.
INFO - 2024-11-09 22:30:47 --> Session: Class initialized using 'CodeIgniter\Session\Handlers\DatabaseHandler' driver.
INFO - 2024-11-09 22:30:56 --> Session: Class initialized using 'CodeIgniter\Session\Handlers\DatabaseHandler' driver.
INFO - 2024-11-09 22:31:00 --> Session: Class initialized using 'CodeIgniter\Session\Handlers\DatabaseHandler' driver.
INFO - 2024-11-09 22:31:05 --> Session: Class initialized using 'CodeIgniter\Session\Handlers\DatabaseHandler' driver.
INFO - 2024-11-09 22:31:09 --> Session: Class initialized using 'CodeIgniter\Session\Handlers\DatabaseHandler' driver.
INFO - 2024-11-09 22:31:13 --> Session: Class initialized using 'CodeIgniter\Session\Handlers\DatabaseHandler' driver.
INFO - 2024-11-09 22:31:19 --> Session: Class initialized using 'CodeIgniter\Session\Handlers\DatabaseHandler' driver.
INFO - 2024-11-09 22:31:24 --> Session: Class initialized using 'CodeIgniter\Session\Handlers\DatabaseHandler' driver.
INFO - 2024-11-09 22:31:27 --> Session: Class initialized using 'CodeIgniter\Session\Handlers\DatabaseHandler' driver.
INFO - 2024-11-09 22:31:31 --> Session: Class initialized using 'CodeIgniter\Session\Handlers\DatabaseHandler' driver.
INFO - 2024-11-09 22:31:35 --> Session: Class initialized using 'CodeIgniter\Session\Handlers\DatabaseHandler' driver.
INFO - 2024-11-09 22:31:42 --> Session: Class initialized using 'CodeIgniter\Session\Handlers\DatabaseHandler' driver.
INFO - 2024-11-09 22:31:45 --> Session: Class initialized using 'CodeIgniter\Session\Handlers\DatabaseHandler' driver.
INFO - 2024-11-09 22:31:50 --> Session: Class initialized using 'CodeIgniter\Session\Handlers\DatabaseHandler' driver.
INFO - 2024-11-09 22:31:55 --> Session: Class initialized using 'CodeIgniter\Session\Handlers\DatabaseHandler' driver.
INFO - 2024-11-09 22:31:59 --> Session: Class initialized using 'CodeIgniter\Session\Handlers\DatabaseHandler' driver.
INFO - 2024-11-09 22:32:03 --> Session: Class initialized using 'CodeIgniter\Session\Handlers\DatabaseHandler' driver.
INFO - 2024-11-09 22:32:07 --> Session: Class initialized using 'CodeIgniter\Session\Handlers\DatabaseHandler' driver.
INFO - 2024-11-09 22:32:11 --> Session: Class initialized using 'CodeIgniter\Session\Handlers\DatabaseHandler' driver.
INFO - 2024-11-09 22:32:15 --> Session: Class initialized using 'CodeIgniter\Session\Handlers\DatabaseHandler' driver.
INFO - 2024-11-09 22:32:19 --> Session: Class initialized using 'CodeIgniter\Session\Handlers\DatabaseHandler' driver.
INFO - 2024-11-09 22:32:22 --> Session: Class initialized using 'CodeIgniter\Session\Handlers\DatabaseHandler' driver.
INFO - 2024-11-09 22:32:26 --> Session: Class initialized using 'CodeIgniter\Session\Handlers\DatabaseHandler' driver.
INFO - 2024-11-09 22:32:30 --> Session: Class initialized using 'CodeIgniter\Session\Handlers\DatabaseHandler' driver.
INFO - 2024-11-09 22:32:35 --> Session: Class initialized using 'CodeIgniter\Session\Handlers\DatabaseHandler' driver.
INFO - 2024-11-09 22:32:41 --> Session: Class initialized using 'CodeIgniter\Session\Handlers\DatabaseHandler' driver.
INFO - 2024-11-09 22:32:46 --> Session: Class initialized using 'CodeIgniter\Session\Handlers\DatabaseHandler' driver.
INFO - 2024-11-09 22:32:50 --> Session: Class initialized using 'CodeIgniter\Session\Handlers\DatabaseHandler' driver.
INFO - 2024-11-09 22:32:56 --> Session: Class initialized using 'CodeIgniter\Session\Handlers\DatabaseHandler' driver.
INFO - 2024-11-09 22:33:01 --> Session: Class initialized using 'CodeIgniter\Session\Handlers\DatabaseHandler' driver.
INFO - 2024-11-09 22:33:05 --> Session: Class initialized using 'CodeIgniter\Session\Handlers\DatabaseHandler' driver.
INFO - 2024-11-09 22:33:12 --> Session: Class initialized using 'CodeIgniter\Session\Handlers\DatabaseHandler' driver.
INFO - 2024-11-09 22:33:20 --> Session: Class initialized using 'CodeIgniter\Session\Handlers\DatabaseHandler' driver.
INFO - 2024-11-09 22:33:27 --> Session: Class initialized using 'CodeIgniter\Session\Handlers\DatabaseHandler' driver.
INFO - 2024-11-09 22:33:32 --> Session: Class initialized using 'CodeIgniter\Session\Handlers\DatabaseHandler' driver.
INFO - 2024-11-09 22:33:35 --> Session: Class initialized using 'CodeIgniter\Session\Handlers\DatabaseHandler' driver.
INFO - 2024-11-09 22:33:39 --> Session: Class initialized using 'CodeIgniter\Session\Handlers\DatabaseHandler' driver.
INFO - 2024-11-09 22:33:43 --> Session: Class initialized using 'CodeIgniter\Session\Handlers\DatabaseHandler' driver.
INFO - 2024-11-09 22:33:46 --> Session: Class initialized using 'CodeIgniter\Session\Handlers\DatabaseHandler' driver.
INFO - 2024-11-09 22:33:50 --> Session: Class initialized using 'CodeIgniter\Session\Handlers\DatabaseHandler' driver.
INFO - 2024-11-09 22:33:56 --> Session: Class initialized using 'CodeIgniter\Session\Handlers\DatabaseHandler' driver.
INFO - 2024-11-09 22:34:03 --> Session: Class initialized using 'CodeIgniter\Session\Handlers\DatabaseHandler' driver.
INFO - 2024-11-09 22:34:06 --> Session: Class initialized using 'CodeIgniter\Session\Handlers\DatabaseHandler' driver.
INFO - 2024-11-09 22:34:11 --> Session: Class initialized using 'CodeIgniter\Session\Handlers\DatabaseHandler' driver.
INFO - 2024-11-09 22:34:14 --> Session: Class initialized using 'CodeIgniter\Session\Handlers\DatabaseHandler' driver.
INFO - 2024-11-09 22:34:19 --> Session: Class initialized using 'CodeIgniter\Session\Handlers\DatabaseHandler' driver.
INFO - 2024-11-09 22:34:26 --> Session: Class initialized using 'CodeIgniter\Session\Handlers\DatabaseHandler' driver.
INFO - 2024-11-09 22:34:29 --> Session: Class initialized using 'CodeIgniter\Session\Handlers\DatabaseHandler' driver.
INFO - 2024-11-09 22:34:31 --> Session: Class initialized using 'CodeIgniter\Session\Handlers\DatabaseHandler' driver.
INFO - 2024-11-09 22:34:33 --> Session: Class initialized using 'CodeIgniter\Session\Handlers\DatabaseHandler' driver.
INFO - 2024-11-09 22:34:38 --> Session: Class initialized using 'CodeIgniter\Session\Handlers\DatabaseHandler' driver.
INFO - 2024-11-09 22:34:46 --> Session: Class initialized using 'CodeIgniter\Session\Handlers\DatabaseHandler' driver.
INFO - 2024-11-09 22:34:57 --> Session: Class initialized using 'CodeIgniter\Session\Handlers\DatabaseHandler' driver.
INFO - 2024-11-09 22:35:03 --> Session: Class initialized using 'CodeIgniter\Session\Handlers\DatabaseHandler' driver.
INFO - 2024-11-09 22:35:09 --> Session: Class initialized using 'CodeIgniter\Session\Handlers\DatabaseHandler' driver.
INFO - 2024-11-09 22:35:15 --> Session: Class initialized using 'CodeIgniter\Session\Handlers\DatabaseHandler' driver.
INFO - 2024-11-09 22:35:15 --> Session: Class initialized using 'CodeIgniter\Session\Handlers\DatabaseHandler' driver.
INFO - 2024-11-09 22:35:25 --> Session: Class initialized using 'CodeIgniter\Session\Handlers\DatabaseHandler' driver.
INFO - 2024-11-09 22:35:32 --> Session: Class initialized using 'CodeIgniter\Session\Handlers\DatabaseHandler' driver.
INFO - 2024-11-09 22:35:38 --> Session: Class initialized using 'CodeIgniter\Session\Handlers\DatabaseHandler' driver.
INFO - 2024-11-09 22:35:42 --> Session: Class initialized using 'CodeIgniter\Session\Handlers\DatabaseHandler' driver.
INFO - 2024-11-09 22:35:47 --> Session: Class initialized using 'CodeIgniter\Session\Handlers\DatabaseHandler' driver.
INFO - 2024-11-09 22:35:53 --> Session: Class initialized using 'CodeIgniter\Session\Handlers\DatabaseHandler' driver.
INFO - 2024-11-09 22:35:55 --> Session: Class initialized using 'CodeIgniter\Session\Handlers\DatabaseHandler' driver.
INFO - 2024-11-09 22:35:57 --> Session: Class initialized using 'CodeIgniter\Session\Handlers\DatabaseHandler' driver.
INFO - 2024-11-09 22:36:04 --> Session: Class initialized using 'CodeIgniter\Session\Handlers\DatabaseHandler' driver.
INFO - 2024-11-09 22:36:09 --> Session: Class initialized using 'CodeIgniter\Session\Handlers\DatabaseHandler' driver.
INFO - 2024-11-09 22:36:15 --> Session: Class initialized using 'CodeIgniter\Session\Handlers\DatabaseHandler' driver.
INFO - 2024-11-09 22:36:18 --> Session: Class initialized using 'CodeIgniter\Session\Handlers\DatabaseHandler' driver.
INFO - 2024-11-09 22:36:23 --> Session: Class initialized using 'CodeIgniter\Session\Handlers\DatabaseHandler' driver.
INFO - 2024-11-09 22:36:27 --> Session: Class initialized using 'CodeIgniter\Session\Handlers\DatabaseHandler' driver.
INFO - 2024-11-09 22:36:40 --> Session: Class initialized using 'CodeIgniter\Session\Handlers\DatabaseHandler' driver.
INFO - 2024-11-09 22:36:40 --> Session: Class initialized using 'CodeIgniter\Session\Handlers\DatabaseHandler' driver.
INFO - 2024-11-09 22:36:43 --> Session: Class initialized using 'CodeIgniter\Session\Handlers\DatabaseHandler' driver.
INFO - 2024-11-09 22:36:47 --> Session: Class initialized using 'CodeIgniter\Session\Handlers\DatabaseHandler' driver.
INFO - 2024-11-09 22:36:56 --> Session: Class initialized using 'CodeIgniter\Session\Handlers\DatabaseHandler' driver.
INFO - 2024-11-09 22:37:01 --> Session: Class initialized using 'CodeIgniter\Session\Handlers\DatabaseHandler' driver.
INFO - 2024-11-09 22:37:05 --> Session: Class initialized using 'CodeIgniter\Session\Handlers\DatabaseHandler' driver.
INFO - 2024-11-09 22:37:10 --> Session: Class initialized using 'CodeIgniter\Session\Handlers\DatabaseHandler' driver.
INFO - 2024-11-09 22:37:18 --> Session: Class initialized using 'CodeIgniter\Session\Handlers\DatabaseHandler' driver.
INFO - 2024-11-09 22:37:20 --> Session: Class initialized using 'CodeIgniter\Session\Handlers\DatabaseHandler' driver.
INFO - 2024-11-09 22:37:24 --> Session: Class initialized using 'CodeIgniter\Session\Handlers\DatabaseHandler' driver.
INFO - 2024-11-09 22:37:31 --> Session: Class initialized using 'CodeIgniter\Session\Handlers\DatabaseHandler' driver.
INFO - 2024-11-09 22:37:35 --> Session: Class initialized using 'CodeIgniter\Session\Handlers\DatabaseHandler' driver.
INFO - 2024-11-09 22:37:42 --> Session: Class initialized using 'CodeIgniter\Session\Handlers\DatabaseHandler' driver.
INFO - 2024-11-09 22:37:47 --> Session: Class initialized using 'CodeIgniter\Session\Handlers\DatabaseHandler' driver.
INFO - 2024-11-09 22:37:51 --> Session: Class initialized using 'CodeIgniter\Session\Handlers\DatabaseHandler' driver.
INFO - 2024-11-09 22:37:55 --> Session: Class initialized using 'CodeIgniter\Session\Handlers\DatabaseHandler' driver.
INFO - 2024-11-09 22:37:59 --> Session: Class initialized using 'CodeIgniter\Session\Handlers\DatabaseHandler' driver.
INFO - 2024-11-09 22:38:01 --> Session: Class initialized using 'CodeIgniter\Session\Handlers\DatabaseHandler' driver.
INFO - 2024-11-09 22:38:03 --> Session: Class initialized using 'CodeIgniter\Session\Handlers\DatabaseHandler' driver.
INFO - 2024-11-09 22:38:08 --> Session: Class initialized using 'CodeIgniter\Session\Handlers\DatabaseHandler' driver.
INFO - 2024-11-09 22:38:12 --> Session: Class initialized using 'CodeIgniter\Session\Handlers\DatabaseHandler' driver.
INFO - 2024-11-09 22:38:16 --> Session: Class initialized using 'CodeIgniter\Session\Handlers\DatabaseHandler' driver.
INFO - 2024-11-09 22:38:21 --> Session: Class initialized using 'CodeIgniter\Session\Handlers\DatabaseHandler' driver.
INFO - 2024-11-09 22:38:24 --> Session: Class initialized using 'CodeIgniter\Session\Handlers\DatabaseHandler' driver.
INFO - 2024-11-09 22:38:29 --> Session: Class initialized using 'CodeIgniter\Session\Handlers\DatabaseHandler' driver.
INFO - 2024-11-09 22:38:35 --> Session: Class initialized using 'CodeIgniter\Session\Handlers\DatabaseHandler' driver.
INFO - 2024-11-09 22:38:41 --> Session: Class initialized using 'CodeIgniter\Session\Handlers\DatabaseHandler' driver.
INFO - 2024-11-09 22:38:41 --> Session: Class initialized using 'CodeIgniter\Session\Handlers\DatabaseHandler' driver.
INFO - 2024-11-09 22:38:45 --> Session: Class initialized using 'CodeIgniter\Session\Handlers\DatabaseHandler' driver.
INFO - 2024-11-09 22:38:53 --> Session: Class initialized using 'CodeIgniter\Session\Handlers\DatabaseHandler' driver.
INFO - 2024-11-09 22:39:00 --> Session: Class initialized using 'CodeIgniter\Session\Handlers\DatabaseHandler' driver.
INFO - 2024-11-09 22:39:06 --> Session: Class initialized using 'CodeIgniter\Session\Handlers\DatabaseHandler' driver.
INFO - 2024-11-09 22:39:16 --> Session: Class initialized using 'CodeIgniter\Session\Handlers\DatabaseHandler' driver.
INFO - 2024-11-09 22:39:22 --> Session: Class initialized using 'CodeIgniter\Session\Handlers\DatabaseHandler' driver.
INFO - 2024-11-09 22:39:24 --> Session: Class initialized using 'CodeIgniter\Session\Handlers\DatabaseHandler' driver.
INFO - 2024-11-09 22:39:27 --> Session: Class initialized using 'CodeIgniter\Session\Handlers\DatabaseHandler' driver.
INFO - 2024-11-09 22:39:30 --> Session: Class initialized using 'CodeIgniter\Session\Handlers\DatabaseHandler' driver.
INFO - 2024-11-09 22:39:37 --> Session: Class initialized using 'CodeIgniter\Session\Handlers\DatabaseHandler' driver.
INFO - 2024-11-09 22:39:42 --> Session: Class initialized using 'CodeIgniter\Session\Handlers\DatabaseHandler' driver.
INFO - 2024-11-09 22:39:50 --> Session: Class initialized using 'CodeIgniter\Session\Handlers\DatabaseHandler' driver.
INFO - 2024-11-09 22:39:56 --> Session: Class initialized using 'CodeIgniter\Session\Handlers\DatabaseHandler' driver.
INFO - 2024-11-09 22:40:01 --> Session: Class initialized using 'CodeIgniter\Session\Handlers\DatabaseHandler' driver.
INFO - 2024-11-09 22:40:07 --> Session: Class initialized using 'CodeIgniter\Session\Handlers\DatabaseHandler' driver.
INFO - 2024-11-09 22:40:08 --> Session: Class initialized using 'CodeIgniter\Session\Handlers\DatabaseHandler' driver.
INFO - 2024-11-09 22:40:18 --> Session: Class initialized using 'CodeIgniter\Session\Handlers\DatabaseHandler' driver.
INFO - 2024-11-09 22:40:21 --> Session: Class initialized using 'CodeIgniter\Session\Handlers\DatabaseHandler' driver.
INFO - 2024-11-09 22:40:26 --> Session: Class initialized using 'CodeIgniter\Session\Handlers\DatabaseHandler' driver.
INFO - 2024-11-09 22:40:30 --> Session: Class initialized using 'CodeIgniter\Session\Handlers\DatabaseHandler' driver.
INFO - 2024-11-09 22:40:34 --> Session: Class initialized using 'CodeIgniter\Session\Handlers\DatabaseHandler' driver.
INFO - 2024-11-09 22:40:38 --> Session: Class initialized using 'CodeIgniter\Session\Handlers\DatabaseHandler' driver.
INFO - 2024-11-09 22:40:45 --> Session: Class initialized using 'CodeIgniter\Session\Handlers\DatabaseHandler' driver.
INFO - 2024-11-09 22:40:49 --> Session: Class initialized using 'CodeIgniter\Session\Handlers\DatabaseHandler' driver.
INFO - 2024-11-09 22:40:52 --> Session: Class initialized using 'CodeIgniter\Session\Handlers\DatabaseHandler' driver.
INFO - 2024-11-09 22:40:58 --> Session: Class initialized using 'CodeIgniter\Session\Handlers\DatabaseHandler' driver.
INFO - 2024-11-09 22:41:03 --> Session: Class initialized using 'CodeIgniter\Session\Handlers\DatabaseHandler' driver.
INFO - 2024-11-09 22:41:11 --> Session: Class initialized using 'CodeIgniter\Session\Handlers\DatabaseHandler' driver.
INFO - 2024-11-09 22:41:16 --> Session: Class initialized using 'CodeIgniter\Session\Handlers\DatabaseHandler' driver.
INFO - 2024-11-09 22:41:20 --> Session: Class initialized using 'CodeIgniter\Session\Handlers\DatabaseHandler' driver.
INFO - 2024-11-09 22:41:25 --> Session: Class initialized using 'CodeIgniter\Session\Handlers\DatabaseHandler' driver.
INFO - 2024-11-09 22:41:30 --> Session: Class initialized using 'CodeIgniter\Session\Handlers\DatabaseHandler' driver.
INFO - 2024-11-09 22:41:33 --> Session: Class initialized using 'CodeIgniter\Session\Handlers\DatabaseHandler' driver.
INFO - 2024-11-09 22:41:36 --> Session: Class initialized using 'CodeIgniter\Session\Handlers\DatabaseHandler' driver.
INFO - 2024-11-09 22:41:42 --> Session: Class initialized using 'CodeIgniter\Session\Handlers\DatabaseHandler' driver.
INFO - 2024-11-09 22:41:46 --> Session: Class initialized using 'CodeIgniter\Session\Handlers\DatabaseHandler' driver.
INFO - 2024-11-09 22:41:51 --> Session: Class initialized using 'CodeIgniter\Session\Handlers\DatabaseHandler' driver.
INFO - 2024-11-09 22:41:57 --> Session: Class initialized using 'CodeIgniter\Session\Handlers\DatabaseHandler' driver.
INFO - 2024-11-09 22:42:00 --> Session: Class initialized using 'CodeIgniter\Session\Handlers\DatabaseHandler' driver.
INFO - 2024-11-09 22:42:07 --> Session: Class initialized using 'CodeIgniter\Session\Handlers\DatabaseHandler' driver.
INFO - 2024-11-09 22:42:11 --> Session: Class initialized using 'CodeIgniter\Session\Handlers\DatabaseHandler' driver.
INFO - 2024-11-09 22:42:12 --> Session: Class initialized using 'CodeIgniter\Session\Handlers\DatabaseHandler' driver.
INFO - 2024-11-09 22:42:17 --> Session: Class initialized using 'CodeIgniter\Session\Handlers\DatabaseHandler' driver.
INFO - 2024-11-09 22:42:21 --> Session: Class initialized using 'CodeIgniter\Session\Handlers\DatabaseHandler' driver.
INFO - 2024-11-09 22:42:26 --> Session: Class initialized using 'CodeIgniter\Session\Handlers\DatabaseHandler' driver.
INFO - 2024-11-09 22:42:30 --> Session: Class initialized using 'CodeIgniter\Session\Handlers\DatabaseHandler' driver.
INFO - 2024-11-09 22:42:34 --> Session: Class initialized using 'CodeIgniter\Session\Handlers\DatabaseHandler' driver.
INFO - 2024-11-09 22:42:38 --> Session: Class initialized using 'CodeIgniter\Session\Handlers\DatabaseHandler' driver.
INFO - 2024-11-09 22:42:42 --> Session: Class initialized using 'CodeIgniter\Session\Handlers\DatabaseHandler' driver.
INFO - 2024-11-09 22:42:47 --> Session: Class initialized using 'CodeIgniter\Session\Handlers\DatabaseHandler' driver.
INFO - 2024-11-09 22:42:50 --> Session: Class initialized using 'CodeIgniter\Session\Handlers\DatabaseHandler' driver.
INFO - 2024-11-09 22:42:54 --> Session: Class initialized using 'CodeIgniter\Session\Handlers\DatabaseHandler' driver.
INFO - 2024-11-09 22:42:57 --> Session: Class initialized using 'CodeIgniter\Session\Handlers\DatabaseHandler' driver.
INFO - 2024-11-09 22:43:01 --> Session: Class initialized using 'CodeIgniter\Session\Handlers\DatabaseHandler' driver.
INFO - 2024-11-09 22:43:06 --> Session: Class initialized using 'CodeIgniter\Session\Handlers\DatabaseHandler' driver.
INFO - 2024-11-09 22:43:10 --> Session: Class initialized using 'CodeIgniter\Session\Handlers\DatabaseHandler' driver.
INFO - 2024-11-09 22:43:14 --> Session: Class initialized using 'CodeIgniter\Session\Handlers\DatabaseHandler' driver.
INFO - 2024-11-09 22:43:20 --> Session: Class initialized using 'CodeIgniter\Session\Handlers\DatabaseHandler' driver.
INFO - 2024-11-09 22:43:25 --> Session: Class initialized using 'CodeIgniter\Session\Handlers\DatabaseHandler' driver.
INFO - 2024-11-09 22:43:30 --> Session: Class initialized using 'CodeIgniter\Session\Handlers\DatabaseHandler' driver.
INFO - 2024-11-09 22:43:33 --> Session: Class initialized using 'CodeIgniter\Session\Handlers\DatabaseHandler' driver.
INFO - 2024-11-09 22:43:38 --> Session: Class initialized using 'CodeIgniter\Session\Handlers\DatabaseHandler' driver.
INFO - 2024-11-09 22:43:42 --> Session: Class initialized using 'CodeIgniter\Session\Handlers\DatabaseHandler' driver.
INFO - 2024-11-09 22:43:47 --> Session: Class initialized using 'CodeIgniter\Session\Handlers\DatabaseHandler' driver.
INFO - 2024-11-09 22:43:51 --> Session: Class initialized using 'CodeIgniter\Session\Handlers\DatabaseHandler' driver.
INFO - 2024-11-09 22:43:55 --> Session: Class initialized using 'CodeIgniter\Session\Handlers\DatabaseHandler' driver.
INFO - 2024-11-09 22:43:59 --> Session: Class initialized using 'CodeIgniter\Session\Handlers\DatabaseHandler' driver.
INFO - 2024-11-09 22:44:04 --> Session: Class initialized using 'CodeIgniter\Session\Handlers\DatabaseHandler' driver.
INFO - 2024-11-09 22:44:07 --> Session: Class initialized using 'CodeIgniter\Session\Handlers\DatabaseHandler' driver.
INFO - 2024-11-09 22:44:13 --> Session: Class initialized using 'CodeIgniter\Session\Handlers\DatabaseHandler' driver.
INFO - 2024-11-09 22:44:17 --> Session: Class initialized using 'CodeIgniter\Session\Handlers\DatabaseHandler' driver.
INFO - 2024-11-09 22:44:20 --> Session: Class initialized using 'CodeIgniter\Session\Handlers\DatabaseHandler' driver.
INFO - 2024-11-09 22:44:24 --> Session: Class initialized using 'CodeIgniter\Session\Handlers\DatabaseHandler' driver.
INFO - 2024-11-09 22:44:27 --> Session: Class initialized using 'CodeIgniter\Session\Handlers\DatabaseHandler' driver.
INFO - 2024-11-09 22:44:30 --> Session: Class initialized using 'CodeIgniter\Session\Handlers\DatabaseHandler' driver.
INFO - 2024-11-09 22:44:34 --> Session: Class initialized using 'CodeIgniter\Session\Handlers\DatabaseHandler' driver.
INFO - 2024-11-09 22:44:41 --> Session: Class initialized using 'CodeIgniter\Session\Handlers\DatabaseHandler' driver.
INFO - 2024-11-09 22:44:45 --> Session: Class initialized using 'CodeIgniter\Session\Handlers\DatabaseHandler' driver.
INFO - 2024-11-09 22:44:49 --> Session: Class initialized using 'CodeIgniter\Session\Handlers\DatabaseHandler' driver.
INFO - 2024-11-09 22:44:53 --> Session: Class initialized using 'CodeIgniter\Session\Handlers\DatabaseHandler' driver.
INFO - 2024-11-09 22:44:57 --> Session: Class initialized using 'CodeIgniter\Session\Handlers\DatabaseHandler' driver.
INFO - 2024-11-09 22:45:02 --> Session: Class initialized using 'CodeIgniter\Session\Handlers\DatabaseHandler' driver.
INFO - 2024-11-09 22:45:05 --> Session: Class initialized using 'CodeIgniter\Session\Handlers\DatabaseHandler' driver.
INFO - 2024-11-09 22:45:09 --> Session: Class initialized using 'CodeIgniter\Session\Handlers\DatabaseHandler' driver.
INFO - 2024-11-09 22:45:12 --> Session: Class initialized using 'CodeIgniter\Session\Handlers\DatabaseHandler' driver.
INFO - 2024-11-09 22:45:19 --> Session: Class initialized using 'CodeIgniter\Session\Handlers\DatabaseHandler' driver.
INFO - 2024-11-09 22:45:23 --> Session: Class initialized using 'CodeIgniter\Session\Handlers\DatabaseHandler' driver.
INFO - 2024-11-09 22:45:28 --> Session: Class initialized using 'CodeIgniter\Session\Handlers\DatabaseHandler' driver.
INFO - 2024-11-09 22:45:32 --> Session: Class initialized using 'CodeIgniter\Session\Handlers\DatabaseHandler' driver.
INFO - 2024-11-09 22:45:37 --> Session: Class initialized using 'CodeIgniter\Session\Handlers\DatabaseHandler' driver.
INFO - 2024-11-09 22:45:42 --> Session: Class initialized using 'CodeIgniter\Session\Handlers\DatabaseHandler' driver.
INFO - 2024-11-09 22:45:46 --> Session: Class initialized using 'CodeIgniter\Session\Handlers\DatabaseHandler' driver.
INFO - 2024-11-09 22:45:52 --> Session: Class initialized using 'CodeIgniter\Session\Handlers\DatabaseHandler' driver.
INFO - 2024-11-09 22:45:56 --> Session: Class initialized using 'CodeIgniter\Session\Handlers\DatabaseHandler' driver.
INFO - 2024-11-09 22:46:00 --> Session: Class initialized using 'CodeIgniter\Session\Handlers\DatabaseHandler' driver.
INFO - 2024-11-09 22:46:04 --> Session: Class initialized using 'CodeIgniter\Session\Handlers\DatabaseHandler' driver.
INFO - 2024-11-09 22:46:09 --> Session: Class initialized using 'CodeIgniter\Session\Handlers\DatabaseHandler' driver.
INFO - 2024-11-09 22:46:13 --> Session: Class initialized using 'CodeIgniter\Session\Handlers\DatabaseHandler' driver.
INFO - 2024-11-09 22:46:17 --> Session: Class initialized using 'CodeIgniter\Session\Handlers\DatabaseHandler' driver.
INFO - 2024-11-09 22:46:21 --> Session: Class initialized using 'CodeIgniter\Session\Handlers\DatabaseHandler' driver.
INFO - 2024-11-09 22:46:26 --> Session: Class initialized using 'CodeIgniter\Session\Handlers\DatabaseHandler' driver.
INFO - 2024-11-09 22:46:29 --> Session: Class initialized using 'CodeIgniter\Session\Handlers\DatabaseHandler' driver.
INFO - 2024-11-09 22:46:33 --> Session: Class initialized using 'CodeIgniter\Session\Handlers\DatabaseHandler' driver.
INFO - 2024-11-09 22:46:36 --> Session: Class initialized using 'CodeIgniter\Session\Handlers\DatabaseHandler' driver.
INFO - 2024-11-09 22:46:40 --> Session: Class initialized using 'CodeIgniter\Session\Handlers\DatabaseHandler' driver.
INFO - 2024-11-09 22:46:43 --> Session: Class initialized using 'CodeIgniter\Session\Handlers\DatabaseHandler' driver.
INFO - 2024-11-09 22:46:47 --> Session: Class initialized using 'CodeIgniter\Session\Handlers\DatabaseHandler' driver.
INFO - 2024-11-09 22:46:50 --> Session: Class initialized using 'CodeIgniter\Session\Handlers\DatabaseHandler' driver.
INFO - 2024-11-09 22:46:53 --> Session: Class initialized using 'CodeIgniter\Session\Handlers\DatabaseHandler' driver.
INFO - 2024-11-09 22:47:00 --> Session: Class initialized using 'CodeIgniter\Session\Handlers\DatabaseHandler' driver.
INFO - 2024-11-09 22:47:04 --> Session: Class initialized using 'CodeIgniter\Session\Handlers\DatabaseHandler' driver.
INFO - 2024-11-09 22:47:08 --> Session: Class initialized using 'CodeIgniter\Session\Handlers\DatabaseHandler' driver.
INFO - 2024-11-09 22:47:13 --> Session: Class initialized using 'CodeIgniter\Session\Handlers\DatabaseHandler' driver.
INFO - 2024-11-09 22:47:16 --> Session: Class initialized using 'CodeIgniter\Session\Handlers\DatabaseHandler' driver.
INFO - 2024-11-09 22:47:20 --> Session: Class initialized using 'CodeIgniter\Session\Handlers\DatabaseHandler' driver.
INFO - 2024-11-09 22:47:22 --> Session: Class initialized using 'CodeIgniter\Session\Handlers\DatabaseHandler' driver.
INFO - 2024-11-09 22:47:26 --> Session: Class initialized using 'CodeIgniter\Session\Handlers\DatabaseHandler' driver.
INFO - 2024-11-09 22:47:29 --> Session: Class initialized using 'CodeIgniter\Session\Handlers\DatabaseHandler' driver.
INFO - 2024-11-09 22:47:32 --> Session: Class initialized using 'CodeIgniter\Session\Handlers\DatabaseHandler' driver.
INFO - 2024-11-09 22:47:36 --> Session: Class initialized using 'CodeIgniter\Session\Handlers\DatabaseHandler' driver.
INFO - 2024-11-09 22:47:39 --> Session: Class initialized using 'CodeIgniter\Session\Handlers\DatabaseHandler' driver.
INFO - 2024-11-09 22:47:43 --> Session: Class initialized using 'CodeIgniter\Session\Handlers\DatabaseHandler' driver.
INFO - 2024-11-09 22:47:46 --> Session: Class initialized using 'CodeIgniter\Session\Handlers\DatabaseHandler' driver.
INFO - 2024-11-09 22:47:50 --> Session: Class initialized using 'CodeIgniter\Session\Handlers\DatabaseHandler' driver.
INFO - 2024-11-09 22:47:53 --> Session: Class initialized using 'CodeIgniter\Session\Handlers\DatabaseHandler' driver.
INFO - 2024-11-09 22:47:58 --> Session: Class initialized using 'CodeIgniter\Session\Handlers\DatabaseHandler' driver.
INFO - 2024-11-09 22:48:01 --> Session: Class initialized using 'CodeIgniter\Session\Handlers\DatabaseHandler' driver.
INFO - 2024-11-09 22:48:05 --> Session: Class initialized using 'CodeIgniter\Session\Handlers\DatabaseHandler' driver.
INFO - 2024-11-09 22:48:08 --> Session: Class initialized using 'CodeIgniter\Session\Handlers\DatabaseHandler' driver.
INFO - 2024-11-09 22:48:12 --> Session: Class initialized using 'CodeIgniter\Session\Handlers\DatabaseHandler' driver.
INFO - 2024-11-09 22:48:15 --> Session: Class initialized using 'CodeIgniter\Session\Handlers\DatabaseHandler' driver.
INFO - 2024-11-09 22:48:19 --> Session: Class initialized using 'CodeIgniter\Session\Handlers\DatabaseHandler' driver.
INFO - 2024-11-09 22:48:22 --> Session: Class initialized using 'CodeIgniter\Session\Handlers\DatabaseHandler' driver.
INFO - 2024-11-09 22:48:26 --> Session: Class initialized using 'CodeIgniter\Session\Handlers\DatabaseHandler' driver.
INFO - 2024-11-09 22:48:30 --> Session: Class initialized using 'CodeIgniter\Session\Handlers\DatabaseHandler' driver.
INFO - 2024-11-09 22:48:36 --> Session: Class initialized using 'CodeIgniter\Session\Handlers\DatabaseHandler' driver.
INFO - 2024-11-09 22:48:40 --> Session: Class initialized using 'CodeIgniter\Session\Handlers\DatabaseHandler' driver.
INFO - 2024-11-09 22:48:43 --> Session: Class initialized using 'CodeIgniter\Session\Handlers\DatabaseHandler' driver.
INFO - 2024-11-09 22:48:46 --> Session: Class initialized using 'CodeIgniter\Session\Handlers\DatabaseHandler' driver.
INFO - 2024-11-09 22:48:49 --> Session: Class initialized using 'CodeIgniter\Session\Handlers\DatabaseHandler' driver.
INFO - 2024-11-09 22:48:53 --> Session: Class initialized using 'CodeIgniter\Session\Handlers\DatabaseHandler' driver.
INFO - 2024-11-09 22:48:56 --> Session: Class initialized using 'CodeIgniter\Session\Handlers\DatabaseHandler' driver.
INFO - 2024-11-09 22:49:00 --> Session: Class initialized using 'CodeIgniter\Session\Handlers\DatabaseHandler' driver.
INFO - 2024-11-09 22:49:05 --> Session: Class initialized using 'CodeIgniter\Session\Handlers\DatabaseHandler' driver.
INFO - 2024-11-09 22:49:09 --> Session: Class initialized using 'CodeIgniter\Session\Handlers\DatabaseHandler' driver.
INFO - 2024-11-09 22:49:12 --> Session: Class initialized using 'CodeIgniter\Session\Handlers\DatabaseHandler' driver.
INFO - 2024-11-09 22:49:16 --> Session: Class initialized using 'CodeIgniter\Session\Handlers\DatabaseHandler' driver.
INFO - 2024-11-09 22:49:22 --> Session: Class initialized using 'CodeIgniter\Session\Handlers\DatabaseHandler' driver.
INFO - 2024-11-09 22:49:25 --> Session: Class initialized using 'CodeIgniter\Session\Handlers\DatabaseHandler' driver.
INFO - 2024-11-09 22:49:28 --> Session: Class initialized using 'CodeIgniter\Session\Handlers\DatabaseHandler' driver.
INFO - 2024-11-09 22:49:32 --> Session: Class initialized using 'CodeIgniter\Session\Handlers\DatabaseHandler' driver.
INFO - 2024-11-09 22:49:36 --> Session: Class initialized using 'CodeIgniter\Session\Handlers\DatabaseHandler' driver.
INFO - 2024-11-09 22:49:40 --> Session: Class initialized using 'CodeIgniter\Session\Handlers\DatabaseHandler' driver.
INFO - 2024-11-09 22:49:43 --> Session: Class initialized using 'CodeIgniter\Session\Handlers\DatabaseHandler' driver.
INFO - 2024-11-09 22:49:46 --> Session: Class initialized using 'CodeIgniter\Session\Handlers\DatabaseHandler' driver.
INFO - 2024-11-09 22:49:49 --> Session: Class initialized using 'CodeIgniter\Session\Handlers\DatabaseHandler' driver.
INFO - 2024-11-09 22:49:53 --> Session: Class initialized using 'CodeIgniter\Session\Handlers\DatabaseHandler' driver.
INFO - 2024-11-09 22:49:56 --> Session: Class initialized using 'CodeIgniter\Session\Handlers\DatabaseHandler' driver.
INFO - 2024-11-09 22:49:59 --> Session: Class initialized using 'CodeIgniter\Session\Handlers\DatabaseHandler' driver.
INFO - 2024-11-09 22:50:03 --> Session: Class initialized using 'CodeIgniter\Session\Handlers\DatabaseHandler' driver.
INFO - 2024-11-09 22:50:06 --> Session: Class initialized using 'CodeIgniter\Session\Handlers\DatabaseHandler' driver.
INFO - 2024-11-09 22:50:09 --> Session: Class initialized using 'CodeIgniter\Session\Handlers\DatabaseHandler' driver.
INFO - 2024-11-09 22:50:13 --> Session: Class initialized using 'CodeIgniter\Session\Handlers\DatabaseHandler' driver.
INFO - 2024-11-09 22:50:16 --> Session: Class initialized using 'CodeIgniter\Session\Handlers\DatabaseHandler' driver.
INFO - 2024-11-09 22:50:20 --> Session: Class initialized using 'CodeIgniter\Session\Handlers\DatabaseHandler' driver.
INFO - 2024-11-09 22:50:23 --> Session: Class initialized using 'CodeIgniter\Session\Handlers\DatabaseHandler' driver.
INFO - 2024-11-09 22:50:26 --> Session: Class initialized using 'CodeIgniter\Session\Handlers\DatabaseHandler' driver.
INFO - 2024-11-09 22:50:30 --> Session: Class initialized using 'CodeIgniter\Session\Handlers\DatabaseHandler' driver.
INFO - 2024-11-09 22:50:34 --> Session: Class initialized using 'CodeIgniter\Session\Handlers\DatabaseHandler' driver.
INFO - 2024-11-09 22:50:38 --> Session: Class initialized using 'CodeIgniter\Session\Handlers\DatabaseHandler' driver.
INFO - 2024-11-09 22:50:41 --> Session: Class initialized using 'CodeIgniter\Session\Handlers\DatabaseHandler' driver.
INFO - 2024-11-09 22:53:39 --> Session: Class initialized using 'CodeIgniter\Session\Handlers\DatabaseHandler' driver.
INFO - 2024-11-09 22:55:33 --> Session: Class initialized using 'CodeIgniter\Session\Handlers\DatabaseHandler' driver.
INFO - 2024-11-09 22:55:47 --> Session: Class initialized using 'CodeIgniter\Session\Handlers\DatabaseHandler' driver.
INFO - 2024-11-09 23:07:57 --> Session: Class initialized using 'CodeIgniter\Session\Handlers\DatabaseHandler' driver.
INFO - 2024-11-09 23:17:41 --> Session: Class initialized using 'CodeIgniter\Session\Handlers\DatabaseHandler' driver.
INFO - 2024-11-09 23:20:27 --> Session: Class initialized using 'CodeIgniter\Session\Handlers\DatabaseHandler' driver.
INFO - 2024-11-09 23:26:30 --> Session: Class initialized using 'CodeIgniter\Session\Handlers\DatabaseHandler' driver.
INFO - 2024-11-09 23:29:53 --> Session: Class initialized using 'CodeIgniter\Session\Handlers\DatabaseHandler' driver.
INFO - 2024-11-09 23:30:00 --> Session: Class initialized using 'CodeIgniter\Session\Handlers\DatabaseHandler' driver.
INFO - 2024-11-09 23:30:34 --> Session: Class initialized using 'CodeIgniter\Session\Handlers\DatabaseHandler' driver.
INFO - 2024-11-09 23:30:53 --> Session: Class initialized using 'CodeIgniter\Session\Handlers\DatabaseHandler' driver.
INFO - 2024-11-09 23:31:18 --> Session: Class initialized using 'CodeIgniter\Session\Handlers\DatabaseHandler' driver.
INFO - 2024-11-09 23:32:00 --> Session: Class initialized using 'CodeIgniter\Session\Handlers\DatabaseHandler' driver.
INFO - 2024-11-09 23:32:44 --> Session: Class initialized using 'CodeIgniter\Session\Handlers\DatabaseHandler' driver.
INFO - 2024-11-09 23:33:23 --> Session: Class initialized using 'CodeIgniter\Session\Handlers\DatabaseHandler' driver.
INFO - 2024-11-09 23:34:08 --> Session: Class initialized using 'CodeIgniter\Session\Handlers\DatabaseHandler' driver.
INFO - 2024-11-09 23:34:37 --> Session: Class initialized using 'CodeIgniter\Session\Handlers\DatabaseHandler' driver.
INFO - 2024-11-09 23:35:16 --> Session: Class initialized using 'CodeIgniter\Session\Handlers\DatabaseHandler' driver.
INFO - 2024-11-09 23:37:00 --> Session: Class initialized using 'CodeIgniter\Session\Handlers\DatabaseHandler' driver.
INFO - 2024-11-09 23:37:18 --> Session: Class initialized using 'CodeIgniter\Session\Handlers\DatabaseHandler' driver.
INFO - 2024-11-09 23:38:02 --> Session: Class initialized using 'CodeIgniter\Session\Handlers\DatabaseHandler' driver.
INFO - 2024-11-09 23:50:29 --> Session: Class initialized using 'CodeIgniter\Session\Handlers\DatabaseHandler' driver.
INFO - 2024-11-09 23:54:49 --> Session: Class initialized using 'CodeIgniter\Session\Handlers\DatabaseHandler' driver.
